run,seed,random_seed,K,evaluation_mode,reference_trajectory_source,n_paths,traj_cells,rf_mse,rf_r2,start_cell,preprocessing_runtime_seconds,inference_runtime_seconds,pipeline_runtime_seconds,trajectory_metrics_runtime_seconds,pipeline_peak_rss_mb,pipeline_memory_increase_mb,path_1,path_2,path_3,branch_1_paths,branch_1_Pearson,branch_1_Spearman,branch_1_Kendall,branch_2_paths,branch_2_Pearson,branch_2_Spearman,branch_2_Kendall,branch_3_paths,branch_3_Pearson,branch_3_Spearman,branch_3_Kendall,global_Pearson,global_Spearman,global_Kendall,RF_Pearson,RF_Spearman,RF_Kendall,reference_trajectory_note,cor_dist,F1_branches,HIM_similarity,wcor_features,trajectory_overall_geometric_mean,reference_pseudotime_Pearson,reference_pseudotime_Spearman,reference_pseudotime_Kendall,official_dyneval_status,official_dyneval_error,metric_implementation,metric_reference,metric_version,r_version,dyneval_version,dynwrap_version,dynfeature_version,netdist_version,dyneval_commit,dynwrap_commit,dynfeature_commit,netdist_commit,global_pseudotime_min,global_pseudotime_max,rf_pseudotime_min,rf_pseudotime_max,preprocessing_shared_across_repeated_runs,preprocessing_applied,preprocessing_completed_before_inference,preprocessing_profile,preprocessing_step_count,preprocessing_steps_executed,preprocessing_seed,preprocessing_input_shape,preprocessing_output_shape,preprocessing_audit_json
1,42,42,26,gold_reference_simulation,stored_simulation_generating_trajectory,3,103,0.002424376758745,0.9660906932737152,58,28.34298189997208,69.92250360001344,98.26548549998552,42.22034759999951,1083.824219,693.9375,"[2252,2886,2204,2612,58,1419,368,2869,2437,2050,523,2821,155,2770,840,526,619,974,1822,2873,2025,989,1276,2703,2549,892,1410,2148,940,2157,2291,2903,466,2601,1526,1180,2510,672,2654,786,1904,2444,1787,2878,500,2357,1651,1784]","[2252,2886,2204,2612,58,1419,368,2869,1183,571,2766,1317,145,1335,864,292,802,272,1902,2505,241,75,2414,2685,2788,2922,996,2716,961,658,2816,2324,378,2725,1877,1311,2106,2883,1592,2013,28,2778,2512,23,2826]","[2252,2886,2204,2612,58,1419,368,2869,2437,2050,523,2821,155,2770,840,526,619,974,1822,2873,2025,989,2926,134,1418,2085,2938,449,917,2341,1854,2587,219,1960,2930,404,2069,1324,2322,2820]","[2252,2886,2204,2612,58,1419,368,2869,2437,2050,523,2821,155,2770,840,526,619,974,1822,2873,2025,989,1276,2703,2549,892,1410,2148,940,2157,2291,2903,466,2601,1526,1180,2510,672,2654,786,1904,2444,1787,2878,500,2357,1651,1784]",0.977126529416928,0.9936616253466212,0.953890519296012,"[2252,2886,2204,2612,58,1419,368,2869,1183,571,2766,1317,145,1335,864,292,802,272,1902,2505,241,75,2414,2685,2788,2922,996,2716,961,658,2816,2324,378,2725,1877,1311,2106,2883,1592,2013,28,2778,2512,23,2826]",0.990455219839738,0.994258648007286,0.9579133155612598,"[2252,2886,2204,2612,58,1419,368,2869,2437,2050,523,2821,155,2770,840,526,619,974,1822,2873,2025,989,2926,134,1418,2085,2938,449,917,2341,1854,2587,219,1960,2930,404,2069,1324,2322,2820]",0.988160850516375,0.9920124598275512,0.9492020940688106,0.9624010475671496,0.9573253267480468,0.8576929101820319,0.9530411761631672,0.942252861536587,0.824816344877675,Simulation scores compare against the stored generating trajectory.,0.9754292819101592,0.6833979241125775,0.949142764143742,0.9897039937187913,0.8895627259212222,0.9530411761631672,0.942252861536587,0.824816344877675,success,,official R dyneval on exported dynwrap trajectories,"Saelens et al., Nature Biotechnology (2019), doi:10.1038/s41587-019-0071-9",v2.0,4.6.1,0.9.9,1.3.0,1.0.1,1.1.0,daeb26af7d40c21b32283af31beb17a8ee8c3c6f,319bcfe3a0e38af45f368d2a53146165416d1a8a,b6fa729b1bc531e179aec3f3d7aa14cd8ef2015e,63fb255c894df1ba6d72b50bd0fb02d78bcee2af,0,1,0,0.9364005444941544,TRUE,TRUE,TRUE,simulation_3_pca50_neighbors30_umap3,4,log1p_if_max_gt|pca|neighbors|umap,42,3000x1000,3000x1000,"{""completed_before_inference"": true, ""input_shape"": [3000, 1000], ""input_x_max"": 9.404547122747095, ""input_x_min"": 0.0, ""model_coordinate_key_ready"": true, ""output_shape"": [3000, 1000], ""plot_coordinate_key_ready"": true, ""profile"": ""simulation_3_pca50_neighbors30_umap3"", ""random_seed"": 42, ""steps"": [{""operation"": ""log1p_if_max_gt"", ""parameters"": {""threshold"": 100}, ""status"": ""skipped_already_below_threshold""}, {""operation"": ""pca"", ""parameters"": {""n_comps"": 50, ""random_state"": 0, ""svd_solver"": ""arpack"", ""use_highly_variable"": false, ""zero_center"": true}, ""status"": ""applied""}, {""operation"": ""neighbors"", ""parameters"": {""method"": ""umap"", ""metric"": ""euclidean"", ""n_neighbors"": 30, ""n_pcs"": 30, ""random_state"": 0}, ""status"": ""applied""}, {""operation"": ""umap"", ""parameters"": {""a"": 0.5830300204883174, ""b"": 1.3341669924555197, ""n_components"": 3, ""preserve_existing"": false, ""random_state"": 0}, ""status"": ""applied""}]}"
2,43,43,26,gold_reference_simulation,stored_simulation_generating_trajectory,3,139,0.0017665357341072,0.9773310858653428,357,16.615384400007315,70.73407520004548,87.3494596000528,42.9280759000103,1099.902344,315.5429688,"[2252,357,1811,2513,1048,935,368,2869,2594,2050,1050,442,1942,743,216,1895,821,899,1943,640,1472,2547,1027,2534,2977,2780,855,201,1040,1164,2006,92,2582,2601,1526,2036,963,181,2514,1002,656,1374,2,793,786,1904,2444,2947,1282,2020,2603,1787,822,1774,1239,503,2864,372,897,1784]","[2252,357,1811,2513,1048,935,368,2869,101,2359,1782,1910,1044,1054,2671,2911,748,1902,30,2618,75,2236,710,1769,1613,2734,1355,1147,2560,269,703,839,1325,2521,871,631,1471,238,1805,1019,2816,1989,552,2711,2310,2169,2522,2863,42,694,797,608,2883,1189,1395,2686,28,659,99,2512,760,2826]","[2252,357,1811,2513,1048,935,368,2869,2594,2050,1050,442,1942,743,216,1895,821,899,1943,1661,2650,2626,1269,2371,1267,2366,1598,2283,2804,1151,472,2135,2373,1615,391,1192,168,809,2072,2361,2387,60,2358,2820]","[2252,357,1811,2513,1048,935,368,2869,2594,2050,1050,442,1942,743,216,1895,821,899,1943,640,1472,2547,1027,2534,2977,2780,855,201,1040,1164,2006,92,2582,2601,1526,2036,963,181,2514,1002,656,1374,2,793,786,1904,2444,2947,1282,2020,2603,1787,822,1774,1239,503,2864,372,897,1784]",0.9602454123698092,0.9918658616077036,0.9466136255665392,"[2252,357,1811,2513,1048,935,368,2869,101,2359,1782,1910,1044,1054,2671,2911,748,1902,30,2618,75,2236,710,1769,1613,2734,1355,1147,2560,269,703,839,1325,2521,871,631,1471,238,1805,1019,2816,1989,552,2711,2310,2169,2522,2863,42,694,797,608,2883,1189,1395,2686,28,659,99,2512,760,2826]",0.973878092104656,0.9921549252428812,0.9510150591197092,"[2252,357,1811,2513,1048,935,368,2869,2594,2050,1050,442,1942,743,216,1895,821,899,1943,1661,2650,2626,1269,2371,1267,2366,1598,2283,2804,1151,472,2135,2373,1615,391,1192,168,809,2072,2361,2387,60,2358,2820]",0.9771320299045728,0.9787437823787676,0.9116597469995162,0.9458395057414284,0.943065377476317,0.8277895307600596,0.9612344512404444,0.9665538454265236,0.8661763986556495,Simulation scores compare against the stored generating trajectory.,0.933654404733372,0.6527506042825105,0.8838770375894213,0.9533319411309646,0.8465300069360303,0.9612344512404444,0.9665538454265236,0.8661763986556495,success,,official R dyneval on exported dynwrap trajectories,"Saelens et al., Nature Biotechnology (2019), doi:10.1038/s41587-019-0071-9",v2.0,4.6.1,0.9.9,1.3.0,1.0.1,1.1.0,daeb26af7d40c21b32283af31beb17a8ee8c3c6f,319bcfe3a0e38af45f368d2a53146165416d1a8a,b6fa729b1bc531e179aec3f3d7aa14cd8ef2015e,63fb255c894df1ba6d72b50bd0fb02d78bcee2af,0,1,0,0.9481873548599264,TRUE,TRUE,TRUE,simulation_3_pca50_neighbors30_umap3,4,log1p_if_max_gt|pca|neighbors|umap,43,3000x1000,3000x1000,"{""completed_before_inference"": true, ""input_shape"": [3000, 1000], ""input_x_max"": 9.404547122747095, ""input_x_min"": 0.0, ""model_coordinate_key_ready"": true, ""output_shape"": [3000, 1000], ""plot_coordinate_key_ready"": true, ""profile"": ""simulation_3_pca50_neighbors30_umap3"", ""random_seed"": 43, ""steps"": [{""operation"": ""log1p_if_max_gt"", ""parameters"": {""threshold"": 100}, ""status"": ""skipped_already_below_threshold""}, {""operation"": ""pca"", ""parameters"": {""n_comps"": 50, ""random_state"": 0, ""svd_solver"": ""arpack"", ""use_highly_variable"": false, ""zero_center"": true}, ""status"": ""applied""}, {""operation"": ""neighbors"", ""parameters"": {""method"": ""umap"", ""metric"": ""euclidean"", ""n_neighbors"": 30, ""n_pcs"": 30, ""random_state"": 0}, ""status"": ""applied""}, {""operation"": ""umap"", ""parameters"": {""a"": 0.5830300204883174, ""b"": 1.3341669924555197, ""n_components"": 3, ""preserve_existing"": false, ""random_state"": 0}, ""status"": ""applied""}]}"
3,44,44,26,gold_reference_simulation,stored_simulation_generating_trajectory,3,129,0.0015525211426074,0.9790609021800688,101,18.149020200013183,92.1709365999559,110.31995679996908,50.65531970001757,1060.5625,267.0429688,"[2252,258,133,2513,1031,2902,368,2869,101,1712,904,1808,743,2880,2422,2631,1806,2474,2183,1198,418,622,1340,86,1118,1513,1320,2153,403,1364,91,2510,1163,833,217,109,884,1528,1904,539,2151,1257,1363,1941,64,2705,1784]","[2252,258,133,2513,1031,2902,368,2869,101,853,145,2923,641,802,2428,2628,31,2700,1953,2618,2321,2733,2289,2865,2414,200,928,638,1447,978,2016,123,385,506,2680,2521,1325,2837,829,1055,142,2577,2711,1187,950,1682,1641,2049,2910,1704,65,1804,2565,824,922,281,1890,1390,2441,2637,2078,2557,1120,2828,2647,957,2778,2512,1015,23,2826]","[2252,258,133,2513,1031,2902,368,2869,101,1712,904,1808,743,2880,2422,2631,1806,1240,2694,2666,376,182,1078,2506,1143,2373,2595,813,2447,1242,722,464,1954,161,289,2965,2820]","[2252,258,133,2513,1031,2902,368,2869,101,1712,904,1808,743,2880,2422,2631,1806,2474,2183,1198,418,622,1340,86,1118,1513,1320,2153,403,1364,91,2510,1163,833,217,109,884,1528,1904,539,2151,1257,1363,1941,64,2705,1784]",0.9858517402792756,0.9951039061894564,0.9623535787590254,"[2252,258,133,2513,1031,2902,368,2869,101,853,145,2923,641,802,2428,2628,31,2700,1953,2618,2321,2733,2289,2865,2414,200,928,638,1447,978,2016,123,385,506,2680,2521,1325,2837,829,1055,142,2577,2711,1187,950,1682,1641,2049,2910,1704,65,1804,2565,824,922,281,1890,1390,2441,2637,2078,2557,1120,2828,2647,957,2778,2512,1015,23,2826]",0.9789103530291932,0.9976246984266648,0.9724702841572735,"[2252,258,133,2513,1031,2902,368,2869,101,1712,904,1808,743,2880,2422,2631,1806,1240,2694,2666,376,182,1078,2506,1143,2373,2595,813,2447,1242,722,464,1954,161,289,2965,2820]",0.983904434346911,0.985032805483574,0.924335788645716,0.9678206814466956,0.97729070604555,0.8980344770316027,0.9702341443719708,0.9745795375677928,0.8821875754387709,Simulation scores compare against the stored generating trajectory.,0.9204572560532386,0.6511782086889042,0.921964383042706,0.9663833556367576,0.8548536441725221,0.9702341443719708,0.9745795375677928,0.8821875754387709,success,,official R dyneval on exported dynwrap trajectories,"Saelens et al., Nature Biotechnology (2019), doi:10.1038/s41587-019-0071-9",v2.0,4.6.1,0.9.9,1.3.0,1.0.1,1.1.0,daeb26af7d40c21b32283af31beb17a8ee8c3c6f,319bcfe3a0e38af45f368d2a53146165416d1a8a,b6fa729b1bc531e179aec3f3d7aa14cd8ef2015e,63fb255c894df1ba6d72b50bd0fb02d78bcee2af,0,1,0,0.954801983170093,TRUE,TRUE,TRUE,simulation_3_pca50_neighbors30_umap3,4,log1p_if_max_gt|pca|neighbors|umap,44,3000x1000,3000x1000,"{""completed_before_inference"": true, ""input_shape"": [3000, 1000], ""input_x_max"": 9.404547122747095, ""input_x_min"": 0.0, ""model_coordinate_key_ready"": true, ""output_shape"": [3000, 1000], ""plot_coordinate_key_ready"": true, ""profile"": ""simulation_3_pca50_neighbors30_umap3"", ""random_seed"": 44, ""steps"": [{""operation"": ""log1p_if_max_gt"", ""parameters"": {""threshold"": 100}, ""status"": ""skipped_already_below_threshold""}, {""operation"": ""pca"", ""parameters"": {""n_comps"": 50, ""random_state"": 0, ""svd_solver"": ""arpack"", ""use_highly_variable"": false, ""zero_center"": true}, ""status"": ""applied""}, {""operation"": ""neighbors"", ""parameters"": {""method"": ""umap"", ""metric"": ""euclidean"", ""n_neighbors"": 30, ""n_pcs"": 30, ""random_state"": 0}, ""status"": ""applied""}, {""operation"": ""umap"", ""parameters"": {""a"": 0.5830300204883174, ""b"": 1.3341669924555197, ""n_components"": 3, ""preserve_existing"": false, ""random_state"": 0}, ""status"": ""applied""}]}"
4,45,45,26,gold_reference_simulation,stored_simulation_generating_trajectory,3,141,0.002794226117297,0.9591084875542812,368,19.248023299966007,86.62550879997434,105.87353209994036,47.81135139998514,1096.742188,285.2421875,"[2252,1435,2624,1832,2602,935,368,2869,362,735,904,1808,2770,2657,1360,1084,1063,1205,2255,2253,398,1036,1943,2121,1025,949,2434,2698,1785,393,2669,2175,1227,1441,2380,1364,91,613,1362,2654,786,1528,2789,2722,298,1678,2391,918,2143,1941,47,897,1784]","[2252,1435,2624,1832,2602,935,368,2869,208,646,1866,2766,587,2586,519,1335,802,632,903,1550,1977,331,16,2328,2206,657,2648,2133,1773,1517,1228,1873,782,433,2846,75,2289,2031,804,2016,2311,128,2345,1286,1484,1091,838,2446,1055,270,1075,378,921,2740,2968,1338,797,908,1918,2565,795,2883,167,766,478,2686,2828,659,1343,392,2814,2077,2826]","[2252,1435,2624,1832,2602,935,368,2869,362,735,904,1808,2770,2657,1360,1084,1063,1205,2255,2253,398,6,1479,2046,2025,2944,2056,2926,1626,2409,1046,2739,1956,391,1192,168,1125,2756,561,536,1541,178,199,2820]","[2252,1435,2624,1832,2602,935,368,2869,362,735,904,1808,2770,2657,1360,1084,1063,1205,2255,2253,398,1036,1943,2121,1025,949,2434,2698,1785,393,2669,2175,1227,1441,2380,1364,91,613,1362,2654,786,1528,2789,2722,298,1678,2391,918,2143,1941,47,897,1784]",0.9865038949601578,0.99628560192966,0.9657581862267648,"[2252,1435,2624,1832,2602,935,368,2869,208,646,1866,2766,587,2586,519,1335,802,632,903,1550,1977,331,16,2328,2206,657,2648,2133,1773,1517,1228,1873,782,433,2846,75,2289,2031,804,2016,2311,128,2345,1286,1484,1091,838,2446,1055,270,1075,378,921,2740,2968,1338,797,908,1918,2565,795,2883,167,766,478,2686,2828,659,1343,392,2814,2077,2826]",0.9852538570013536,0.997188656855237,0.9694932533257236,"[2252,1435,2624,1832,2602,935,368,2869,362,735,904,1808,2770,2657,1360,1084,1063,1205,2255,2253,398,6,1479,2046,2025,2944,2056,2926,1626,2409,1046,2739,1956,391,1192,168,1125,2756,561,536,1541,178,199,2820]",0.9824053431567072,0.9930090405149674,0.9532053364663404,0.9684222622552046,0.9739578577207691,0.890449998610562,0.9674110441226638,0.960987542494658,0.8560332819825729,Simulation scores compare against the stored generating trajectory.,0.9502443061765984,0.6163775009130774,0.9019139663413204,0.970532342499422,0.8461829972524482,0.9674110441226638,0.960987542494658,0.8560332819825729,success,,official R dyneval on exported dynwrap trajectories,"Saelens et al., Nature Biotechnology (2019), doi:10.1038/s41587-019-0071-9",v2.0,4.6.1,0.9.9,1.3.0,1.0.1,1.1.0,daeb26af7d40c21b32283af31beb17a8ee8c3c6f,319bcfe3a0e38af45f368d2a53146165416d1a8a,b6fa729b1bc531e179aec3f3d7aa14cd8ef2015e,63fb255c894df1ba6d72b50bd0fb02d78bcee2af,0,1,0,0.9576702823746538,TRUE,TRUE,TRUE,simulation_3_pca50_neighbors30_umap3,4,log1p_if_max_gt|pca|neighbors|umap,45,3000x1000,3000x1000,"{""completed_before_inference"": true, ""input_shape"": [3000, 1000], ""input_x_max"": 9.404547122747095, ""input_x_min"": 0.0, ""model_coordinate_key_ready"": true, ""output_shape"": [3000, 1000], ""plot_coordinate_key_ready"": true, ""profile"": ""simulation_3_pca50_neighbors30_umap3"", ""random_seed"": 45, ""steps"": [{""operation"": ""log1p_if_max_gt"", ""parameters"": {""threshold"": 100}, ""status"": ""skipped_already_below_threshold""}, {""operation"": ""pca"", ""parameters"": {""n_comps"": 50, ""random_state"": 0, ""svd_solver"": ""arpack"", ""use_highly_variable"": false, ""zero_center"": true}, ""status"": ""applied""}, {""operation"": ""neighbors"", ""parameters"": {""method"": ""umap"", ""metric"": ""euclidean"", ""n_neighbors"": 30, ""n_pcs"": 30, ""random_state"": 0}, ""status"": ""applied""}, {""operation"": ""umap"", ""parameters"": {""a"": 0.5830300204883174, ""b"": 1.3341669924555197, ""n_components"": 3, ""preserve_existing"": false, ""random_state"": 0}, ""status"": ""applied""}]}"
5,46,46,26,gold_reference_simulation,stored_simulation_generating_trajectory,3,128,0.0064302182096177,0.9238266285704446,352,19.49146740004653,73.70813079999061,93.19959820003714,44.67491420003353,1021.84375,225.8085938,"[2252,2886,875,1893,2602,352,368,2869,362,2287,2200,283,976,2353,2657,2591,520,1251,1981,508,1479,2251,2694,2666,1354,1223,846,636,1969,2918,828,940,205,2277,2380,2199,1208,91,1573,2320,861,1302,294,2,1967,793,222,2882,774,66,443,2954,2878,2462,1257,206,2357,1404,1784]","[2252,2886,875,1893,2602,352,368,2869,1694,1881,587,1401,2586,2809,2671,864,41,689,1080,2053,1131,1563,1211,710,2572,1613,1071,664,1605,1722,1595,2367,806,2613,2711,1617,373,141,1311,2565,2106,2832,167,2013,2686,2122,473,1343,538,2814,2826]","[2252,2886,875,1893,2602,352,368,2869,362,2287,2200,283,976,2353,2657,2591,520,1251,1981,508,1479,2251,2694,2666,1354,1452,114,2329,108,1381,1915,472,2946,2409,1046,370,1958,1412,2390,647,1133,1168,2962,351,404,1995,2651,614,289,2965,2820]","[2252,2886,875,1893,2602,352,368,2869,362,2287,2200,283,976,2353,2657,2591,520,1251,1981,508,1479,2251,2694,2666,1354,1223,846,636,1969,2918,828,940,205,2277,2380,2199,1208,91,1573,2320,861,1302,294,2,1967,793,222,2882,774,66,443,2954,2878,2462,1257,206,2357,1404,1784]",0.9757957857951624,0.996151108440738,0.9640820714953764,"[2252,2886,875,1893,2602,352,368,2869,1694,1881,587,1401,2586,2809,2671,864,41,689,1080,2053,1131,1563,1211,710,2572,1613,1071,664,1605,1722,1595,2367,806,2613,2711,1617,373,141,1311,2565,2106,2832,167,2013,2686,2122,473,1343,538,2814,2826]",0.990087148912322,0.99610299345839,0.9669881076085228,"[2252,2886,875,1893,2602,352,368,2869,362,2287,2200,283,976,2353,2657,2591,520,1251,1981,508,1479,2251,2694,2666,1354,1452,114,2329,108,1381,1915,472,2946,2409,1046,370,1958,1412,2390,647,1133,1168,2962,351,404,1995,2651,614,289,2965,2820]",0.977963990023179,0.9855916198706148,0.9239492411127294,0.9660280372386708,0.9677143310650916,0.8699884371246611,0.961022282280886,0.9614232128508916,0.8592868012146712,Simulation scores compare against the stored generating trajectory.,0.9797214608149676,0.6684094814129546,0.94063647080978,0.9916748063241476,0.8840647595697733,0.961022282280886,0.9614232128508916,0.8592868012146712,success,,official R dyneval on exported dynwrap trajectories,"Saelens et al., Nature Biotechnology (2019), doi:10.1038/s41587-019-0071-9",v2.0,4.6.1,0.9.9,1.3.0,1.0.1,1.1.0,daeb26af7d40c21b32283af31beb17a8ee8c3c6f,319bcfe3a0e38af45f368d2a53146165416d1a8a,b6fa729b1bc531e179aec3f3d7aa14cd8ef2015e,63fb255c894df1ba6d72b50bd0fb02d78bcee2af,0,1,0,0.9582807919295532,TRUE,TRUE,TRUE,simulation_3_pca50_neighbors30_umap3,4,log1p_if_max_gt|pca|neighbors|umap,46,3000x1000,3000x1000,"{""completed_before_inference"": true, ""input_shape"": [3000, 1000], ""input_x_max"": 9.404547122747095, ""input_x_min"": 0.0, ""model_coordinate_key_ready"": true, ""output_shape"": [3000, 1000], ""plot_coordinate_key_ready"": true, ""profile"": ""simulation_3_pca50_neighbors30_umap3"", ""random_seed"": 46, ""steps"": [{""operation"": ""log1p_if_max_gt"", ""parameters"": {""threshold"": 100}, ""status"": ""skipped_already_below_threshold""}, {""operation"": ""pca"", ""parameters"": {""n_comps"": 50, ""random_state"": 0, ""svd_solver"": ""arpack"", ""use_highly_variable"": false, ""zero_center"": true}, ""status"": ""applied""}, {""operation"": ""neighbors"", ""parameters"": {""method"": ""umap"", ""metric"": ""euclidean"", ""n_neighbors"": 30, ""n_pcs"": 30, ""random_state"": 0}, ""status"": ""applied""}, {""operation"": ""umap"", ""parameters"": {""a"": 0.5830300204883174, ""b"": 1.3341669924555197, ""n_components"": 3, ""preserve_existing"": false, ""random_state"": 0}, ""status"": ""applied""}]}"
6,47,47,26,gold_reference_simulation,stored_simulation_generating_trajectory,3,139,0.0020945343383781,0.9702325419463028,9,16.998533899954055,77.17652400000952,94.17505789996358,43.47070429997984,1110.007813,313.7265625,"[2252,2744,2571,1973,2448,355,9,368,2869,2437,2102,523,138,2346,2880,1252,1036,1943,2694,1025,2547,2626,1269,1065,709,451,2429,428,1513,1719,1410,1350,78,1208,91,2320,803,2047,2149,313,2279,2150,1678,1258,1257,549,434,262,1784]","[2252,2744,2571,1973,2448,355,9,368,2869,2594,2287,2678,1353,2809,988,1886,2479,864,2239,2470,653,2618,2100,2685,2779,1413,301,1372,1769,1613,1259,2984,790,1049,454,2769,838,1091,2449,2716,2023,2561,1805,1483,2754,2740,2968,1804,1723,2565,1692,2202,2621,1580,2211,175,498,982,100,2579,2686,2022,659,28,1202,2126,1064,2007,2426,2826]","[2252,2744,2571,1973,2448,355,9,368,2869,2437,2102,523,138,2346,2880,1252,1036,1943,2025,2944,775,1354,2562,617,1266,1785,1378,1610,2506,1626,1418,1559,1407,1396,2193,2785,2045,2460,2607,2226,219,2417,854,2693,750,1171,2820]","[2252,2744,2571,1973,2448,355,9,368,2869,2437,2102,523,138,2346,2880,1252,1036,1943,2694,1025,2547,2626,1269,1065,709,451,2429,428,1513,1719,1410,1350,78,1208,91,2320,803,2047,2149,313,2279,2150,1678,1258,1257,549,434,262,1784]",0.9845555394073838,0.993176558928214,0.9563220146922792,"[2252,2744,2571,1973,2448,355,9,368,2869,2594,2287,2678,1353,2809,988,1886,2479,864,2239,2470,653,2618,2100,2685,2779,1413,301,1372,1769,1613,1259,2984,790,1049,454,2769,838,1091,2449,2716,2023,2561,1805,1483,2754,2740,2968,1804,1723,2565,1692,2202,2621,1580,2211,175,498,982,100,2579,2686,2022,659,28,1202,2126,1064,2007,2426,2826]",0.981773888889795,0.9934343681995288,0.9540162021465544,"[2252,2744,2571,1973,2448,355,9,368,2869,2437,2102,523,138,2346,2880,1252,1036,1943,2025,2944,775,1354,2562,617,1266,1785,1378,1610,2506,1626,1418,1559,1407,1396,2193,2785,2045,2460,2607,2226,219,2417,854,2693,750,1171,2820]",0.97961317161625,0.9884484259708408,0.939846539247734,0.970911419900186,0.9769453138938212,0.8958905613660907,0.967155924738756,0.9734405487282708,0.8823328332372403,Simulation scores compare against the stored generating trajectory.,0.9313221040394838,0.6276908804609549,0.8987188511214305,0.9711512067939378,0.8451603392779938,0.967155924738756,0.9734405487282708,0.8823328332372403,success,,official R dyneval on exported dynwrap trajectories,"Saelens et al., Nature Biotechnology (2019), doi:10.1038/s41587-019-0071-9",v2.0,4.6.1,0.9.9,1.3.0,1.0.1,1.1.0,daeb26af7d40c21b32283af31beb17a8ee8c3c6f,319bcfe3a0e38af45f368d2a53146165416d1a8a,b6fa729b1bc531e179aec3f3d7aa14cd8ef2015e,63fb255c894df1ba6d72b50bd0fb02d78bcee2af,0,1,0,0.967210104879997,TRUE,TRUE,TRUE,simulation_3_pca50_neighbors30_umap3,4,log1p_if_max_gt|pca|neighbors|umap,47,3000x1000,3000x1000,"{""completed_before_inference"": true, ""input_shape"": [3000, 1000], ""input_x_max"": 9.404547122747095, ""input_x_min"": 0.0, ""model_coordinate_key_ready"": true, ""output_shape"": [3000, 1000], ""plot_coordinate_key_ready"": true, ""profile"": ""simulation_3_pca50_neighbors30_umap3"", ""random_seed"": 47, ""steps"": [{""operation"": ""log1p_if_max_gt"", ""parameters"": {""threshold"": 100}, ""status"": ""skipped_already_below_threshold""}, {""operation"": ""pca"", ""parameters"": {""n_comps"": 50, ""random_state"": 0, ""svd_solver"": ""arpack"", ""use_highly_variable"": false, ""zero_center"": true}, ""status"": ""applied""}, {""operation"": ""neighbors"", ""parameters"": {""method"": ""umap"", ""metric"": ""euclidean"", ""n_neighbors"": 30, ""n_pcs"": 30, ""random_state"": 0}, ""status"": ""applied""}, {""operation"": ""umap"", ""parameters"": {""a"": 0.5830300204883174, ""b"": 1.3341669924555197, ""n_components"": 3, ""preserve_existing"": false, ""random_state"": 0}, ""status"": ""applied""}]}"
7,48,48,26,gold_reference_simulation,stored_simulation_generating_trajectory,3,135,0.0025299836435635,0.9682608641173333,368,17.319922199996654,84.8769688999746,102.19689109997124,42.81489649997093,1108.902344,313.5195313,"[2252,1367,1811,2082,389,535,368,2869,2087,2050,2015,2228,1609,2770,2469,1690,63,2517,1565,1806,2948,2694,2666,2189,624,2145,2822,349,39,754,2928,171,533,2203,304,91,2320,1163,274,1002,43,222,1150,2151,2603,1258,2248,2954,575,2959,852,54,2348,1784]","[2252,1367,1811,2082,389,535,368,2869,1694,1761,1236,2766,1401,170,1044,145,1886,1335,117,41,2648,689,2321,2589,1517,1131,2156,301,1556,1759,1613,1908,1605,470,2884,1028,765,1939,1092,1727,2782,447,2531,2711,268,94,2842,2179,2002,1667,1600,141,2565,2768,2106,1554,766,532,478,1639,1705,1149,275,1399,473,2941,448,939,867,459,2826]","[2252,1367,1811,2082,389,535,368,2869,2087,2050,2015,2228,1609,2770,2469,1690,63,2517,1565,1806,2948,2694,2666,1383,1249,1291,1650,1143,1611,2413,744,439,487,644,2074,2376,1952,1139,1575,2747,2820]","[2252,1367,1811,2082,389,535,368,2869,2087,2050,2015,2228,1609,2770,2469,1690,63,2517,1565,1806,2948,2694,2666,2189,624,2145,2822,349,39,754,2928,171,533,2203,304,91,2320,1163,274,1002,43,222,1150,2151,2603,1258,2248,2954,575,2959,852,54,2348,1784]",0.9805899902389406,0.9926863706612896,0.958428306495878,"[2252,1367,1811,2082,389,535,368,2869,1694,1761,1236,2766,1401,170,1044,145,1886,1335,117,41,2648,689,2321,2589,1517,1131,2156,301,1556,1759,1613,1908,1605,470,2884,1028,765,1939,1092,1727,2782,447,2531,2711,268,94,2842,2179,2002,1667,1600,141,2565,2768,2106,1554,766,532,478,1639,1705,1149,275,1399,473,2941,448,939,867,459,2826]",0.9848858241975496,0.997809625941733,0.9741240616498046,"[2252,1367,1811,2082,389,535,368,2869,2087,2050,2015,2228,1609,2770,2469,1690,63,2517,1565,1806,2948,2694,2666,1383,1249,1291,1650,1143,1611,2413,744,439,487,644,2074,2376,1952,1139,1575,2747,2820]",0.9820878411867912,0.9899584447027888,0.9459396644536764,0.9793261311184018,0.9856007453020754,0.9224308906151454,0.9669260178512504,0.9643689035573558,0.8658564253253968,Simulation scores compare against the stored generating trajectory.,0.9603699204678868,0.7234745815786886,0.9190864292416284,0.98999689836725,0.8916881671124804,0.9669260178512504,0.9643689035573558,0.8658564253253968,success,,official R dyneval on exported dynwrap trajectories,"Saelens et al., Nature Biotechnology (2019), doi:10.1038/s41587-019-0071-9",v2.0,4.6.1,0.9.9,1.3.0,1.0.1,1.1.0,daeb26af7d40c21b32283af31beb17a8ee8c3c6f,319bcfe3a0e38af45f368d2a53146165416d1a8a,b6fa729b1bc531e179aec3f3d7aa14cd8ef2015e,63fb255c894df1ba6d72b50bd0fb02d78bcee2af,0,1,0,0.9555731526723328,TRUE,TRUE,TRUE,simulation_3_pca50_neighbors30_umap3,4,log1p_if_max_gt|pca|neighbors|umap,48,3000x1000,3000x1000,"{""completed_before_inference"": true, ""input_shape"": [3000, 1000], ""input_x_max"": 9.404547122747095, ""input_x_min"": 0.0, ""model_coordinate_key_ready"": true, ""output_shape"": [3000, 1000], ""plot_coordinate_key_ready"": true, ""profile"": ""simulation_3_pca50_neighbors30_umap3"", ""random_seed"": 48, ""steps"": [{""operation"": ""log1p_if_max_gt"", ""parameters"": {""threshold"": 100}, ""status"": ""skipped_already_below_threshold""}, {""operation"": ""pca"", ""parameters"": {""n_comps"": 50, ""random_state"": 0, ""svd_solver"": ""arpack"", ""use_highly_variable"": false, ""zero_center"": true}, ""status"": ""applied""}, {""operation"": ""neighbors"", ""parameters"": {""method"": ""umap"", ""metric"": ""euclidean"", ""n_neighbors"": 30, ""n_pcs"": 30, ""random_state"": 0}, ""status"": ""applied""}, {""operation"": ""umap"", ""parameters"": {""a"": 0.5830300204883174, ""b"": 1.3341669924555197, ""n_components"": 3, ""preserve_existing"": false, ""random_state"": 0}, ""status"": ""applied""}]}"
8,49,49,26,gold_reference_simulation,stored_simulation_generating_trajectory,3,126,0.0007345944355069,0.9914075819251524,58,16.645294999994803,74.0662350000348,90.7115300000296,42.92453749995912,1111.023438,300.40625,"[2252,1367,1703,93,1254,58,82,368,2869,1516,1917,2102,1923,2881,1716,321,1612,1942,743,2880,1538,899,1943,1944,1472,2650,2626,476,1027,1922,2615,2918,2012,2780,2928,171,2363,533,2024,1776,91,1573,1438,2149,1947,808,2996,1778,690,2677,2444,443,1913,549,434,47,525,1784]","[2252,1367,1703,93,1254,58,82,368,2869,2220,646,1931,1068,2809,2787,1310,2806,669,802,1097,2092,1875,689,1080,1625,386,2236,2031,1613,2922,2985,332,2449,2961,2834,1939,102,1114,1392,2497,2002,694,1581,795,824,233,2463,566,1093,541,2828,2778,733,760,2826]","[2252,1367,1703,93,1254,58,82,368,2869,1516,1917,2102,1923,2881,1716,321,1612,1942,743,2880,1538,899,1943,1944,1472,2650,2626,476,1027,1461,349,22,1688,2227,2148,2773,2115,983,88,1465,2540,431,125,1287,309,1125,2072,2191,2070,845,2820]","[2252,1367,1703,93,1254,58,82,368,2869,1516,1917,2102,1923,2881,1716,321,1612,1942,743,2880,1538,899,1943,1944,1472,2650,2626,476,1027,1922,2615,2918,2012,2780,2928,171,2363,533,2024,1776,91,1573,1438,2149,1947,808,2996,1778,690,2677,2444,443,1913,549,434,47,525,1784]",0.989713055330118,0.996380719542356,0.9677824501474476,"[2252,1367,1703,93,1254,58,82,368,2869,2220,646,1931,1068,2809,2787,1310,2806,669,802,1097,2092,1875,689,1080,1625,386,2236,2031,1613,2922,2985,332,2449,2961,2834,1939,102,1114,1392,2497,2002,694,1581,795,824,233,2463,566,1093,541,2828,2778,733,760,2826]",0.9925698714461284,0.9968398220059662,0.9699800915226308,"[2252,1367,1703,93,1254,58,82,368,2869,1516,1917,2102,1923,2881,1716,321,1612,1942,743,2880,1538,899,1943,1944,1472,2650,2626,476,1027,1461,349,22,1688,2227,2148,2773,2115,983,88,1465,2540,431,125,1287,309,1125,2072,2191,2070,845,2820]",0.9931266737286568,0.995807505282778,0.9661399306538896,0.978930183710754,0.9776731310089912,0.8966612552506659,0.9747024876881974,0.9710837357289396,0.8744867419915315,Simulation scores compare against the stored generating trajectory.,0.9800455560234704,0.6714797227721406,0.955082521938304,0.9782348653036954,0.885504556563228,0.9747024876881974,0.9710837357289396,0.8744867419915315,success,,official R dyneval on exported dynwrap trajectories,"Saelens et al., Nature Biotechnology (2019), doi:10.1038/s41587-019-0071-9",v2.0,4.6.1,0.9.9,1.3.0,1.0.1,1.1.0,daeb26af7d40c21b32283af31beb17a8ee8c3c6f,319bcfe3a0e38af45f368d2a53146165416d1a8a,b6fa729b1bc531e179aec3f3d7aa14cd8ef2015e,63fb255c894df1ba6d72b50bd0fb02d78bcee2af,0,1,0,0.9452756143064812,TRUE,TRUE,TRUE,simulation_3_pca50_neighbors30_umap3,4,log1p_if_max_gt|pca|neighbors|umap,49,3000x1000,3000x1000,"{""completed_before_inference"": true, ""input_shape"": [3000, 1000], ""input_x_max"": 9.404547122747095, ""input_x_min"": 0.0, ""model_coordinate_key_ready"": true, ""output_shape"": [3000, 1000], ""plot_coordinate_key_ready"": true, ""profile"": ""simulation_3_pca50_neighbors30_umap3"", ""random_seed"": 49, ""steps"": [{""operation"": ""log1p_if_max_gt"", ""parameters"": {""threshold"": 100}, ""status"": ""skipped_already_below_threshold""}, {""operation"": ""pca"", ""parameters"": {""n_comps"": 50, ""random_state"": 0, ""svd_solver"": ""arpack"", ""use_highly_variable"": false, ""zero_center"": true}, ""status"": ""applied""}, {""operation"": ""neighbors"", ""parameters"": {""method"": ""umap"", ""metric"": ""euclidean"", ""n_neighbors"": 30, ""n_pcs"": 30, ""random_state"": 0}, ""status"": ""applied""}, {""operation"": ""umap"", ""parameters"": {""a"": 0.5830300204883174, ""b"": 1.3341669924555197, ""n_components"": 3, ""preserve_existing"": false, ""random_state"": 0}, ""status"": ""applied""}]}"
9,50,50,26,gold_reference_simulation,stored_simulation_generating_trajectory,3,134,0.0045015296986612,0.932214909542248,368,16.904204399965238,102.1406179999467,119.04482239991194,75.35156919999281,1106.984375,311.2578125,"[2252,1497,1768,2513,2602,935,368,2869,2437,2050,1670,2821,1808,2770,840,1515,1251,995,1565,1036,2873,2025,2944,1037,2925,2690,134,1650,1433,1227,1771,1194,489,2080,91,956,1137,2244,833,808,2996,222,690,2151,2835,354,1994,2691,1505,1404,1784]","[2252,1497,1768,2513,2602,935,368,2869,1694,189,1394,1044,2457,2268,1945,2265,776,2097,912,1173,1858,292,1035,410,770,331,2328,2089,1614,2327,1245,2892,2034,2308,1718,1996,2811,301,2592,2365,2885,1754,1759,1613,123,2539,522,1471,2795,1939,387,921,1617,373,2522,1667,343,2563,2863,2935,2565,558,982,916,1592,438,2486,1390,1398,2686,1399,2778,2800,2512,23,2826]","[2252,1497,1768,2513,2602,935,368,2869,2437,2050,1670,2821,1808,2770,840,1515,1251,995,1565,1036,2873,2025,2944,2056,851,235,2409,2085,1936,2472,2447,1242,722,312,555,60,2358,2820]","[2252,1497,1768,2513,2602,935,368,2869,2437,2050,1670,2821,1808,2770,840,1515,1251,995,1565,1036,2873,2025,2944,1037,2925,2690,134,1650,1433,1227,1771,1194,489,2080,91,956,1137,2244,833,808,2996,222,690,2151,2835,354,1994,2691,1505,1404,1784]",0.981503262817756,0.9927496898201736,0.9510266468155936,"[2252,1497,1768,2513,2602,935,368,2869,1694,189,1394,1044,2457,2268,1945,2265,776,2097,912,1173,1858,292,1035,410,770,331,2328,2089,1614,2327,1245,2892,2034,2308,1718,1996,2811,301,2592,2365,2885,1754,1759,1613,123,2539,522,1471,2795,1939,387,921,1617,373,2522,1667,343,2563,2863,2935,2565,558,982,916,1592,438,2486,1390,1398,2686,1399,2778,2800,2512,23,2826]",0.9831127789138412,0.99666600383492,0.9661136067084491,"[2252,1497,1768,2513,2602,935,368,2869,2437,2050,1670,2821,1808,2770,840,1515,1251,995,1565,1036,2873,2025,2944,2056,851,235,2409,2085,1936,2472,2447,1242,722,312,555,60,2358,2820]",0.9793833606697608,0.9877652101415316,0.9317730322416676,0.9645934378341424,0.9696558745375328,0.87922576935591,0.9650805835629452,0.9588530090962784,0.8505618185383922,Simulation scores compare against the stored generating trajectory.,0.9464695768665348,0.6858934478490519,0.881543990470071,0.9903056789247344,0.8676491444545353,0.9650805835629452,0.9588530090962784,0.8505618185383922,success,,official R dyneval on exported dynwrap trajectories,"Saelens et al., Nature Biotechnology (2019), doi:10.1038/s41587-019-0071-9",v2.0,4.6.1,0.9.9,1.3.0,1.0.1,1.1.0,daeb26af7d40c21b32283af31beb17a8ee8c3c6f,319bcfe3a0e38af45f368d2a53146165416d1a8a,b6fa729b1bc531e179aec3f3d7aa14cd8ef2015e,63fb255c894df1ba6d72b50bd0fb02d78bcee2af,0,1,0,0.9516338831016,TRUE,TRUE,TRUE,simulation_3_pca50_neighbors30_umap3,4,log1p_if_max_gt|pca|neighbors|umap,50,3000x1000,3000x1000,"{""completed_before_inference"": true, ""input_shape"": [3000, 1000], ""input_x_max"": 9.404547122747095, ""input_x_min"": 0.0, ""model_coordinate_key_ready"": true, ""output_shape"": [3000, 1000], ""plot_coordinate_key_ready"": true, ""profile"": ""simulation_3_pca50_neighbors30_umap3"", ""random_seed"": 50, ""steps"": [{""operation"": ""log1p_if_max_gt"", ""parameters"": {""threshold"": 100}, ""status"": ""skipped_already_below_threshold""}, {""operation"": ""pca"", ""parameters"": {""n_comps"": 50, ""random_state"": 0, ""svd_solver"": ""arpack"", ""use_highly_variable"": false, ""zero_center"": true}, ""status"": ""applied""}, {""operation"": ""neighbors"", ""parameters"": {""method"": ""umap"", ""metric"": ""euclidean"", ""n_neighbors"": 30, ""n_pcs"": 30, ""random_state"": 0}, ""status"": ""applied""}, {""operation"": ""umap"", ""parameters"": {""a"": 0.5830300204883174, ""b"": 1.3341669924555197, ""n_components"": 3, ""preserve_existing"": false, ""random_state"": 0}, ""status"": ""applied""}]}"
10,51,51,26,gold_reference_simulation,stored_simulation_generating_trajectory,3,119,0.003325294966786,0.9416634999134588,267,24.6648423000006,88.42812070000218,113.09296300000278,46.45257530000527,1109.21875,314.2929688,"[2252,2468,685,267,355,352,368,2869,2594,2360,150,976,2770,715,228,1509,398,508,6,2873,2177,1025,2335,2893,2056,1663,1185,1493,1662,207,1771,1083,2157,78,1023,2291,91,1573,2609,963,303,808,1002,313,2996,952,1904,1778,1740,596,494,2383,623,395,1130,2864,1404,1784]","[2252,2468,685,267,355,352,368,2869,362,2743,926,416,34,458,868,2165,2806,1856,524,410,1755,1814,2505,241,75,2236,1222,2572,1613,240,2267,385,1533,765,1055,994,196,378,1445,343,141,797,558,175,166,167,478,2686,2829,28,2086,2830,1839,392,2426,2826]","[2252,2468,685,267,355,352,368,2869,2594,2360,150,976,2770,715,228,1509,398,508,6,2873,2177,1025,2335,2893,2056,923,405,235,2354,1936,2294,469,1751,2578,1001,1721,2859,2820]","[2252,2468,685,267,355,352,368,2869,2594,2360,150,976,2770,715,228,1509,398,508,6,2873,2177,1025,2335,2893,2056,1663,1185,1493,1662,207,1771,1083,2157,78,1023,2291,91,1573,2609,963,303,808,1002,313,2996,952,1904,1778,1740,596,494,2383,623,395,1130,2864,1404,1784]",0.969208167092804,0.9959337805833922,0.9637607403899164,"[2252,2468,685,267,355,352,368,2869,362,2743,926,416,34,458,868,2165,2806,1856,524,410,1755,1814,2505,241,75,2236,1222,2572,1613,240,2267,385,1533,765,1055,994,196,378,1445,343,141,797,558,175,166,167,478,2686,2829,28,2086,2830,1839,392,2426,2826]",0.9918433740396356,0.99558421304291,0.9660536806045572,"[2252,2468,685,267,355,352,368,2869,2594,2360,150,976,2770,715,228,1509,398,508,6,2873,2177,1025,2335,2893,2056,923,405,235,2354,1936,2294,469,1751,2578,1001,1721,2859,2820]",0.9715565472640242,0.9789371917678524,0.9187353704974396,0.9677446190877996,0.966862688569646,0.8724009260409609,0.9652696989658148,0.9654191948138942,0.8639246730578639,Simulation scores compare against the stored generating trajectory.,0.9740758675111966,0.6740939855661671,0.9277141959043465,0.9895289354768002,0.8811279633481826,0.9652696989658148,0.9654191948138942,0.8639246730578639,success,,official R dyneval on exported dynwrap trajectories,"Saelens et al., Nature Biotechnology (2019), doi:10.1038/s41587-019-0071-9",v2.0,4.6.1,0.9.9,1.3.0,1.0.1,1.1.0,daeb26af7d40c21b32283af31beb17a8ee8c3c6f,319bcfe3a0e38af45f368d2a53146165416d1a8a,b6fa729b1bc531e179aec3f3d7aa14cd8ef2015e,63fb255c894df1ba6d72b50bd0fb02d78bcee2af,0,1,0,0.965346170533526,TRUE,TRUE,TRUE,simulation_3_pca50_neighbors30_umap3,4,log1p_if_max_gt|pca|neighbors|umap,51,3000x1000,3000x1000,"{""completed_before_inference"": true, ""input_shape"": [3000, 1000], ""input_x_max"": 9.404547122747095, ""input_x_min"": 0.0, ""model_coordinate_key_ready"": true, ""output_shape"": [3000, 1000], ""plot_coordinate_key_ready"": true, ""profile"": ""simulation_3_pca50_neighbors30_umap3"", ""random_seed"": 51, ""steps"": [{""operation"": ""log1p_if_max_gt"", ""parameters"": {""threshold"": 100}, ""status"": ""skipped_already_below_threshold""}, {""operation"": ""pca"", ""parameters"": {""n_comps"": 50, ""random_state"": 0, ""svd_solver"": ""arpack"", ""use_highly_variable"": false, ""zero_center"": true}, ""status"": ""applied""}, {""operation"": ""neighbors"", ""parameters"": {""method"": ""umap"", ""metric"": ""euclidean"", ""n_neighbors"": 30, ""n_pcs"": 30, ""random_state"": 0}, ""status"": ""applied""}, {""operation"": ""umap"", ""parameters"": {""a"": 0.5830300204883174, ""b"": 1.3341669924555197, ""n_components"": 3, ""preserve_existing"": false, ""random_state"": 0}, ""status"": ""applied""}]}"
11,52,52,26,gold_reference_simulation,stored_simulation_generating_trajectory,3,118,0.0080247584229186,0.8990014638736283,357,18.279934199992567,84.64275780000025,102.92269199999282,47.530263900000136,1134.046875,338.953125,"[2252,357,1893,2602,935,368,2869,67,2081,1371,798,2314,480,2770,2469,2880,2517,1154,1479,2046,1025,300,1188,2145,2822,1747,986,940,78,2773,1083,1312,1023,1776,91,73,2609,963,2262,2514,2996,2704,2382,2677,2151,395,2574,2357,525,1784]","[2252,357,1893,2602,935,368,2869,2397,1488,427,2760,1353,2923,1886,325,2870,791,2321,2846,11,1687,301,2396,799,978,2016,895,385,238,2688,2168,2844,1682,1617,2049,2964,2935,1692,234,175,2883,281,559,2686,275,659,2099,2980,501,2814,2826]","[2252,357,1893,2602,935,368,2869,67,2081,1371,798,2314,480,2770,2469,2880,2517,1154,1479,2046,1025,300,1188,2145,2822,2366,291,44,1919,1320,1410,2471,1033,1304,2836,1396,1412,2312,1854,719,605,423,2730,1530,2238,1406,2662,862,2820]","[2252,357,1893,2602,935,368,2869,67,2081,1371,798,2314,480,2770,2469,2880,2517,1154,1479,2046,1025,300,1188,2145,2822,1747,986,940,78,2773,1083,1312,1023,1776,91,73,2609,963,2262,2514,2996,2704,2382,2677,2151,395,2574,2357,525,1784]",0.97989843067361,0.9965125832560106,0.9705936619528244,"[2252,357,1893,2602,935,368,2869,2397,1488,427,2760,1353,2923,1886,325,2870,791,2321,2846,11,1687,301,2396,799,978,2016,895,385,238,2688,2168,2844,1682,1617,2049,2964,2935,1692,234,175,2883,281,559,2686,275,659,2099,2980,501,2814,2826]",0.9883915239445684,0.9960572206264788,0.9657709159657,"[2252,357,1893,2602,935,368,2869,67,2081,1371,798,2314,480,2770,2469,2880,2517,1154,1479,2046,1025,300,1188,2145,2822,2366,291,44,1919,1320,1410,2471,1033,1304,2836,1396,1412,2312,1854,719,605,423,2730,1530,2238,1406,2662,862,2820]",0.9791701266121688,0.9929974834286396,0.9559162161396418,0.9694280164285076,0.9760083330485468,0.8903647976199949,0.9648385174491748,0.965129906330805,0.8687560867124724,Simulation scores compare against the stored generating trajectory.,0.9796699996684992,0.7019068509325559,0.9438666734786156,0.9904985089021844,0.895428559714527,0.9648385174491748,0.965129906330805,0.8687560867124724,success,,official R dyneval on exported dynwrap trajectories,"Saelens et al., Nature Biotechnology (2019), doi:10.1038/s41587-019-0071-9",v2.0,4.6.1,0.9.9,1.3.0,1.0.1,1.1.0,daeb26af7d40c21b32283af31beb17a8ee8c3c6f,319bcfe3a0e38af45f368d2a53146165416d1a8a,b6fa729b1bc531e179aec3f3d7aa14cd8ef2015e,63fb255c894df1ba6d72b50bd0fb02d78bcee2af,0,1,0,0.9503571546736456,TRUE,TRUE,TRUE,simulation_3_pca50_neighbors30_umap3,4,log1p_if_max_gt|pca|neighbors|umap,52,3000x1000,3000x1000,"{""completed_before_inference"": true, ""input_shape"": [3000, 1000], ""input_x_max"": 9.404547122747095, ""input_x_min"": 0.0, ""model_coordinate_key_ready"": true, ""output_shape"": [3000, 1000], ""plot_coordinate_key_ready"": true, ""profile"": ""simulation_3_pca50_neighbors30_umap3"", ""random_seed"": 52, ""steps"": [{""operation"": ""log1p_if_max_gt"", ""parameters"": {""threshold"": 100}, ""status"": ""skipped_already_below_threshold""}, {""operation"": ""pca"", ""parameters"": {""n_comps"": 50, ""random_state"": 0, ""svd_solver"": ""arpack"", ""use_highly_variable"": false, ""zero_center"": true}, ""status"": ""applied""}, {""operation"": ""neighbors"", ""parameters"": {""method"": ""umap"", ""metric"": ""euclidean"", ""n_neighbors"": 30, ""n_pcs"": 30, ""random_state"": 0}, ""status"": ""applied""}, {""operation"": ""umap"", ""parameters"": {""a"": 0.5830300204883174, ""b"": 1.3341669924555197, ""n_components"": 3, ""preserve_existing"": false, ""random_state"": 0}, ""status"": ""applied""}]}"
12,53,53,26,gold_reference_simulation,stored_simulation_generating_trajectory,3,134,0.0007519716130545,0.9893599397549476,368,18.102182600006927,80.2898854999803,98.39206809998724,46.13499380002031,1102.449219,306.5078125,"[2252,2744,411,830,1031,2902,368,2869,2437,2433,2875,1593,1371,1942,2314,155,2770,715,187,526,1981,2501,899,1240,2872,1025,945,1968,2925,812,1626,667,2739,1143,2518,2836,2004,1350,78,1208,91,803,779,159,2514,2996,1528,2789,2677,2383,2073,1282,1258,1313,575,2357,2348,1784]","[2252,2744,411,830,1031,2902,368,2869,1424,1068,519,1397,2165,457,2140,1693,18,2258,1856,903,1446,2458,677,2727,2110,1773,1517,2940,1996,318,2885,301,2396,638,1759,804,123,1823,708,996,2057,408,1900,48,2324,1483,874,447,2402,94,2522,1638,2215,305,954,1949,2665,2344,608,558,982,1232,930,1004,2637,275,2647,2778,2126,939,2854,643,2826]","[2252,2744,411,830,1031,2902,368,2869,2437,2433,2875,1593,1371,1942,2314,155,2770,715,187,526,1981,2501,899,1240,2872,1025,945,1968,2925,812,1626,667,2739,1615,391,1192,2061,1751,312,1115,1569,845,1171,2820]","[2252,2744,411,830,1031,2902,368,2869,2437,2433,2875,1593,1371,1942,2314,155,2770,715,187,526,1981,2501,899,1240,2872,1025,945,1968,2925,812,1626,667,2739,1143,2518,2836,2004,1350,78,1208,91,803,779,159,2514,2996,1528,2789,2677,2383,2073,1282,1258,1313,575,2357,2348,1784]",0.988950316620504,0.9967196979209464,0.97056611519884,"[2252,2744,411,830,1031,2902,368,2869,1424,1068,519,1397,2165,457,2140,1693,18,2258,1856,903,1446,2458,677,2727,2110,1773,1517,2940,1996,318,2885,301,2396,638,1759,804,123,1823,708,996,2057,408,1900,48,2324,1483,874,447,2402,94,2522,1638,2215,305,954,1949,2665,2344,608,558,982,1232,930,1004,2637,275,2647,2778,2126,939,2854,643,2826]",0.9871773492697608,0.9964857412074526,0.9656204618466604,"[2252,2744,411,830,1031,2902,368,2869,2437,2433,2875,1593,1371,1942,2314,155,2770,715,187,526,1981,2501,899,1240,2872,1025,945,1968,2925,812,1626,667,2739,1615,391,1192,2061,1751,312,1115,1569,845,1171,2820]",0.9844653874513816,0.9928332711462988,0.9559220546148388,0.975589075276806,0.9725264483000708,0.8963125573370049,0.967822211211689,0.9601616718141884,0.8573138383760067,Simulation scores compare against the stored generating trajectory.,0.9493999208116096,0.6121788813822316,0.8625230857434819,0.9730572822389334,0.8357168669319379,0.967822211211689,0.9601616718141884,0.8573138383760067,success,,official R dyneval on exported dynwrap trajectories,"Saelens et al., Nature Biotechnology (2019), doi:10.1038/s41587-019-0071-9",v2.0,4.6.1,0.9.9,1.3.0,1.0.1,1.1.0,daeb26af7d40c21b32283af31beb17a8ee8c3c6f,319bcfe3a0e38af45f368d2a53146165416d1a8a,b6fa729b1bc531e179aec3f3d7aa14cd8ef2015e,63fb255c894df1ba6d72b50bd0fb02d78bcee2af,0,1,0,0.953984343582794,TRUE,TRUE,TRUE,simulation_3_pca50_neighbors30_umap3,4,log1p_if_max_gt|pca|neighbors|umap,53,3000x1000,3000x1000,"{""completed_before_inference"": true, ""input_shape"": [3000, 1000], ""input_x_max"": 9.404547122747095, ""input_x_min"": 0.0, ""model_coordinate_key_ready"": true, ""output_shape"": [3000, 1000], ""plot_coordinate_key_ready"": true, ""profile"": ""simulation_3_pca50_neighbors30_umap3"", ""random_seed"": 53, ""steps"": [{""operation"": ""log1p_if_max_gt"", ""parameters"": {""threshold"": 100}, ""status"": ""skipped_already_below_threshold""}, {""operation"": ""pca"", ""parameters"": {""n_comps"": 50, ""random_state"": 0, ""svd_solver"": ""arpack"", ""use_highly_variable"": false, ""zero_center"": true}, ""status"": ""applied""}, {""operation"": ""neighbors"", ""parameters"": {""method"": ""umap"", ""metric"": ""euclidean"", ""n_neighbors"": 30, ""n_pcs"": 30, ""random_state"": 0}, ""status"": ""applied""}, {""operation"": ""umap"", ""parameters"": {""a"": 0.5830300204883174, ""b"": 1.3341669924555197, ""n_components"": 3, ""preserve_existing"": false, ""random_state"": 0}, ""status"": ""applied""}]}"
13,54,54,26,gold_reference_simulation,stored_simulation_generating_trajectory,3,125,0.0050033244000502,0.9411204327120388,368,17.827363799966406,80.25940059998538,98.0867643999518,65.26913339999737,1108.164063,311.5585938,"[2252,1435,2082,686,2708,2991,368,2869,1516,1290,2839,2064,1050,2015,480,441,520,1542,821,899,1944,2025,2893,1037,585,1824,1702,2148,2773,1083,720,2006,2582,1776,91,1573,1438,861,2580,1377,1603,2704,2937,2677,461,822,1239,434,512,1784]","[2252,1435,2082,686,2708,2991,368,2869,609,2963,2359,319,2809,988,2671,292,488,903,2479,2282,1902,2505,2321,1181,2871,2592,928,598,2031,1613,1355,2982,269,703,1507,1820,1764,2446,2543,268,1074,979,2782,2916,1641,2002,694,1723,120,758,436,882,1577,532,566,2686,2122,530,1191,1503,334,2814,2826]","[2252,1435,2082,686,2708,2991,368,2869,1516,1290,2839,2064,1050,2015,480,441,520,1542,821,899,1944,2025,2893,547,2946,667,2085,1936,917,2341,2079,1192,730,2460,56,184,1168,2376,2351,255,1569,2859,2820]","[2252,1435,2082,686,2708,2991,368,2869,1516,1290,2839,2064,1050,2015,480,441,520,1542,821,899,1944,2025,2893,1037,585,1824,1702,2148,2773,1083,720,2006,2582,1776,91,1573,1438,861,2580,1377,1603,2704,2937,2677,461,822,1239,434,512,1784]",0.985411823308074,0.9962241469888106,0.9672539557599724,"[2252,1435,2082,686,2708,2991,368,2869,609,2963,2359,319,2809,988,2671,292,488,903,2479,2282,1902,2505,2321,1181,2871,2592,928,598,2031,1613,1355,2982,269,703,1507,1820,1764,2446,2543,268,1074,979,2782,2916,1641,2002,694,1723,120,758,436,882,1577,532,566,2686,2122,530,1191,1503,334,2814,2826]",0.9877150922875536,0.9962019621185892,0.9651531655062816,"[2252,1435,2082,686,2708,2991,368,2869,1516,1290,2839,2064,1050,2015,480,441,520,1542,821,899,1944,2025,2893,547,2946,667,2085,1936,917,2341,2079,1192,730,2460,56,184,1168,2376,2351,255,1569,2859,2820]",0.9867738719621554,0.9885031672931494,0.9414376822502504,0.968869736238333,0.9635637825291842,0.8716348608459171,0.9584299456901316,0.958744796640947,0.8552897125767385,Simulation scores compare against the stored generating trajectory.,0.9614848447457912,0.7036822798660973,0.9353062432755112,0.986554427902862,0.8888909515665496,0.9584299456901316,0.958744796640947,0.8552897125767385,success,,official R dyneval on exported dynwrap trajectories,"Saelens et al., Nature Biotechnology (2019), doi:10.1038/s41587-019-0071-9",v2.0,4.6.1,0.9.9,1.3.0,1.0.1,1.1.0,daeb26af7d40c21b32283af31beb17a8ee8c3c6f,319bcfe3a0e38af45f368d2a53146165416d1a8a,b6fa729b1bc531e179aec3f3d7aa14cd8ef2015e,63fb255c894df1ba6d72b50bd0fb02d78bcee2af,0,1,0,0.958925045999667,TRUE,TRUE,TRUE,simulation_3_pca50_neighbors30_umap3,4,log1p_if_max_gt|pca|neighbors|umap,54,3000x1000,3000x1000,"{""completed_before_inference"": true, ""input_shape"": [3000, 1000], ""input_x_max"": 9.404547122747095, ""input_x_min"": 0.0, ""model_coordinate_key_ready"": true, ""output_shape"": [3000, 1000], ""plot_coordinate_key_ready"": true, ""profile"": ""simulation_3_pca50_neighbors30_umap3"", ""random_seed"": 54, ""steps"": [{""operation"": ""log1p_if_max_gt"", ""parameters"": {""threshold"": 100}, ""status"": ""skipped_already_below_threshold""}, {""operation"": ""pca"", ""parameters"": {""n_comps"": 50, ""random_state"": 0, ""svd_solver"": ""arpack"", ""use_highly_variable"": false, ""zero_center"": true}, ""status"": ""applied""}, {""operation"": ""neighbors"", ""parameters"": {""method"": ""umap"", ""metric"": ""euclidean"", ""n_neighbors"": 30, ""n_pcs"": 30, ""random_state"": 0}, ""status"": ""applied""}, {""operation"": ""umap"", ""parameters"": {""a"": 0.5830300204883174, ""b"": 1.3341669924555197, ""n_components"": 3, ""preserve_existing"": false, ""random_state"": 0}, ""status"": ""applied""}]}"
14,55,55,26,gold_reference_simulation,stored_simulation_generating_trajectory,3,120,0.0063937810364958,0.912125947983388,368,21.27643279999029,141.69931039999938,162.9757431999897,57.51255629997468,1070.816406,275.3945313,"[2252,1497,1934,2566,2231,2991,368,2869,1140,2963,550,150,904,1808,1795,2469,1538,899,1871,2395,2650,2626,2189,624,2424,1969,540,2003,2148,1083,489,1164,91,2510,2273,656,1947,2514,1967,43,1408,2855,24,2792,1359,2702,119,716,2343,2404,1784]","[2252,1497,1934,2566,2231,2991,368,2869,243,1870,295,2548,959,887,2797,1044,145,1886,325,1342,31,1953,782,1131,1687,301,598,978,2016,1071,1259,1476,2038,2748,2128,2367,2796,1074,169,950,2179,2002,2964,1600,1059,1723,824,1189,1592,566,1093,2022,2647,2778,2512,760,2826]","[2252,1497,1934,2566,2231,2991,368,2869,1140,2963,550,150,904,1808,1795,2469,1538,899,1871,2395,2650,2626,2405,2465,1706,1991,1061,1185,1562,1381,667,2373,2413,917,391,1192,309,676,614,289,2859,2820]","[2252,1497,1934,2566,2231,2991,368,2869,1140,2963,550,150,904,1808,1795,2469,1538,899,1871,2395,2650,2626,2189,624,2424,1969,540,2003,2148,1083,489,1164,91,2510,2273,656,1947,2514,1967,43,1408,2855,24,2792,1359,2702,119,716,2343,2404,1784]",0.9805315128942856,0.9967607176326816,0.9714018006794596,"[2252,1497,1934,2566,2231,2991,368,2869,243,1870,295,2548,959,887,2797,1044,145,1886,325,1342,31,1953,782,1131,1687,301,598,978,2016,1071,1259,1476,2038,2748,2128,2367,2796,1074,169,950,2179,2002,2964,1600,1059,1723,824,1189,1592,566,1093,2022,2647,2778,2512,760,2826]",0.9935983396496314,0.996561067993067,0.9679621317239244,"[2252,1497,1934,2566,2231,2991,368,2869,1140,2963,550,150,904,1808,1795,2469,1538,899,1871,2395,2650,2626,2405,2465,1706,1991,1061,1185,1562,1381,667,2373,2413,917,391,1192,309,676,614,289,2859,2820]",0.9820789329789108,0.985263558649178,0.9296606809330314,0.9706127440508392,0.9675905378339686,0.874190099411815,0.9683518566699584,0.9662581146054786,0.8677125047679177,Simulation scores compare against the stored generating trajectory.,0.9759148672557352,0.7017589821619865,0.9438342736110564,0.988944693787162,0.894163454320486,0.9683518566699584,0.9662581146054786,0.8677125047679177,success,,official R dyneval on exported dynwrap trajectories,"Saelens et al., Nature Biotechnology (2019), doi:10.1038/s41587-019-0071-9",v2.0,4.6.1,0.9.9,1.3.0,1.0.1,1.1.0,daeb26af7d40c21b32283af31beb17a8ee8c3c6f,319bcfe3a0e38af45f368d2a53146165416d1a8a,b6fa729b1bc531e179aec3f3d7aa14cd8ef2015e,63fb255c894df1ba6d72b50bd0fb02d78bcee2af,0,1,0,0.9587730600284936,TRUE,TRUE,TRUE,simulation_3_pca50_neighbors30_umap3,4,log1p_if_max_gt|pca|neighbors|umap,55,3000x1000,3000x1000,"{""completed_before_inference"": true, ""input_shape"": [3000, 1000], ""input_x_max"": 9.404547122747095, ""input_x_min"": 0.0, ""model_coordinate_key_ready"": true, ""output_shape"": [3000, 1000], ""plot_coordinate_key_ready"": true, ""profile"": ""simulation_3_pca50_neighbors30_umap3"", ""random_seed"": 55, ""steps"": [{""operation"": ""log1p_if_max_gt"", ""parameters"": {""threshold"": 100}, ""status"": ""skipped_already_below_threshold""}, {""operation"": ""pca"", ""parameters"": {""n_comps"": 50, ""random_state"": 0, ""svd_solver"": ""arpack"", ""use_highly_variable"": false, ""zero_center"": true}, ""status"": ""applied""}, {""operation"": ""neighbors"", ""parameters"": {""method"": ""umap"", ""metric"": ""euclidean"", ""n_neighbors"": 30, ""n_pcs"": 30, ""random_state"": 0}, ""status"": ""applied""}, {""operation"": ""umap"", ""parameters"": {""a"": 0.5830300204883174, ""b"": 1.3341669924555197, ""n_components"": 3, ""preserve_existing"": false, ""random_state"": 0}, ""status"": ""applied""}]}"
15,56,56,26,gold_reference_simulation,stored_simulation_generating_trajectory,3,129,0.0014660601921655,0.977178887141572,58,24.75521689996821,134.81847739999648,159.5736942999647,81.9384410000057,1096.273438,300.46875,"[2252,357,875,1254,58,2902,368,2869,2118,735,523,976,743,2880,1509,1111,1806,1871,1661,2650,1681,2042,2430,397,2167,342,905,2989,304,91,2036,1272,656,181,2580,2514,109,43,1231,1105,1740,539,1787,2248,1994,716,2864,1589,1784]","[2252,357,875,1254,58,2902,368,2869,1694,2359,1725,145,2671,2479,903,117,41,791,689,1080,2530,2634,1687,2803,318,1556,1305,2599,2031,1613,1259,1476,1284,2560,2748,1801,1420,2317,1987,1820,2543,2711,1617,2049,373,2863,789,2910,1581,908,2431,1909,2883,450,766,1592,478,1390,732,2637,1120,2828,1323,99,2512,760,2849,2826]","[2252,357,875,1254,58,2902,368,2869,2118,735,523,976,743,2880,1509,1111,1806,1871,1661,2650,1681,1348,949,873,2372,699,462,2489,2135,1611,1956,1936,2472,1604,469,1751,312,2191,2070,2358,2820]","[2252,357,875,1254,58,2902,368,2869,2118,735,523,976,743,2880,1509,1111,1806,1871,1661,2650,1681,2042,2430,397,2167,342,905,2989,304,91,2036,1272,656,181,2580,2514,109,43,1231,1105,1740,539,1787,2248,1994,716,2864,1589,1784]",0.97454372459069,0.9942518341562432,0.9598705286753064,"[2252,357,875,1254,58,2902,368,2869,1694,2359,1725,145,2671,2479,903,117,41,791,689,1080,2530,2634,1687,2803,318,1556,1305,2599,2031,1613,1259,1476,1284,2560,2748,1801,1420,2317,1987,1820,2543,2711,1617,2049,373,2863,789,2910,1581,908,2431,1909,2883,450,766,1592,478,1390,732,2637,1120,2828,1323,99,2512,760,2849,2826]",0.9822857583248854,0.9976213656449672,0.9735566164065216,"[2252,357,875,1254,58,2902,368,2869,2118,735,523,976,743,2880,1509,1111,1806,1871,1661,2650,1681,1348,949,873,2372,699,462,2489,2135,1611,1956,1936,2472,1604,469,1751,312,2191,2070,2358,2820]",0.9769922913556628,0.9783045012476744,0.9179369601543028,0.969385569465965,0.9736634863240388,0.8903698986287722,0.9694101208587588,0.9727104029318536,0.8784901859020918,Simulation scores compare against the stored generating trajectory.,0.95514962656801,0.6862183076750007,0.9347046369015114,0.9916470605826568,0.8828589197890488,0.9694101208587588,0.9727104029318536,0.8784901859020918,success,,official R dyneval on exported dynwrap trajectories,"Saelens et al., Nature Biotechnology (2019), doi:10.1038/s41587-019-0071-9",v2.0,4.6.1,0.9.9,1.3.0,1.0.1,1.1.0,daeb26af7d40c21b32283af31beb17a8ee8c3c6f,319bcfe3a0e38af45f368d2a53146165416d1a8a,b6fa729b1bc531e179aec3f3d7aa14cd8ef2015e,63fb255c894df1ba6d72b50bd0fb02d78bcee2af,0,1,0,0.9370878737851396,TRUE,TRUE,TRUE,simulation_3_pca50_neighbors30_umap3,4,log1p_if_max_gt|pca|neighbors|umap,56,3000x1000,3000x1000,"{""completed_before_inference"": true, ""input_shape"": [3000, 1000], ""input_x_max"": 9.404547122747095, ""input_x_min"": 0.0, ""model_coordinate_key_ready"": true, ""output_shape"": [3000, 1000], ""plot_coordinate_key_ready"": true, ""profile"": ""simulation_3_pca50_neighbors30_umap3"", ""random_seed"": 56, ""steps"": [{""operation"": ""log1p_if_max_gt"", ""parameters"": {""threshold"": 100}, ""status"": ""skipped_already_below_threshold""}, {""operation"": ""pca"", ""parameters"": {""n_comps"": 50, ""random_state"": 0, ""svd_solver"": ""arpack"", ""use_highly_variable"": false, ""zero_center"": true}, ""status"": ""applied""}, {""operation"": ""neighbors"", ""parameters"": {""method"": ""umap"", ""metric"": ""euclidean"", ""n_neighbors"": 30, ""n_pcs"": 30, ""random_state"": 0}, ""status"": ""applied""}, {""operation"": ""umap"", ""parameters"": {""a"": 0.5830300204883174, ""b"": 1.3341669924555197, ""n_components"": 3, ""preserve_existing"": false, ""random_state"": 0}, ""status"": ""applied""}]}"
16,57,57,26,gold_reference_simulation,stored_simulation_generating_trajectory,3,138,0.0018517931729233,0.9681173828551474,352,28.4035625999677,83.25121720001334,111.65477979998104,50.11563240003306,1083.386719,287.0273438,"[2252,357,399,1490,2041,2914,352,368,2869,1140,2714,1050,442,2015,1808,743,2880,2422,1822,2873,2474,251,1025,949,229,2562,543,2669,892,2715,940,2157,1175,1023,2598,2339,1526,803,1087,779,2488,2054,109,786,952,2745,567,539,2947,2603,1913,1363,2570,1651,1784]","[2252,357,399,1490,2041,2914,352,368,2869,101,2359,587,1809,2586,145,1335,117,616,1220,1285,2328,602,84,2589,1228,2811,2803,2365,1447,1754,1759,804,1071,269,2173,1730,1722,2769,1764,2688,277,387,1190,2816,2674,2740,373,2049,2910,141,2055,2723,1338,797,1332,166,233,1395,1390,1567,2637,1158,2337,541,2828,17,2095,1440,459,2826]","[2252,357,399,1490,2041,2914,352,368,2869,1140,2714,1050,442,2015,1808,743,2880,2422,1822,2873,2474,251,1025,2335,2893,811,547,2946,1626,1418,2373,2409,1531,370,661,2472,902,2061,1907,593,2361,2656,1324,2083,2820]","[2252,357,399,1490,2041,2914,352,368,2869,1140,2714,1050,442,2015,1808,743,2880,2422,1822,2873,2474,251,1025,949,229,2562,543,2669,892,2715,940,2157,1175,1023,2598,2339,1526,803,1087,779,2488,2054,109,786,952,2745,567,539,2947,2603,1913,1363,2570,1651,1784]",0.975172431915887,0.9945768912851344,0.9585144756340408,"[2252,357,399,1490,2041,2914,352,368,2869,101,2359,587,1809,2586,145,1335,117,616,1220,1285,2328,602,84,2589,1228,2811,2803,2365,1447,1754,1759,804,1071,269,2173,1730,1722,2769,1764,2688,277,387,1190,2816,2674,2740,373,2049,2910,141,2055,2723,1338,797,1332,166,233,1395,1390,1567,2637,1158,2337,541,2828,17,2095,1440,459,2826]",0.9867914974101925,0.9977670847184492,0.9752813048724208,"[2252,357,399,1490,2041,2914,352,368,2869,1140,2714,1050,442,2015,1808,743,2880,2422,1822,2873,2474,251,1025,2335,2893,811,547,2946,1626,1418,2373,2409,1531,370,661,2472,902,2061,1907,593,2361,2656,1324,2083,2820]",0.9804925183439333,0.9823405367925416,0.9175923840148188,0.9704767226788844,0.9722958557779576,0.8907806256401398,0.9726568213729324,0.9747246575692936,0.8872987366278468,Simulation scores compare against the stored generating trajectory.,0.9607245273604326,0.6674095325408137,0.9346692369882592,0.9936678955207928,0.8784612778427591,0.9726568213729324,0.9747246575692936,0.8872987366278468,success,,official R dyneval on exported dynwrap trajectories,"Saelens et al., Nature Biotechnology (2019), doi:10.1038/s41587-019-0071-9",v2.0,4.6.1,0.9.9,1.3.0,1.0.1,1.1.0,daeb26af7d40c21b32283af31beb17a8ee8c3c6f,319bcfe3a0e38af45f368d2a53146165416d1a8a,b6fa729b1bc531e179aec3f3d7aa14cd8ef2015e,63fb255c894df1ba6d72b50bd0fb02d78bcee2af,0,1,0,0.9582810883688776,TRUE,TRUE,TRUE,simulation_3_pca50_neighbors30_umap3,4,log1p_if_max_gt|pca|neighbors|umap,57,3000x1000,3000x1000,"{""completed_before_inference"": true, ""input_shape"": [3000, 1000], ""input_x_max"": 9.404547122747095, ""input_x_min"": 0.0, ""model_coordinate_key_ready"": true, ""output_shape"": [3000, 1000], ""plot_coordinate_key_ready"": true, ""profile"": ""simulation_3_pca50_neighbors30_umap3"", ""random_seed"": 57, ""steps"": [{""operation"": ""log1p_if_max_gt"", ""parameters"": {""threshold"": 100}, ""status"": ""skipped_already_below_threshold""}, {""operation"": ""pca"", ""parameters"": {""n_comps"": 50, ""random_state"": 0, ""svd_solver"": ""arpack"", ""use_highly_variable"": false, ""zero_center"": true}, ""status"": ""applied""}, {""operation"": ""neighbors"", ""parameters"": {""method"": ""umap"", ""metric"": ""euclidean"", ""n_neighbors"": 30, ""n_pcs"": 30, ""random_state"": 0}, ""status"": ""applied""}, {""operation"": ""umap"", ""parameters"": {""a"": 0.5830300204883174, ""b"": 1.3341669924555197, ""n_components"": 3, ""preserve_existing"": false, ""random_state"": 0}, ""status"": ""applied""}]}"
17,58,58,26,gold_reference_simulation,stored_simulation_generating_trajectory,3,134,0.0009928208039185,0.986518602206272,258,18.70855430001393,91.3158188999514,110.02437319996534,48.31938349996926,1098.125,302,"[2252,258,1308,1832,2914,935,368,2869,2118,751,2287,150,976,743,216,1895,1111,899,1943,2025,300,2042,1267,2366,1747,1540,784,2471,1441,505,78,2277,1164,2601,1526,953,2244,2488,2654,2240,847,1024,2382,1282,1150,2151,539,1787,395,1913,127,206,434,1297,2467,1784]","[2252,258,1308,1832,2914,935,368,2869,1183,571,1394,1353,180,2381,145,1886,2479,1097,1446,2911,117,2282,239,1875,146,2174,1080,1873,2053,1634,1810,2187,2592,928,301,1447,598,978,2016,2144,2216,1209,269,2038,2748,675,1595,1325,260,1055,475,1950,2531,2497,2725,1877,1311,795,758,450,281,766,478,566,2686,541,957,1752,2830,2941,2695,1713,2233,459,2826]","[2252,258,1308,1832,2914,935,368,2869,2118,751,2287,150,976,743,216,1895,1111,899,1943,2025,300,2042,1267,2366,1747,1540,784,2471,1441,194,468,116,2491,2516,1204,2866,2692,2620,2322,2820]","[2252,258,1308,1832,2914,935,368,2869,2118,751,2287,150,976,743,216,1895,1111,899,1943,2025,300,2042,1267,2366,1747,1540,784,2471,1441,505,78,2277,1164,2601,1526,953,2244,2488,2654,2240,847,1024,2382,1282,1150,2151,539,1787,395,1913,127,206,434,1297,2467,1784]",0.9692189551657612,0.993625768016934,0.9556169534680128,"[2252,258,1308,1832,2914,935,368,2869,1183,571,1394,1353,180,2381,145,1886,2479,1097,1446,2911,117,2282,239,1875,146,2174,1080,1873,2053,1634,1810,2187,2592,928,301,1447,598,978,2016,2144,2216,1209,269,2038,2748,675,1595,1325,260,1055,475,1950,2531,2497,2725,1877,1311,795,758,450,281,766,478,566,2686,541,957,1752,2830,2941,2695,1713,2233,459,2826]",0.981972235082904,0.9968945730671966,0.9672443132743462,"[2252,258,1308,1832,2914,935,368,2869,2118,751,2287,150,976,743,216,1895,1111,899,1943,2025,300,2042,1267,2366,1747,1540,784,2471,1441,194,468,116,2491,2516,1204,2866,2692,2620,2322,2820]",0.991543055938164,0.9947878189585756,0.9643239807047316,0.9687955824000158,0.97298876415596,0.883710936418105,0.965571785750824,0.9666882825721066,0.866546631483689,Simulation scores compare against the stored generating trajectory.,0.9597120336433916,0.6849259231083682,0.8650427196775972,0.9705476219266562,0.8619056692448377,0.965571785750824,0.9666882825721066,0.866546631483689,success,,official R dyneval on exported dynwrap trajectories,"Saelens et al., Nature Biotechnology (2019), doi:10.1038/s41587-019-0071-9",v2.0,4.6.1,0.9.9,1.3.0,1.0.1,1.1.0,daeb26af7d40c21b32283af31beb17a8ee8c3c6f,319bcfe3a0e38af45f368d2a53146165416d1a8a,b6fa729b1bc531e179aec3f3d7aa14cd8ef2015e,63fb255c894df1ba6d72b50bd0fb02d78bcee2af,0,1,0,0.9584929338306896,TRUE,TRUE,TRUE,simulation_3_pca50_neighbors30_umap3,4,log1p_if_max_gt|pca|neighbors|umap,58,3000x1000,3000x1000,"{""completed_before_inference"": true, ""input_shape"": [3000, 1000], ""input_x_max"": 9.404547122747095, ""input_x_min"": 0.0, ""model_coordinate_key_ready"": true, ""output_shape"": [3000, 1000], ""plot_coordinate_key_ready"": true, ""profile"": ""simulation_3_pca50_neighbors30_umap3"", ""random_seed"": 58, ""steps"": [{""operation"": ""log1p_if_max_gt"", ""parameters"": {""threshold"": 100}, ""status"": ""skipped_already_below_threshold""}, {""operation"": ""pca"", ""parameters"": {""n_comps"": 50, ""random_state"": 0, ""svd_solver"": ""arpack"", ""use_highly_variable"": false, ""zero_center"": true}, ""status"": ""applied""}, {""operation"": ""neighbors"", ""parameters"": {""method"": ""umap"", ""metric"": ""euclidean"", ""n_neighbors"": 30, ""n_pcs"": 30, ""random_state"": 0}, ""status"": ""applied""}, {""operation"": ""umap"", ""parameters"": {""a"": 0.5830300204883174, ""b"": 1.3341669924555197, ""n_components"": 3, ""preserve_existing"": false, ""random_state"": 0}, ""status"": ""applied""}]}"
18,59,59,26,gold_reference_simulation,stored_simulation_generating_trajectory,3,119,0.0005740866266005,0.989719070452214,58,19.10908109997399,88.32252430001972,107.43160539999371,44.07486439996865,1109.519531,312.6015625,"[2252,1017,740,1826,58,535,368,2869,101,1712,904,1808,440,2281,2880,2517,1154,1479,2046,1661,2650,2626,827,1842,693,394,1833,754,171,162,1040,2339,1526,1087,1438,1573,2273,294,2,1358,2279,2374,1301,2709,2720,575,937,1404,1651,1784]","[2252,1017,740,1826,58,535,368,2869,101,2678,34,2197,2787,1310,1858,2608,1132,331,1614,1184,1234,2530,2940,2187,1996,2803,1477,1769,804,1196,2635,2539,522,807,2728,1885,311,1092,2497,1641,1445,2863,781,234,1332,498,766,1395,2686,1399,1197,1818,23,2826]","[2252,1017,740,1826,58,535,368,2869,101,1712,904,1808,440,2281,2880,2517,1154,1479,412,2694,2025,2944,2852,2893,547,2925,409,2946,1418,2739,1407,661,2294,469,778,2736,1100,124,1655,8,2358,2820]","[2252,1017,740,1826,58,535,368,2869,101,1712,904,1808,440,2281,2880,2517,1154,1479,2046,1661,2650,2626,827,1842,693,394,1833,754,171,162,1040,2339,1526,1087,1438,1573,2273,294,2,1358,2279,2374,1301,2709,2720,575,937,1404,1651,1784]",0.9759951936736584,0.996488660346515,0.9722743050113218,"[2252,1017,740,1826,58,535,368,2869,101,2678,34,2197,2787,1310,1858,2608,1132,331,1614,1184,1234,2530,2940,2187,1996,2803,1477,1769,804,1196,2635,2539,522,807,2728,1885,311,1092,2497,1641,1445,2863,781,234,1332,498,766,1395,2686,1399,1197,1818,23,2826]",0.9842391985494118,0.9969470305172125,0.9706174027185704,"[2252,1017,740,1826,58,535,368,2869,101,1712,904,1808,440,2281,2880,2517,1154,1479,412,2694,2025,2944,2852,2893,547,2925,409,2946,1418,2739,1407,661,2294,469,778,2736,1100,124,1655,8,2358,2820]",0.9833451708911164,0.9898048344006856,0.9413450944094142,0.9612092429466608,0.961205646506424,0.8585070077857743,0.9616139612143084,0.9576884722675986,0.8490295011895631,Simulation scores compare against the stored generating trajectory.,0.9461610047086838,0.6658239193249341,0.900222733746097,0.9768557826421168,0.8627326147802724,0.9616139612143084,0.9576884722675986,0.8490295011895631,success,,official R dyneval on exported dynwrap trajectories,"Saelens et al., Nature Biotechnology (2019), doi:10.1038/s41587-019-0071-9",v2.0,4.6.1,0.9.9,1.3.0,1.0.1,1.1.0,daeb26af7d40c21b32283af31beb17a8ee8c3c6f,319bcfe3a0e38af45f368d2a53146165416d1a8a,b6fa729b1bc531e179aec3f3d7aa14cd8ef2015e,63fb255c894df1ba6d72b50bd0fb02d78bcee2af,0,1,0,0.9555166914897072,TRUE,TRUE,TRUE,simulation_3_pca50_neighbors30_umap3,4,log1p_if_max_gt|pca|neighbors|umap,59,3000x1000,3000x1000,"{""completed_before_inference"": true, ""input_shape"": [3000, 1000], ""input_x_max"": 9.404547122747095, ""input_x_min"": 0.0, ""model_coordinate_key_ready"": true, ""output_shape"": [3000, 1000], ""plot_coordinate_key_ready"": true, ""profile"": ""simulation_3_pca50_neighbors30_umap3"", ""random_seed"": 59, ""steps"": [{""operation"": ""log1p_if_max_gt"", ""parameters"": {""threshold"": 100}, ""status"": ""skipped_already_below_threshold""}, {""operation"": ""pca"", ""parameters"": {""n_comps"": 50, ""random_state"": 0, ""svd_solver"": ""arpack"", ""use_highly_variable"": false, ""zero_center"": true}, ""status"": ""applied""}, {""operation"": ""neighbors"", ""parameters"": {""method"": ""umap"", ""metric"": ""euclidean"", ""n_neighbors"": 30, ""n_pcs"": 30, ""random_state"": 0}, ""status"": ""applied""}, {""operation"": ""umap"", ""parameters"": {""a"": 0.5830300204883174, ""b"": 1.3341669924555197, ""n_components"": 3, ""preserve_existing"": false, ""random_state"": 0}, ""status"": ""applied""}]}"
19,60,60,26,gold_reference_simulation,stored_simulation_generating_trajectory,3,132,0.0017766921412122,0.9738894876197168,368,16.855397999985144,73.39528769999743,90.25068569998255,44.49214599997504,1078.675781,281.8007813,"[2252,1435,740,1826,2051,1458,368,2869,2087,1796,1670,442,798,1609,743,1621,2281,2818,1252,1111,1806,1871,2872,2547,300,624,2424,636,1926,428,2012,201,162,2203,1526,2609,2149,1438,2794,1117,43,793,847,66,443,395,2462,12,2357,1651,1784]","[2252,1435,740,1826,2051,1458,368,2869,2043,89,1866,174,1927,1809,1317,519,1397,1310,524,1971,1132,1550,844,331,2328,2327,2892,2053,2871,1718,1996,2556,2156,301,1754,1337,978,2016,2406,240,1355,1908,565,857,2449,509,2561,1235,1596,1451,2023,1483,552,2711,1617,2522,1877,1581,795,175,1938,166,2832,1232,2579,2686,2022,99,2512,23,2826]","[2252,1435,740,1826,2051,1458,368,2869,2087,1796,1670,442,798,1609,743,1621,2281,2818,1252,1111,1806,1871,2872,2547,300,2988,1298,1058,2783,2933,667,1611,2595,902,2061,2904,2578,556,1115,2387,105,2358,2820]","[2252,1435,740,1826,2051,1458,368,2869,2087,1796,1670,442,798,1609,743,1621,2281,2818,1252,1111,1806,1871,2872,2547,300,624,2424,636,1926,428,2012,201,162,2203,1526,2609,2149,1438,2794,1117,43,793,847,66,443,395,2462,12,2357,1651,1784]",0.9901674639180624,0.9951283563294516,0.9641928578592868,"[2252,1435,740,1826,2051,1458,368,2869,2043,89,1866,174,1927,1809,1317,519,1397,1310,524,1971,1132,1550,844,331,2328,2327,2892,2053,2871,1718,1996,2556,2156,301,1754,1337,978,2016,2406,240,1355,1908,565,857,2449,509,2561,1235,1596,1451,2023,1483,552,2711,1617,2522,1877,1581,795,175,1938,166,2832,1232,2579,2686,2022,99,2512,23,2826]",0.985732352055641,0.9979272569764496,0.9751562484862476,"[2252,1435,740,1826,2051,1458,368,2869,2087,1796,1670,442,798,1609,743,1621,2281,2818,1252,1111,1806,1871,2872,2547,300,2988,1298,1058,2783,2933,667,1611,2595,902,2061,2904,2578,556,1115,2387,105,2358,2820]",0.973273374049342,0.9811502121388566,0.920232357078166,0.9594299459676746,0.960952388762724,0.866738172927652,0.9643656830217572,0.9535005368064176,0.8444983824722982,Simulation scores compare against the stored generating trajectory.,0.959614893433014,0.7015593300976222,0.9176997268338848,0.9809069657697108,0.8823125392306592,0.9643656830217572,0.9535005368064176,0.8444983824722982,success,,official R dyneval on exported dynwrap trajectories,"Saelens et al., Nature Biotechnology (2019), doi:10.1038/s41587-019-0071-9",v2.0,4.6.1,0.9.9,1.3.0,1.0.1,1.1.0,daeb26af7d40c21b32283af31beb17a8ee8c3c6f,319bcfe3a0e38af45f368d2a53146165416d1a8a,b6fa729b1bc531e179aec3f3d7aa14cd8ef2015e,63fb255c894df1ba6d72b50bd0fb02d78bcee2af,0,1,0,0.9476736985031102,TRUE,TRUE,TRUE,simulation_3_pca50_neighbors30_umap3,4,log1p_if_max_gt|pca|neighbors|umap,60,3000x1000,3000x1000,"{""completed_before_inference"": true, ""input_shape"": [3000, 1000], ""input_x_max"": 9.404547122747095, ""input_x_min"": 0.0, ""model_coordinate_key_ready"": true, ""output_shape"": [3000, 1000], ""plot_coordinate_key_ready"": true, ""profile"": ""simulation_3_pca50_neighbors30_umap3"", ""random_seed"": 60, ""steps"": [{""operation"": ""log1p_if_max_gt"", ""parameters"": {""threshold"": 100}, ""status"": ""skipped_already_below_threshold""}, {""operation"": ""pca"", ""parameters"": {""n_comps"": 50, ""random_state"": 0, ""svd_solver"": ""arpack"", ""use_highly_variable"": false, ""zero_center"": true}, ""status"": ""applied""}, {""operation"": ""neighbors"", ""parameters"": {""method"": ""umap"", ""metric"": ""euclidean"", ""n_neighbors"": 30, ""n_pcs"": 30, ""random_state"": 0}, ""status"": ""applied""}, {""operation"": ""umap"", ""parameters"": {""a"": 0.5830300204883174, ""b"": 1.3341669924555197, ""n_components"": 3, ""preserve_existing"": false, ""random_state"": 0}, ""status"": ""applied""}]}"
20,61,61,26,gold_reference_simulation,stored_simulation_generating_trajectory,3,126,0.0011017389826193,0.9819454070318132,368,18.179600600036792,161.74522250000155,179.92482310003834,69.34170349995838,1108.15625,312.34375,"[2252,2744,2523,1490,2231,2991,368,2869,2118,2963,150,904,480,743,1621,216,2880,1252,1898,821,2631,2873,2872,2650,639,949,738,1348,2405,1974,350,2283,1,2329,1702,2148,1194,489,1312,1364,91,956,1180,963,2262,2279,2490,2841,2617,345,1491,247,1159,140,2389,12,1505,2348,1784]","[2252,2744,2523,1490,2231,2991,368,2869,1694,1881,587,2809,2671,748,41,1815,2700,1625,386,2741,2572,1613,128,857,522,1885,961,2168,2754,1431,1445,694,1723,558,982,1395,566,1093,28,99,2095,1440,1292,2826]","[2252,2744,2523,1490,2231,2991,368,2869,2118,2963,150,904,480,743,1621,216,2880,1252,1898,821,2631,2873,2872,2650,639,949,738,2749,707,1061,2008,2804,2056,812,1915,1389,810,1502,209,323,2978,487,97,2334,13,2757,1544,1677,647,727,2736,1144,2578,312,555,1721,2473,2820]","[2252,2744,2523,1490,2231,2991,368,2869,2118,2963,150,904,480,743,1621,216,2880,1252,1898,821,2631,2873,2872,2650,639,949,738,1348,2405,1974,350,2283,1,2329,1702,2148,1194,489,1312,1364,91,956,1180,963,2262,2279,2490,2841,2617,345,1491,247,1159,140,2389,12,1505,2348,1784]",0.983323999939948,0.9971477494446972,0.9709986552493692,"[2252,2744,2523,1490,2231,2991,368,2869,1694,1881,587,2809,2671,748,41,1815,2700,1625,386,2741,2572,1613,128,857,522,1885,961,2168,2754,1431,1445,694,1723,558,982,1395,566,1093,28,99,2095,1440,1292,2826]",0.991948720025716,0.9957297127147416,0.9678544970397162,"[2252,2744,2523,1490,2231,2991,368,2869,2118,2963,150,904,480,743,1621,216,2880,1252,1898,821,2631,2873,2872,2650,639,949,738,2749,707,1061,2008,2804,2056,812,1915,1389,810,1502,209,323,2978,487,97,2334,13,2757,1544,1677,647,727,2736,1144,2578,312,555,1721,2473,2820]",0.985478436538164,0.9923740762216988,0.9489241414358702,0.9699649044386054,0.9715417035620764,0.8757683769123954,0.9634799147063672,0.9622618012392358,0.8523525070862629,Simulation scores compare against the stored generating trajectory.,0.976093810914074,0.6851886712596927,0.9476947279446738,0.9967141965870498,0.8915284575973218,0.9634799147063672,0.9622618012392358,0.8523525070862629,success,,official R dyneval on exported dynwrap trajectories,"Saelens et al., Nature Biotechnology (2019), doi:10.1038/s41587-019-0071-9",v2.0,4.6.1,0.9.9,1.3.0,1.0.1,1.1.0,daeb26af7d40c21b32283af31beb17a8ee8c3c6f,319bcfe3a0e38af45f368d2a53146165416d1a8a,b6fa729b1bc531e179aec3f3d7aa14cd8ef2015e,63fb255c894df1ba6d72b50bd0fb02d78bcee2af,0,1,0,0.9402628611625424,TRUE,TRUE,TRUE,simulation_3_pca50_neighbors30_umap3,4,log1p_if_max_gt|pca|neighbors|umap,61,3000x1000,3000x1000,"{""completed_before_inference"": true, ""input_shape"": [3000, 1000], ""input_x_max"": 9.404547122747095, ""input_x_min"": 0.0, ""model_coordinate_key_ready"": true, ""output_shape"": [3000, 1000], ""plot_coordinate_key_ready"": true, ""profile"": ""simulation_3_pca50_neighbors30_umap3"", ""random_seed"": 61, ""steps"": [{""operation"": ""log1p_if_max_gt"", ""parameters"": {""threshold"": 100}, ""status"": ""skipped_already_below_threshold""}, {""operation"": ""pca"", ""parameters"": {""n_comps"": 50, ""random_state"": 0, ""svd_solver"": ""arpack"", ""use_highly_variable"": false, ""zero_center"": true}, ""status"": ""applied""}, {""operation"": ""neighbors"", ""parameters"": {""method"": ""umap"", ""metric"": ""euclidean"", ""n_neighbors"": 30, ""n_pcs"": 30, ""random_state"": 0}, ""status"": ""applied""}, {""operation"": ""umap"", ""parameters"": {""a"": 0.5830300204883174, ""b"": 1.3341669924555197, ""n_components"": 3, ""preserve_existing"": false, ""random_state"": 0}, ""status"": ""applied""}]}"
21,62,62,26,gold_reference_simulation,stored_simulation_generating_trajectory,3,117,0.0020083674525487,0.9519295651545226,226,17.05136590002803,78.83858290000353,95.88994880003156,44.17950930004008,1106.785156,312.0742188,"[2252,357,875,226,2094,2902,368,2869,1891,2224,2102,1670,2821,138,2346,2096,1895,1111,1036,412,1240,2025,989,2893,230,2562,493,22,2986,1513,1771,2261,720,205,489,2903,91,1137,956,73,2047,656,2276,1358,152,432,771,298,2349,1301,1314,307,1846,492,2389,288,852,213,2983,1589,1784]","[2252,357,875,226,2094,2902,368,2869,1694,2573,587,145,1886,325,1342,1136,653,2868,1563,880,1769,1613,240,2993,332,2295,785,2754,1431,1617,2968,2863,1918,883,1189,1395,1398,2686,957,2778,733,760,2826]","[2252,357,875,226,2094,2902,368,2869,1891,2224,2102,1670,2821,138,2346,2096,1895,1111,1036,412,1240,2025,989,2926,1042,810,1046,223,1407,997,661,2595,1412,1003,2312,2045,2817,69,59,556,860,2992,330,2820]","[2252,357,875,226,2094,2902,368,2869,1891,2224,2102,1670,2821,138,2346,2096,1895,1111,1036,412,1240,2025,989,2893,230,2562,493,22,2986,1513,1771,2261,720,205,489,2903,91,1137,956,73,2047,656,2276,1358,152,432,771,298,2349,1301,1314,307,1846,492,2389,288,852,213,2983,1589,1784]",0.9661893170654005,0.9971937424214092,0.9717547059949851,"[2252,357,875,226,2094,2902,368,2869,1694,2573,587,145,1886,325,1342,1136,653,2868,1563,880,1769,1613,240,2993,332,2295,785,2754,1431,1617,2968,2863,1918,883,1189,1395,1398,2686,957,2778,733,760,2826]",0.9939163372041064,0.9981862853418476,0.9815600938221236,"[2252,357,875,226,2094,2902,368,2869,1891,2224,2102,1670,2821,138,2346,2096,1895,1111,1036,412,1240,2025,989,2926,1042,810,1046,223,1407,997,661,2595,1412,1003,2312,2045,2817,69,59,556,860,2992,330,2820]",0.9896456443039848,0.9931522838022658,0.9494982741670704,0.9594239067641718,0.9620339230380024,0.8644312496399034,0.9631101270068496,0.9660905323741988,0.8618364396111254,Simulation scores compare against the stored generating trajectory.,0.9746134382729708,0.6760651862855157,0.9422242225617484,0.9926372952464072,0.8860157770075451,0.9631101270068496,0.9660905323741988,0.8618364396111254,success,,official R dyneval on exported dynwrap trajectories,"Saelens et al., Nature Biotechnology (2019), doi:10.1038/s41587-019-0071-9",v2.0,4.6.1,0.9.9,1.3.0,1.0.1,1.1.0,daeb26af7d40c21b32283af31beb17a8ee8c3c6f,319bcfe3a0e38af45f368d2a53146165416d1a8a,b6fa729b1bc531e179aec3f3d7aa14cd8ef2015e,63fb255c894df1ba6d72b50bd0fb02d78bcee2af,0,1,0,0.961004247098516,TRUE,TRUE,TRUE,simulation_3_pca50_neighbors30_umap3,4,log1p_if_max_gt|pca|neighbors|umap,62,3000x1000,3000x1000,"{""completed_before_inference"": true, ""input_shape"": [3000, 1000], ""input_x_max"": 9.404547122747095, ""input_x_min"": 0.0, ""model_coordinate_key_ready"": true, ""output_shape"": [3000, 1000], ""plot_coordinate_key_ready"": true, ""profile"": ""simulation_3_pca50_neighbors30_umap3"", ""random_seed"": 62, ""steps"": [{""operation"": ""log1p_if_max_gt"", ""parameters"": {""threshold"": 100}, ""status"": ""skipped_already_below_threshold""}, {""operation"": ""pca"", ""parameters"": {""n_comps"": 50, ""random_state"": 0, ""svd_solver"": ""arpack"", ""use_highly_variable"": false, ""zero_center"": true}, ""status"": ""applied""}, {""operation"": ""neighbors"", ""parameters"": {""method"": ""umap"", ""metric"": ""euclidean"", ""n_neighbors"": 30, ""n_pcs"": 30, ""random_state"": 0}, ""status"": ""applied""}, {""operation"": ""umap"", ""parameters"": {""a"": 0.5830300204883174, ""b"": 1.3341669924555197, ""n_components"": 3, ""preserve_existing"": false, ""random_state"": 0}, ""status"": ""applied""}]}"
22,63,63,26,gold_reference_simulation,stored_simulation_generating_trajectory,3,124,0.0015265673908945,0.9828868554670208,58,18.04642229998717,82.40011149999918,100.44653379998636,47.73640720004914,1084.46875,288.1289063,"[2252,2886,943,2011,2440,58,82,368,2869,1140,2714,1050,904,480,743,228,1898,1981,2501,1479,2046,1025,2335,2108,1276,1169,784,1410,1350,78,1175,2080,2339,91,1180,963,546,808,1374,1358,1231,2150,2722,596,1678,2391,1774,1363,1763,2570,2917,1784]","[2252,2886,943,2011,2440,58,82,368,2869,1694,2743,1782,1927,887,2797,681,1176,1672,2067,2393,193,117,748,2870,653,1873,2321,241,787,192,2685,2788,2922,332,212,509,1235,2834,874,1483,2844,2402,1392,2179,1445,1804,2964,1704,1059,1692,1432,1909,2883,1592,1189,1395,2013,1639,930,1004,1160,2684,2828,1202,2800,2854,1292,2826]","[2252,2886,943,2011,2440,58,82,368,2869,1140,2714,1050,904,480,743,228,1898,1981,2501,1479,2046,1025,2335,2108,1276,1169,784,1410,1350,1783,2493,1876,1975,2137,1168,2376,1344,198,1329,1270,2747,2820]","[2252,2886,943,2011,2440,58,82,368,2869,1140,2714,1050,904,480,743,228,1898,1981,2501,1479,2046,1025,2335,2108,1276,1169,784,1410,1350,78,1175,2080,2339,91,1180,963,546,808,1374,1358,1231,2150,2722,596,1678,2391,1774,1363,1763,2570,2917,1784]",0.9761967381072536,0.995789808508467,0.9655895125804224,"[2252,2886,943,2011,2440,58,82,368,2869,1694,2743,1782,1927,887,2797,681,1176,1672,2067,2393,193,117,748,2870,653,1873,2321,241,787,192,2685,2788,2922,332,212,509,1235,2834,874,1483,2844,2402,1392,2179,1445,1804,2964,1704,1059,1692,1432,1909,2883,1592,1189,1395,2013,1639,930,1004,1160,2684,2828,1202,2800,2854,1292,2826]",0.9914082841467384,0.9964842994972772,0.9668488637391278,"[2252,2886,943,2011,2440,58,82,368,2869,1140,2714,1050,904,480,743,228,1898,1981,2501,1479,2046,1025,2335,2108,1276,1169,784,1410,1350,1783,2493,1876,1975,2137,1168,2376,1344,198,1329,1270,2747,2820]",0.990923159148844,0.9942802251294504,0.959989469597703,0.9809488229424792,0.9832060516165416,0.9140892074354356,0.9729568528678378,0.9737265640514962,0.884362857550618,Simulation scores compare against the stored generating trajectory.,0.9627442977924188,0.6715305731773106,0.8693375447584305,0.9720266309972078,0.8597275346445724,0.9729568528678378,0.9737265640514962,0.884362857550618,success,,official R dyneval on exported dynwrap trajectories,"Saelens et al., Nature Biotechnology (2019), doi:10.1038/s41587-019-0071-9",v2.0,4.6.1,0.9.9,1.3.0,1.0.1,1.1.0,daeb26af7d40c21b32283af31beb17a8ee8c3c6f,319bcfe3a0e38af45f368d2a53146165416d1a8a,b6fa729b1bc531e179aec3f3d7aa14cd8ef2015e,63fb255c894df1ba6d72b50bd0fb02d78bcee2af,0,1,0,0.9536171476762278,TRUE,TRUE,TRUE,simulation_3_pca50_neighbors30_umap3,4,log1p_if_max_gt|pca|neighbors|umap,63,3000x1000,3000x1000,"{""completed_before_inference"": true, ""input_shape"": [3000, 1000], ""input_x_max"": 9.404547122747095, ""input_x_min"": 0.0, ""model_coordinate_key_ready"": true, ""output_shape"": [3000, 1000], ""plot_coordinate_key_ready"": true, ""profile"": ""simulation_3_pca50_neighbors30_umap3"", ""random_seed"": 63, ""steps"": [{""operation"": ""log1p_if_max_gt"", ""parameters"": {""threshold"": 100}, ""status"": ""skipped_already_below_threshold""}, {""operation"": ""pca"", ""parameters"": {""n_comps"": 50, ""random_state"": 0, ""svd_solver"": ""arpack"", ""use_highly_variable"": false, ""zero_center"": true}, ""status"": ""applied""}, {""operation"": ""neighbors"", ""parameters"": {""method"": ""umap"", ""metric"": ""euclidean"", ""n_neighbors"": 30, ""n_pcs"": 30, ""random_state"": 0}, ""status"": ""applied""}, {""operation"": ""umap"", ""parameters"": {""a"": 0.5830300204883174, ""b"": 1.3341669924555197, ""n_components"": 3, ""preserve_existing"": false, ""random_state"": 0}, ""status"": ""applied""}]}"
23,64,64,26,gold_reference_simulation,stored_simulation_generating_trajectory,3,119,0.0024200433972256,0.9636847667169572,368,20.178545999981,95.55170400004135,115.73025000002237,53.34330970002338,1064.996094,268.78125,"[2252,2125,1230,2011,1031,2902,368,2869,2118,2963,317,2015,1808,1621,216,1538,1822,2873,1661,2650,2626,1830,936,2498,426,2429,2615,2167,1256,1551,2196,304,91,803,779,546,808,884,222,690,85,1904,27,1778,1178,2383,307,1405,354,12,2357,1651,1784]","[2252,2125,1230,2011,1031,2902,368,2869,2118,2963,2573,587,429,2671,2911,2282,2870,653,2618,2846,2100,2289,2788,2922,857,2716,2961,1939,387,2453,1617,2522,527,65,141,908,175,498,1592,2013,28,99,2512,23,2826]","[2252,2125,1230,2011,1031,2902,368,2869,2118,2963,317,2015,1808,1621,216,1538,1822,2873,1661,422,2025,2944,811,1186,2804,1487,114,1562,409,1433,2420,599,1246,2362,132,2039,1748,1428,1574,2137,843,1427,2930,1126,783,1547,2195,1575,862,2820]","[2252,2125,1230,2011,1031,2902,368,2869,2118,2963,317,2015,1808,1621,216,1538,1822,2873,1661,2650,2626,1830,936,2498,426,2429,2615,2167,1256,1551,2196,304,91,803,779,546,808,884,222,690,85,1904,27,1778,1178,2383,307,1405,354,12,2357,1651,1784]",0.976264832059972,0.9936612577895634,0.957656362086741,"[2252,2125,1230,2011,1031,2902,368,2869,2118,2963,2573,587,429,2671,2911,2282,2870,653,2618,2846,2100,2289,2788,2922,857,2716,2961,1939,387,2453,1617,2522,527,65,141,908,175,498,1592,2013,28,99,2512,23,2826]",0.9938972087397724,0.997988754784946,0.9795896894087645,"[2252,2125,1230,2011,1031,2902,368,2869,2118,2963,317,2015,1808,1621,216,1538,1822,2873,1661,422,2025,2944,811,1186,2804,1487,114,1562,409,1433,2420,599,1246,2362,132,2039,1748,1428,1574,2137,843,1427,2930,1126,783,1547,2195,1575,862,2820]",0.9830165612094632,0.9969467313647512,0.9714642993487026,0.9556111503499886,0.956272732619766,0.8441623419649714,0.9506879296761716,0.9548812946403464,0.8365947013305347,Simulation scores compare against the stored generating trajectory.,0.9456514750104618,0.6770584281959667,0.8999576501723858,0.99106513134824,0.8693014032288156,0.9506879296761716,0.9548812946403464,0.8365947013305347,success,,official R dyneval on exported dynwrap trajectories,"Saelens et al., Nature Biotechnology (2019), doi:10.1038/s41587-019-0071-9",v2.0,4.6.1,0.9.9,1.3.0,1.0.1,1.1.0,daeb26af7d40c21b32283af31beb17a8ee8c3c6f,319bcfe3a0e38af45f368d2a53146165416d1a8a,b6fa729b1bc531e179aec3f3d7aa14cd8ef2015e,63fb255c894df1ba6d72b50bd0fb02d78bcee2af,0,1,0,0.9321917190849668,TRUE,TRUE,TRUE,simulation_3_pca50_neighbors30_umap3,4,log1p_if_max_gt|pca|neighbors|umap,64,3000x1000,3000x1000,"{""completed_before_inference"": true, ""input_shape"": [3000, 1000], ""input_x_max"": 9.404547122747095, ""input_x_min"": 0.0, ""model_coordinate_key_ready"": true, ""output_shape"": [3000, 1000], ""plot_coordinate_key_ready"": true, ""profile"": ""simulation_3_pca50_neighbors30_umap3"", ""random_seed"": 64, ""steps"": [{""operation"": ""log1p_if_max_gt"", ""parameters"": {""threshold"": 100}, ""status"": ""skipped_already_below_threshold""}, {""operation"": ""pca"", ""parameters"": {""n_comps"": 50, ""random_state"": 0, ""svd_solver"": ""arpack"", ""use_highly_variable"": false, ""zero_center"": true}, ""status"": ""applied""}, {""operation"": ""neighbors"", ""parameters"": {""method"": ""umap"", ""metric"": ""euclidean"", ""n_neighbors"": 30, ""n_pcs"": 30, ""random_state"": 0}, ""status"": ""applied""}, {""operation"": ""umap"", ""parameters"": {""a"": 0.5830300204883174, ""b"": 1.3341669924555197, ""n_components"": 3, ""preserve_existing"": false, ""random_state"": 0}, ""status"": ""applied""}]}"
24,65,65,26,gold_reference_simulation,stored_simulation_generating_trajectory,3,141,0.0018020504845741,0.9693477706951849,368,19.38430849998258,99.42044030001853,118.80474880000112,53.27544719999423,1081.46875,284.3710938,"[2252,2744,411,389,2902,368,2869,1694,735,2015,480,441,228,63,974,1565,2091,899,1943,2177,2650,697,2825,1265,1833,1735,754,171,905,2932,2339,1526,2609,953,803,779,2654,109,884,793,27,2704,2382,1282,567,2073,1105,494,461,822,1913,206,549,1018,1274,1763,1297,2147,1784]","[2252,2744,411,389,2902,368,2869,1694,751,587,853,429,2671,894,2428,41,2648,1283,2670,2110,2611,1625,386,880,1233,2572,804,1355,240,2267,1286,579,996,1882,807,2752,144,360,378,1617,1877,2968,2563,2475,1844,1059,2299,914,2508,745,1909,1554,436,211,1129,832,2378,1135,10,1288,1093,957,99,2512,760,2826]","[2252,2744,411,389,2902,368,2869,1694,735,2015,480,441,2281,1690,1509,49,2712,1822,2873,2025,989,2926,923,134,2409,1046,2739,1958,2079,778,1100,2896,2191,2070,845,2820]","[2252,2744,411,389,2902,368,2869,1694,735,2015,480,441,228,63,974,1565,2091,899,1943,2177,2650,697,2825,1265,1833,1735,754,171,905,2932,2339,1526,2609,953,803,779,2654,109,884,793,27,2704,2382,1282,567,2073,1105,494,461,822,1913,206,549,1018,1274,1763,1297,2147,1784]",0.9681044554738228,0.9954751501259144,0.965828147263092,"[2252,2744,411,389,2902,368,2869,1694,751,587,853,429,2671,894,2428,41,2648,1283,2670,2110,2611,1625,386,880,1233,2572,804,1355,240,2267,1286,579,996,1882,807,2752,144,360,378,1617,1877,2968,2563,2475,1844,1059,2299,914,2508,745,1909,1554,436,211,1129,832,2378,1135,10,1288,1093,957,99,2512,760,2826]",0.9771902476025393,0.9970007005937996,0.9683175814343404,"[2252,2744,411,389,2902,368,2869,1694,735,2015,480,441,2281,1690,1509,49,2712,1822,2873,2025,989,2926,923,134,2409,1046,2739,1958,2079,778,1100,2896,2191,2070,845,2820]",0.9841736053015172,0.991623628313773,0.9493457597051445,0.9586389635048412,0.9663748819620892,0.8629782225441829,0.96739572728475,0.9740515037607428,0.8791425068813672,Simulation scores compare against the stored generating trajectory.,0.892418308342882,0.6211796663769412,0.8474059466302886,0.9069909296070482,0.8079231239397945,0.96739572728475,0.9740515037607428,0.8791425068813672,success,,official R dyneval on exported dynwrap trajectories,"Saelens et al., Nature Biotechnology (2019), doi:10.1038/s41587-019-0071-9",v2.0,4.6.1,0.9.9,1.3.0,1.0.1,1.1.0,daeb26af7d40c21b32283af31beb17a8ee8c3c6f,319bcfe3a0e38af45f368d2a53146165416d1a8a,b6fa729b1bc531e179aec3f3d7aa14cd8ef2015e,63fb255c894df1ba6d72b50bd0fb02d78bcee2af,0,1,0,0.9583896800347028,TRUE,TRUE,TRUE,simulation_3_pca50_neighbors30_umap3,4,log1p_if_max_gt|pca|neighbors|umap,65,3000x1000,3000x1000,"{""completed_before_inference"": true, ""input_shape"": [3000, 1000], ""input_x_max"": 9.404547122747095, ""input_x_min"": 0.0, ""model_coordinate_key_ready"": true, ""output_shape"": [3000, 1000], ""plot_coordinate_key_ready"": true, ""profile"": ""simulation_3_pca50_neighbors30_umap3"", ""random_seed"": 65, ""steps"": [{""operation"": ""log1p_if_max_gt"", ""parameters"": {""threshold"": 100}, ""status"": ""skipped_already_below_threshold""}, {""operation"": ""pca"", ""parameters"": {""n_comps"": 50, ""random_state"": 0, ""svd_solver"": ""arpack"", ""use_highly_variable"": false, ""zero_center"": true}, ""status"": ""applied""}, {""operation"": ""neighbors"", ""parameters"": {""method"": ""umap"", ""metric"": ""euclidean"", ""n_neighbors"": 30, ""n_pcs"": 30, ""random_state"": 0}, ""status"": ""applied""}, {""operation"": ""umap"", ""parameters"": {""a"": 0.5830300204883174, ""b"": 1.3341669924555197, ""n_components"": 3, ""preserve_existing"": false, ""random_state"": 0}, ""status"": ""applied""}]}"
25,66,66,26,gold_reference_simulation,stored_simulation_generating_trajectory,3,131,0.0023336307717401,0.9558202173804368,368,21.125142199976835,105.56539699999848,126.69053919997532,54.01783580001211,1099.585938,302.4492188,"[2252,2886,1703,698,2231,2991,368,2869,2118,2287,2743,2360,2015,480,743,228,2818,1043,899,2948,2177,2025,989,1276,1378,1662,933,1771,205,489,1208,91,2320,2047,2794,1002,43,1408,1874,432,2477,298,2438,596,1258,1994,2959,1505,2348,1784]","[2252,2886,1703,698,2231,2991,368,2869,2087,2433,2881,1927,1910,516,660,1176,1590,2393,193,748,41,30,1080,1072,11,2308,635,2365,1447,2572,1613,911,1355,1284,1605,385,701,671,1789,1749,2815,1736,979,552,360,1431,2740,694,1723,2299,2392,1212,1938,1643,233,2883,281,2622,2686,1323,1752,2980,2596,2426,2826]","[2252,2886,1703,698,2231,2991,368,2869,2118,2287,2743,2360,2015,480,743,228,2818,1043,899,2948,2177,2025,300,1706,1298,1058,2783,1151,812,235,1559,1531,2085,1936,2899,1604,431,2460,125,1960,2930,2653,1086,2620,2322,2820]","[2252,2886,1703,698,2231,2991,368,2869,2118,2287,2743,2360,2015,480,743,228,2818,1043,899,2948,2177,2025,989,1276,1378,1662,933,1771,205,489,1208,91,2320,2047,2794,1002,43,1408,1874,432,2477,298,2438,596,1258,1994,2959,1505,2348,1784]",0.9805682434301032,0.996346002899318,0.9681528590526765,"[2252,2886,1703,698,2231,2991,368,2869,2087,2433,2881,1927,1910,516,660,1176,1590,2393,193,748,41,30,1080,1072,11,2308,635,2365,1447,2572,1613,911,1355,1284,1605,385,701,671,1789,1749,2815,1736,979,552,360,1431,2740,694,1723,2299,2392,1212,1938,1643,233,2883,281,2622,2686,1323,1752,2980,2596,2426,2826]",0.987592214948674,0.9964986440724494,0.9670641878607548,"[2252,2886,1703,698,2231,2991,368,2869,2118,2287,2743,2360,2015,480,743,228,2818,1043,899,2948,2177,2025,300,1706,1298,1058,2783,1151,812,235,1559,1531,2085,1936,2899,1604,431,2460,125,1960,2930,2653,1086,2620,2322,2820]",0.9886055118019638,0.992063207641326,0.952445012097692,0.9714153548748058,0.9720146144741114,0.882967120721103,0.9647998662287866,0.963735096582348,0.8618677280506899,Simulation scores compare against the stored generating trajectory.,0.9681672406645304,0.6643489544224426,0.9372401277130574,0.9904412664602176,0.8790357949114794,0.9647998662287866,0.963735096582348,0.8618677280506899,success,,official R dyneval on exported dynwrap trajectories,"Saelens et al., Nature Biotechnology (2019), doi:10.1038/s41587-019-0071-9",v2.0,4.6.1,0.9.9,1.3.0,1.0.1,1.1.0,daeb26af7d40c21b32283af31beb17a8ee8c3c6f,319bcfe3a0e38af45f368d2a53146165416d1a8a,b6fa729b1bc531e179aec3f3d7aa14cd8ef2015e,63fb255c894df1ba6d72b50bd0fb02d78bcee2af,0,1,0,0.9503421637490392,TRUE,TRUE,TRUE,simulation_3_pca50_neighbors30_umap3,4,log1p_if_max_gt|pca|neighbors|umap,66,3000x1000,3000x1000,"{""completed_before_inference"": true, ""input_shape"": [3000, 1000], ""input_x_max"": 9.404547122747095, ""input_x_min"": 0.0, ""model_coordinate_key_ready"": true, ""output_shape"": [3000, 1000], ""plot_coordinate_key_ready"": true, ""profile"": ""simulation_3_pca50_neighbors30_umap3"", ""random_seed"": 66, ""steps"": [{""operation"": ""log1p_if_max_gt"", ""parameters"": {""threshold"": 100}, ""status"": ""skipped_already_below_threshold""}, {""operation"": ""pca"", ""parameters"": {""n_comps"": 50, ""random_state"": 0, ""svd_solver"": ""arpack"", ""use_highly_variable"": false, ""zero_center"": true}, ""status"": ""applied""}, {""operation"": ""neighbors"", ""parameters"": {""method"": ""umap"", ""metric"": ""euclidean"", ""n_neighbors"": 30, ""n_pcs"": 30, ""random_state"": 0}, ""status"": ""applied""}, {""operation"": ""umap"", ""parameters"": {""a"": 0.5830300204883174, ""b"": 1.3341669924555197, ""n_components"": 3, ""preserve_existing"": false, ""random_state"": 0}, ""status"": ""applied""}]}"
26,67,67,26,gold_reference_simulation,stored_simulation_generating_trajectory,3,123,0.0025191943981282,0.9470543286964626,368,21.0284141000011,90.23640639998484,111.26482049998594,55.52354560000822,1039.035156,243.2773438,"[2252,2468,1973,767,2827,2991,368,2869,2118,735,904,1808,437,2770,2281,2242,836,1951,899,1871,2177,1025,2335,2434,818,1534,5,933,2715,1083,1194,1312,2199,466,304,91,1675,2244,546,159,663,808,884,1778,27,1408,1874,0,1159,1846,2248,2878,1199,549,2243,262,1784]","[2252,2468,1973,767,2827,2991,368,2869,2118,751,587,2586,180,1176,2951,2806,1173,1803,117,1902,239,2870,653,2868,2865,880,1477,1754,978,1613,2734,2635,385,1028,838,815,2168,2816,2754,2740,694,2565,2431,558,166,1659,498,281,1395,559,2013,28,1323,2176,939,160,23,2826]","[2252,2468,1973,767,2827,2991,368,2869,2118,735,904,1808,437,2770,2281,2242,836,1951,899,1871,2177,1025,2335,2893,1249,2783,2506,1559,1407,449,2305,719,898,219,2417,2661,2620,958,862,2820]","[2252,2468,1973,767,2827,2991,368,2869,2118,735,904,1808,437,2770,2281,2242,836,1951,899,1871,2177,1025,2335,2434,818,1534,5,933,2715,1083,1194,1312,2199,466,304,91,1675,2244,546,159,663,808,884,1778,27,1408,1874,0,1159,1846,2248,2878,1199,549,2243,262,1784]",0.9681234580854448,0.9965109181534562,0.9672480757970624,"[2252,2468,1973,767,2827,2991,368,2869,2118,751,587,2586,180,1176,2951,2806,1173,1803,117,1902,239,2870,653,2868,2865,880,1477,1754,978,1613,2734,2635,385,1028,838,815,2168,2816,2754,2740,694,2565,2431,558,166,1659,498,281,1395,559,2013,28,1323,2176,939,160,23,2826]",0.9915449378067368,0.9968431378018952,0.9696424810472684,"[2252,2468,1973,767,2827,2991,368,2869,2118,735,904,1808,437,2770,2281,2242,836,1951,899,1871,2177,1025,2335,2893,1249,2783,2506,1559,1407,449,2305,719,898,219,2417,2661,2620,958,862,2820]",0.9887664139296598,0.9942698016732764,0.9616625383901805,0.9695206922936958,0.9742312360361616,0.8882395599063834,0.9639628755295252,0.9630782704492872,0.8598019297608688,Simulation scores compare against the stored generating trajectory.,0.967852229100122,0.7028756991865578,0.9551452072749136,0.9936242081640434,0.8963854261769805,0.9639628755295252,0.9630782704492872,0.8598019297608688,success,,official R dyneval on exported dynwrap trajectories,"Saelens et al., Nature Biotechnology (2019), doi:10.1038/s41587-019-0071-9",v2.0,4.6.1,0.9.9,1.3.0,1.0.1,1.1.0,daeb26af7d40c21b32283af31beb17a8ee8c3c6f,319bcfe3a0e38af45f368d2a53146165416d1a8a,b6fa729b1bc531e179aec3f3d7aa14cd8ef2015e,63fb255c894df1ba6d72b50bd0fb02d78bcee2af,0,1,0,0.9456152352137976,TRUE,TRUE,TRUE,simulation_3_pca50_neighbors30_umap3,4,log1p_if_max_gt|pca|neighbors|umap,67,3000x1000,3000x1000,"{""completed_before_inference"": true, ""input_shape"": [3000, 1000], ""input_x_max"": 9.404547122747095, ""input_x_min"": 0.0, ""model_coordinate_key_ready"": true, ""output_shape"": [3000, 1000], ""plot_coordinate_key_ready"": true, ""profile"": ""simulation_3_pca50_neighbors30_umap3"", ""random_seed"": 67, ""steps"": [{""operation"": ""log1p_if_max_gt"", ""parameters"": {""threshold"": 100}, ""status"": ""skipped_already_below_threshold""}, {""operation"": ""pca"", ""parameters"": {""n_comps"": 50, ""random_state"": 0, ""svd_solver"": ""arpack"", ""use_highly_variable"": false, ""zero_center"": true}, ""status"": ""applied""}, {""operation"": ""neighbors"", ""parameters"": {""method"": ""umap"", ""metric"": ""euclidean"", ""n_neighbors"": 30, ""n_pcs"": 30, ""random_state"": 0}, ""status"": ""applied""}, {""operation"": ""umap"", ""parameters"": {""a"": 0.5830300204883174, ""b"": 1.3341669924555197, ""n_components"": 3, ""preserve_existing"": false, ""random_state"": 0}, ""status"": ""applied""}]}"
27,68,68,26,gold_reference_simulation,stored_simulation_generating_trajectory,3,146,0.0010998326732384,0.9876408854828452,133,20.724562700022943,92.75856419996126,113.4831268999842,48.284506600000896,1108.492188,311.34375,"[2252,2125,133,2011,2914,935,368,2869,749,1346,901,523,2821,1942,480,440,228,1509,398,995,1807,1036,412,2906,2025,2944,1037,2283,1185,1300,1969,207,1410,1083,1312,1164,2339,1526,1307,1514,779,33,833,1163,303,2580,800,2459,1967,786,2704,2745,1024,2722,774,1282,539,1178,589,2444,2383,2603,395,1239,1941,2467,2048,1784]","[2252,2125,133,2011,2914,935,368,2869,1694,2359,1910,416,2641,1044,2381,988,641,325,2239,1815,1136,1953,1873,2187,1810,2597,1563,386,2236,2741,1447,880,1769,1613,240,2311,2144,579,21,445,465,332,2295,1729,603,552,704,2842,1617,94,2522,343,2563,1600,1918,2106,1189,2463,2832,1395,2622,2686,2122,473,1191,2509,242,2235,2104,2826]","[2252,2125,133,2011,2914,935,368,2869,749,1346,901,523,2821,1942,480,440,228,1509,398,995,1807,1036,412,2906,2025,2944,1037,1151,1078,1389,810,223,370,661,902,1242,2904,2274,860,1889,2992,845,2820]","[2252,2125,133,2011,2914,935,368,2869,749,1346,901,523,2821,1942,480,440,228,1509,398,995,1807,1036,412,2906,2025,2944,1037,2283,1185,1300,1969,207,1410,1083,1312,1164,2339,1526,1307,1514,779,33,833,1163,303,2580,800,2459,1967,786,2704,2745,1024,2722,774,1282,539,1178,589,2444,2383,2603,395,1239,1941,2467,2048,1784]",0.9628690150349324,0.9939102046281872,0.9542084785546762,"[2252,2125,133,2011,2914,935,368,2869,1694,2359,1910,416,2641,1044,2381,988,641,325,2239,1815,1136,1953,1873,2187,1810,2597,1563,386,2236,2741,1447,880,1769,1613,240,2311,2144,579,21,445,465,332,2295,1729,603,552,704,2842,1617,94,2522,343,2563,1600,1918,2106,1189,2463,2832,1395,2622,2686,2122,473,1191,2509,242,2235,2104,2826]",0.9840439348894316,0.996951499583735,0.9674217232728576,"[2252,2125,133,2011,2914,935,368,2869,749,1346,901,523,2821,1942,480,440,228,1509,398,995,1807,1036,412,2906,2025,2944,1037,1151,1078,1389,810,223,370,661,902,1242,2904,2274,860,1889,2992,845,2820]",0.987743511341645,0.9919078372846152,0.9454542472585308,0.9589038161017308,0.9578795865753744,0.8526288281433312,0.9648326806135358,0.9673117403779486,0.8689794558034248,Simulation scores compare against the stored generating trajectory.,0.9567267189989096,0.6828241759079786,0.9141025415152452,0.9889748236077722,0.8766358681034996,0.9648326806135358,0.9673117403779486,0.8689794558034248,success,,official R dyneval on exported dynwrap trajectories,"Saelens et al., Nature Biotechnology (2019), doi:10.1038/s41587-019-0071-9",v2.0,4.6.1,0.9.9,1.3.0,1.0.1,1.1.0,daeb26af7d40c21b32283af31beb17a8ee8c3c6f,319bcfe3a0e38af45f368d2a53146165416d1a8a,b6fa729b1bc531e179aec3f3d7aa14cd8ef2015e,63fb255c894df1ba6d72b50bd0fb02d78bcee2af,0,1,0,0.9615218523989122,TRUE,TRUE,TRUE,simulation_3_pca50_neighbors30_umap3,4,log1p_if_max_gt|pca|neighbors|umap,68,3000x1000,3000x1000,"{""completed_before_inference"": true, ""input_shape"": [3000, 1000], ""input_x_max"": 9.404547122747095, ""input_x_min"": 0.0, ""model_coordinate_key_ready"": true, ""output_shape"": [3000, 1000], ""plot_coordinate_key_ready"": true, ""profile"": ""simulation_3_pca50_neighbors30_umap3"", ""random_seed"": 68, ""steps"": [{""operation"": ""log1p_if_max_gt"", ""parameters"": {""threshold"": 100}, ""status"": ""skipped_already_below_threshold""}, {""operation"": ""pca"", ""parameters"": {""n_comps"": 50, ""random_state"": 0, ""svd_solver"": ""arpack"", ""use_highly_variable"": false, ""zero_center"": true}, ""status"": ""applied""}, {""operation"": ""neighbors"", ""parameters"": {""method"": ""umap"", ""metric"": ""euclidean"", ""n_neighbors"": 30, ""n_pcs"": 30, ""random_state"": 0}, ""status"": ""applied""}, {""operation"": ""umap"", ""parameters"": {""a"": 0.5830300204883174, ""b"": 1.3341669924555197, ""n_components"": 3, ""preserve_existing"": false, ""random_state"": 0}, ""status"": ""applied""}]}"
28,69,69,26,gold_reference_simulation,stored_simulation_generating_trajectory,3,121,0.0012798611782876,0.982775757373965,368,20.24107030004961,91.3717904999503,111.61286079999992,44.89214929996524,1050.917969,253.265625,"[2252,1561,1369,2204,2440,2827,2991,368,2869,2437,2050,523,976,1108,814,1277,1011,2908,20,2223,2921,734,1142,398,1036,1943,2046,1025,2189,402,22,2549,1540,326,2153,2006,1040,2932,2903,2981,2203,1526,613,953,1137,2244,546,217,793,27,2973,690,443,127,1781,2343,1404,1784]","[2252,1561,1369,2204,2440,2827,2991,368,2869,609,2287,2359,1910,429,2671,2052,2282,1815,2648,2611,2321,75,1448,1211,2031,804,2922,857,2449,796,785,2754,360,2497,1445,694,1723,883,2832,1189,281,2013,28,2778,867,760,2826]","[2252,1561,1369,2204,2440,2827,2991,368,2869,2437,2050,523,976,1108,814,1277,1011,2908,20,2223,2921,734,1142,398,1036,1943,2046,1025,2547,1027,2145,2822,2009,617,2669,2471,1426,1246,1073,2540,1195,674,719,898,1700,168,778,1751,2710,536,2093,1620,2820]","[2252,1561,1369,2204,2440,2827,2991,368,2869,2437,2050,523,976,1108,814,1277,1011,2908,20,2223,2921,734,1142,398,1036,1943,2046,1025,2189,402,22,2549,1540,326,2153,2006,1040,2932,2903,2981,2203,1526,613,953,1137,2244,546,217,793,27,2973,690,443,127,1781,2343,1404,1784]",0.9804136803473776,0.9929701405636316,0.9493917190711204,"[2252,1561,1369,2204,2440,2827,2991,368,2869,609,2287,2359,1910,429,2671,2052,2282,1815,2648,2611,2321,75,1448,1211,2031,804,2922,857,2449,796,785,2754,360,2497,1445,694,1723,883,2832,1189,281,2013,28,2778,867,760,2826]",0.991977676548467,0.9937461718415584,0.958217705576428,"[2252,1561,1369,2204,2440,2827,2991,368,2869,2437,2050,523,976,1108,814,1277,1011,2908,20,2223,2921,734,1142,398,1036,1943,2046,1025,2547,1027,2145,2822,2009,617,2669,2471,1426,1246,1073,2540,1195,674,719,898,1700,168,778,1751,2710,536,2093,1620,2820]",0.98811210803266,0.9921879102759384,0.9462073632565264,0.9676959988336764,0.9675540684865944,0.8689387710640735,0.9626977466546384,0.9534508595473098,0.8440353955665024,Simulation scores compare against the stored generating trajectory.,0.979395751566146,0.68353748427005,0.9369999073668994,0.993085733940684,0.8884064657327778,0.9626977466546384,0.9534508595473098,0.8440353955665024,success,,official R dyneval on exported dynwrap trajectories,"Saelens et al., Nature Biotechnology (2019), doi:10.1038/s41587-019-0071-9",v2.0,4.6.1,0.9.9,1.3.0,1.0.1,1.1.0,daeb26af7d40c21b32283af31beb17a8ee8c3c6f,319bcfe3a0e38af45f368d2a53146165416d1a8a,b6fa729b1bc531e179aec3f3d7aa14cd8ef2015e,63fb255c894df1ba6d72b50bd0fb02d78bcee2af,0,1,0,0.9490307504472036,TRUE,TRUE,TRUE,simulation_3_pca50_neighbors30_umap3,4,log1p_if_max_gt|pca|neighbors|umap,69,3000x1000,3000x1000,"{""completed_before_inference"": true, ""input_shape"": [3000, 1000], ""input_x_max"": 9.404547122747095, ""input_x_min"": 0.0, ""model_coordinate_key_ready"": true, ""output_shape"": [3000, 1000], ""plot_coordinate_key_ready"": true, ""profile"": ""simulation_3_pca50_neighbors30_umap3"", ""random_seed"": 69, ""steps"": [{""operation"": ""log1p_if_max_gt"", ""parameters"": {""threshold"": 100}, ""status"": ""skipped_already_below_threshold""}, {""operation"": ""pca"", ""parameters"": {""n_comps"": 50, ""random_state"": 0, ""svd_solver"": ""arpack"", ""use_highly_variable"": false, ""zero_center"": true}, ""status"": ""applied""}, {""operation"": ""neighbors"", ""parameters"": {""method"": ""umap"", ""metric"": ""euclidean"", ""n_neighbors"": 30, ""n_pcs"": 30, ""random_state"": 0}, ""status"": ""applied""}, {""operation"": ""umap"", ""parameters"": {""a"": 0.5830300204883174, ""b"": 1.3341669924555197, ""n_components"": 3, ""preserve_existing"": false, ""random_state"": 0}, ""status"": ""applied""}]}"
29,70,70,26,gold_reference_simulation,stored_simulation_generating_trajectory,3,146,0.0086022079787214,0.8754193151417493,368,30.01744040000005,74.7730219,104.79046230000006,47.52208670000016,1084.074219,695.4179688,"[2252,1497,2571,1200,1794,1031,2902,368,2869,2397,1386,2369,2064,1371,1942,480,440,441,2880,1252,1565,398,1806,2474,1226,1198,528,1113,639,476,2498,947,1901,540,828,1083,2157,2291,91,2510,1253,1555,884,1778,774,2444,1150,1282,2020,2791,2143,2864,2404,1784]","[2252,1497,2571,1200,1794,1031,2902,368,2869,1183,2729,45,2068,2457,2920,1353,2923,2052,117,1342,2638,1875,2670,2648,1953,782,2053,2634,1228,2556,2803,2592,2365,2396,799,1759,1613,2144,565,1482,2752,2324,2497,950,2522,343,2055,789,1638,2215,2910,2935,1311,83,908,758,233,2013,2686,957,1323,2176,2718,504,459,2826]","[2252,1497,2571,1200,1794,1031,2902,368,2869,2397,1386,2369,2064,1371,1942,480,440,441,2880,1252,1565,398,1806,2873,1571,1025,2666,949,945,2198,1061,1185,114,108,1291,2933,2672,2373,1615,449,917,154,1003,280,431,1524,2607,1623,1899,1126,1287,482,713,1911,1889,105,330,2820]","[2252,1497,2571,1200,1794,1031,2902,368,2869,2397,1386,2369,2064,1371,1942,480,440,441,2880,1252,1565,398,1806,2474,1226,1198,528,1113,639,476,2498,947,1901,540,828,1083,2157,2291,91,2510,1253,1555,884,1778,774,2444,1150,1282,2020,2791,2143,2864,2404,1784]",0.992093731895975,0.9957444684994472,0.9638534574968942,"[2252,1497,2571,1200,1794,1031,2902,368,2869,1183,2729,45,2068,2457,2920,1353,2923,2052,117,1342,2638,1875,2670,2648,1953,782,2053,2634,1228,2556,2803,2592,2365,2396,799,1759,1613,2144,565,1482,2752,2324,2497,950,2522,343,2055,789,1638,2215,2910,2935,1311,83,908,758,233,2013,2686,957,1323,2176,2718,504,459,2826]",0.9876284867836932,0.9966024311111016,0.9689946642291904,"[2252,1497,2571,1200,1794,1031,2902,368,2869,2397,1386,2369,2064,1371,1942,480,440,441,2880,1252,1565,398,1806,2873,1571,1025,2666,949,945,2198,1061,1185,114,108,1291,2933,2672,2373,1615,449,917,154,1003,280,431,1524,2607,1623,1899,1126,1287,482,713,1911,1889,105,330,2820]",0.9845778632937324,0.98766136867247,0.9310882893278564,0.9664251189902336,0.9661567291916996,0.8694064197422762,0.9604761860766928,0.9519290914010918,0.8439257057181531,Simulation scores compare against the stored generating trajectory.,0.9544934797440816,0.6764939322644807,0.916139523150004,0.9464875134644898,0.8650243742640437,0.9604761860766928,0.9519290914010918,0.8439257057181531,success,,official R dyneval on exported dynwrap trajectories,"Saelens et al., Nature Biotechnology (2019), doi:10.1038/s41587-019-0071-9",v2.0,4.6.1,0.9.9,1.3.0,1.0.1,1.1.0,daeb26af7d40c21b32283af31beb17a8ee8c3c6f,319bcfe3a0e38af45f368d2a53146165416d1a8a,b6fa729b1bc531e179aec3f3d7aa14cd8ef2015e,63fb255c894df1ba6d72b50bd0fb02d78bcee2af,0,1,0,0.9563606402502643,TRUE,TRUE,TRUE,simulation_3_pca50_neighbors30_umap3,4,log1p_if_max_gt|pca|neighbors|umap,70,3000x1000,3000x1000,"{""completed_before_inference"": true, ""input_shape"": [3000, 1000], ""input_x_max"": 9.404547122747095, ""input_x_min"": 0.0, ""model_coordinate_key_ready"": true, ""output_shape"": [3000, 1000], ""plot_coordinate_key_ready"": true, ""profile"": ""simulation_3_pca50_neighbors30_umap3"", ""random_seed"": 70, ""steps"": [{""operation"": ""log1p_if_max_gt"", ""parameters"": {""threshold"": 100}, ""status"": ""skipped_already_below_threshold""}, {""operation"": ""pca"", ""parameters"": {""n_comps"": 50, ""random_state"": 0, ""svd_solver"": ""arpack"", ""use_highly_variable"": false, ""zero_center"": true}, ""status"": ""applied""}, {""operation"": ""neighbors"", ""parameters"": {""method"": ""umap"", ""metric"": ""euclidean"", ""n_neighbors"": 30, ""n_pcs"": 30, ""random_state"": 0}, ""status"": ""applied""}, {""operation"": ""umap"", ""parameters"": {""a"": 0.5830300204883174, ""b"": 1.3341669924555197, ""n_components"": 3, ""preserve_existing"": false, ""random_state"": 0}, ""status"": ""applied""}]}"
30,71,71,26,gold_reference_simulation,stored_simulation_generating_trajectory,3,121,0.0010839568137843,0.9820265607463814,258,16.5677361999999,70.3579130999999,86.9256492999998,42.25454959999979,1086.832031,305.421875,"[2252,258,1230,1832,2602,935,368,2869,2594,2050,904,155,2770,441,228,1542,1981,1980,2164,1806,1871,1819,4,2219,1198,528,881,481,310,1067,1731,754,1256,171,1817,2339,1526,1438,656,303,274,800,2580,1117,152,1834,1231,2477,1153,2483,1301,140,340,2438,2383,1787,2835,2603,1257,1363,2266,64,515,1784]","[2252,258,1230,1832,2602,935,368,2869,2594,1881,853,145,1335,2479,2239,1815,1953,2618,2100,2236,2788,2922,332,2057,1853,711,2844,1682,1641,1445,1804,2565,2106,2832,1395,2686,1399,1197,2800,1654,2717,2826]","[2252,258,1230,1832,2602,935,368,2869,2594,2050,904,155,2770,441,228,1542,1981,1980,2164,1806,1871,2872,2547,1188,945,2893,2364,2585,134,1389,810,2085,2413,2899,682,1744,1069,1242,59,2578,1094,1721,750,2965,2820]","[2252,258,1230,1832,2602,935,368,2869,2594,2050,904,155,2770,441,228,1542,1981,1980,2164,1806,1871,1819,4,2219,1198,528,881,481,310,1067,1731,754,1256,171,1817,2339,1526,1438,656,303,274,800,2580,1117,152,1834,1231,2477,1153,2483,1301,140,340,2438,2383,1787,2835,2603,1257,1363,2266,64,515,1784]",0.9689794142463732,0.9966756446324918,0.9665045041323406,"[2252,258,1230,1832,2602,935,368,2869,2594,1881,853,145,1335,2479,2239,1815,1953,2618,2100,2236,2788,2922,332,2057,1853,711,2844,1682,1641,1445,1804,2565,2106,2832,1395,2686,1399,1197,2800,1654,2717,2826]",0.9919206437084924,0.9950108312687748,0.9635566278582396,"[2252,258,1230,1832,2602,935,368,2869,2594,2050,904,155,2770,441,228,1542,1981,1980,2164,1806,1871,2872,2547,1188,945,2893,2364,2585,134,1389,810,2085,2413,2899,682,1744,1069,1242,59,2578,1094,1721,750,2965,2820]",0.9868048059330724,0.9893445000122228,0.936374563589915,0.960704474181592,0.9664006518505802,0.8636458227530057,0.9722005277252316,0.9713872336570398,0.8707482921526285,Simulation scores compare against the stored generating trajectory.,0.943012367260429,0.6705424929473511,0.9005938279561988,0.9799851548256376,0.8643169681138463,0.9722005277252316,0.9713872336570398,0.8707482921526285,success,,official R dyneval on exported dynwrap trajectories,"Saelens et al., Nature Biotechnology (2019), doi:10.1038/s41587-019-0071-9",v2.0,4.6.1,0.9.9,1.3.0,1.0.1,1.1.0,daeb26af7d40c21b32283af31beb17a8ee8c3c6f,319bcfe3a0e38af45f368d2a53146165416d1a8a,b6fa729b1bc531e179aec3f3d7aa14cd8ef2015e,63fb255c894df1ba6d72b50bd0fb02d78bcee2af,0,1,0,0.963136437411056,TRUE,TRUE,TRUE,simulation_3_pca50_neighbors30_umap3,4,log1p_if_max_gt|pca|neighbors|umap,71,3000x1000,3000x1000,"{""completed_before_inference"": true, ""input_shape"": [3000, 1000], ""input_x_max"": 9.404547122747095, ""input_x_min"": 0.0, ""model_coordinate_key_ready"": true, ""output_shape"": [3000, 1000], ""plot_coordinate_key_ready"": true, ""profile"": ""simulation_3_pca50_neighbors30_umap3"", ""random_seed"": 71, ""steps"": [{""operation"": ""log1p_if_max_gt"", ""parameters"": {""threshold"": 100}, ""status"": ""skipped_already_below_threshold""}, {""operation"": ""pca"", ""parameters"": {""n_comps"": 50, ""random_state"": 0, ""svd_solver"": ""arpack"", ""use_highly_variable"": false, ""zero_center"": true}, ""status"": ""applied""}, {""operation"": ""neighbors"", ""parameters"": {""method"": ""umap"", ""metric"": ""euclidean"", ""n_neighbors"": 30, ""n_pcs"": 30, ""random_state"": 0}, ""status"": ""applied""}, {""operation"": ""umap"", ""parameters"": {""a"": 0.5830300204883174, ""b"": 1.3341669924555197, ""n_components"": 3, ""preserve_existing"": false, ""random_state"": 0}, ""status"": ""applied""}]}"
31,72,72,26,gold_reference_simulation,stored_simulation_generating_trajectory,3,115,0.0012576987461277,0.978965343732198,368,16.81272419999982,71.60658130000002,88.41930549999984,41.53688199999988,1019.210938,229.4570313,"[2252,1435,1308,2600,389,2902,368,2869,2118,1881,1712,2270,150,976,480,1795,2469,2818,2712,1142,513,1806,2948,1661,422,2025,2944,1383,1354,707,2283,1,2329,742,1433,1227,940,720,2291,91,2510,672,808,884,222,774,589,2882,203,1635,683,1790,2389,2352,2066,2348,1784]","[2252,1435,1308,2600,389,2902,368,2869,1183,1866,1068,519,2671,325,1902,2470,791,2321,2733,2685,2970,2031,1613,1071,664,790,2696,1475,1529,994,2877,2169,2002,2964,2935,2565,824,2832,2463,2579,1093,2122,2778,40,691,2849,2826]","[2252,1435,1308,2600,389,2902,368,2869,2118,1881,1712,2270,150,976,480,1795,2469,2818,2712,1142,513,1806,2948,1661,422,2025,2944,1383,1354,707,2283,1,2329,742,1433,1381,667,2373,1615,2899,2294,2551,2341,1854,644,1957,219,1960,2756,351,2661,2620,2322,2820]","[2252,1435,1308,2600,389,2902,368,2869,2118,1881,1712,2270,150,976,480,1795,2469,2818,2712,1142,513,1806,2948,1661,422,2025,2944,1383,1354,707,2283,1,2329,742,1433,1227,940,720,2291,91,2510,672,808,884,222,774,589,2882,203,1635,683,1790,2389,2352,2066,2348,1784]",0.987119480767508,0.9954733095899988,0.963789822853127,"[2252,1435,1308,2600,389,2902,368,2869,1183,1866,1068,519,2671,325,1902,2470,791,2321,2733,2685,2970,2031,1613,1071,664,790,2696,1475,1529,994,2877,2169,2002,2964,2935,2565,824,2832,2463,2579,1093,2122,2778,40,691,2849,2826]",0.9907208592352452,0.9962661386374332,0.9671981171440388,"[2252,1435,1308,2600,389,2902,368,2869,2118,1881,1712,2270,150,976,480,1795,2469,2818,2712,1142,513,1806,2948,1661,422,2025,2944,1383,1354,707,2283,1,2329,742,1433,1381,667,2373,1615,2899,2294,2551,2341,1854,644,1957,219,1960,2756,351,2661,2620,2322,2820]",0.983898132539326,0.9889299737463126,0.9414278233579596,0.9773107237889888,0.9783694526173736,0.8975785102201833,0.9746126450093112,0.9720938301658382,0.8820717775381465,Simulation scores compare against the stored generating trajectory.,0.9798646554196536,0.6461911935804946,0.9446646982959874,0.9877322237465525,0.8767201920915695,0.9746126450093112,0.9720938301658382,0.8820717775381465,success,,official R dyneval on exported dynwrap trajectories,"Saelens et al., Nature Biotechnology (2019), doi:10.1038/s41587-019-0071-9",v2.0,4.6.1,0.9.9,1.3.0,1.0.1,1.1.0,daeb26af7d40c21b32283af31beb17a8ee8c3c6f,319bcfe3a0e38af45f368d2a53146165416d1a8a,b6fa729b1bc531e179aec3f3d7aa14cd8ef2015e,63fb255c894df1ba6d72b50bd0fb02d78bcee2af,0,1,0,0.9632321006963932,TRUE,TRUE,TRUE,simulation_3_pca50_neighbors30_umap3,4,log1p_if_max_gt|pca|neighbors|umap,72,3000x1000,3000x1000,"{""completed_before_inference"": true, ""input_shape"": [3000, 1000], ""input_x_max"": 9.404547122747095, ""input_x_min"": 0.0, ""model_coordinate_key_ready"": true, ""output_shape"": [3000, 1000], ""plot_coordinate_key_ready"": true, ""profile"": ""simulation_3_pca50_neighbors30_umap3"", ""random_seed"": 72, ""steps"": [{""operation"": ""log1p_if_max_gt"", ""parameters"": {""threshold"": 100}, ""status"": ""skipped_already_below_threshold""}, {""operation"": ""pca"", ""parameters"": {""n_comps"": 50, ""random_state"": 0, ""svd_solver"": ""arpack"", ""use_highly_variable"": false, ""zero_center"": true}, ""status"": ""applied""}, {""operation"": ""neighbors"", ""parameters"": {""method"": ""umap"", ""metric"": ""euclidean"", ""n_neighbors"": 30, ""n_pcs"": 30, ""random_state"": 0}, ""status"": ""applied""}, {""operation"": ""umap"", ""parameters"": {""a"": 0.5830300204883174, ""b"": 1.3341669924555197, ""n_components"": 3, ""preserve_existing"": false, ""random_state"": 0}, ""status"": ""applied""}]}"
32,73,73,26,gold_reference_simulation,stored_simulation_generating_trajectory,3,157,0.0022447421270942,0.9678844229772996,355,17.21282139999994,74.45444370000018,91.66726510000012,42.83086899999989,1068.46875,273.765625,"[2252,2468,685,767,355,934,368,2869,2087,2433,1670,976,743,840,1895,2520,513,1806,1871,1571,1025,2010,1459,476,2534,2977,428,2012,342,2275,1403,162,2601,1526,1087,963,1772,1117,152,2374,1557,2841,2617,1214,1511,492,2248,2954,2603,1774,623,500,1781,2343,2404,1784]","[2252,2468,685,767,355,934,368,2869,101,1761,751,587,429,2197,2671,1335,894,1929,2282,31,2611,2648,2062,1625,2846,782,2053,2556,2803,635,2014,1413,2779,2396,231,2236,2865,1233,2572,1613,2734,240,1892,21,2640,2683,701,238,815,938,277,360,2497,2002,2297,95,2315,42,2215,588,2475,2810,2568,2503,2508,2392,1212,745,2606,436,211,1238,1005,2486,1390,2622,2441,2247,2326,2332,2637,1120,2022,1202,939,761,2426,2826]","[2252,2468,685,767,355,934,368,2869,2087,2433,1670,976,743,840,1895,2520,513,1806,1871,1571,1025,2010,1669,1706,1452,1,2804,923,1373,2409,1502,209,1843,2974,1069,1100,482,2651,1952,2692,2620,2322,2820]","[2252,2468,685,767,355,934,368,2869,2087,2433,1670,976,743,840,1895,2520,513,1806,1871,1571,1025,2010,1459,476,2534,2977,428,2012,342,2275,1403,162,2601,1526,1087,963,1772,1117,152,2374,1557,2841,2617,1214,1511,492,2248,2954,2603,1774,623,500,1781,2343,2404,1784]",0.9711328767570097,0.9964405120380672,0.969044572811217,"[2252,2468,685,767,355,934,368,2869,101,1761,751,587,429,2197,2671,1335,894,1929,2282,31,2611,2648,2062,1625,2846,782,2053,2556,2803,635,2014,1413,2779,2396,231,2236,2865,1233,2572,1613,2734,240,1892,21,2640,2683,701,238,815,938,277,360,2497,2002,2297,95,2315,42,2215,588,2475,2810,2568,2503,2508,2392,1212,745,2606,436,211,1238,1005,2486,1390,2622,2441,2247,2326,2332,2637,1120,2022,1202,939,761,2426,2826]",0.9760882504898128,0.996560263890518,0.965205568138024,"[2252,2468,685,767,355,934,368,2869,2087,2433,1670,976,743,840,1895,2520,513,1806,1871,1571,1025,2010,1669,1706,1452,1,2804,923,1373,2409,1502,209,1843,2974,1069,1100,482,2651,1952,2692,2620,2322,2820]",0.982021650944124,0.9850263219467884,0.9279976630560498,0.9644405214882972,0.9724063481236004,0.881311544436641,0.9688454667880908,0.9709242015774718,0.8731569397077107,Simulation scores compare against the stored generating trajectory.,0.9320348945958892,0.7168068821025927,0.8864634975849685,0.9866554965330115,0.8743094728398044,0.9688454667880908,0.9709242015774718,0.8731569397077107,success,,official R dyneval on exported dynwrap trajectories,"Saelens et al., Nature Biotechnology (2019), doi:10.1038/s41587-019-0071-9",v2.0,4.6.1,0.9.9,1.3.0,1.0.1,1.1.0,daeb26af7d40c21b32283af31beb17a8ee8c3c6f,319bcfe3a0e38af45f368d2a53146165416d1a8a,b6fa729b1bc531e179aec3f3d7aa14cd8ef2015e,63fb255c894df1ba6d72b50bd0fb02d78bcee2af,0,1,0,0.9609224309267266,TRUE,TRUE,TRUE,simulation_3_pca50_neighbors30_umap3,4,log1p_if_max_gt|pca|neighbors|umap,73,3000x1000,3000x1000,"{""completed_before_inference"": true, ""input_shape"": [3000, 1000], ""input_x_max"": 9.404547122747095, ""input_x_min"": 0.0, ""model_coordinate_key_ready"": true, ""output_shape"": [3000, 1000], ""plot_coordinate_key_ready"": true, ""profile"": ""simulation_3_pca50_neighbors30_umap3"", ""random_seed"": 73, ""steps"": [{""operation"": ""log1p_if_max_gt"", ""parameters"": {""threshold"": 100}, ""status"": ""skipped_already_below_threshold""}, {""operation"": ""pca"", ""parameters"": {""n_comps"": 50, ""random_state"": 0, ""svd_solver"": ""arpack"", ""use_highly_variable"": false, ""zero_center"": true}, ""status"": ""applied""}, {""operation"": ""neighbors"", ""parameters"": {""method"": ""umap"", ""metric"": ""euclidean"", ""n_neighbors"": 30, ""n_pcs"": 30, ""random_state"": 0}, ""status"": ""applied""}, {""operation"": ""umap"", ""parameters"": {""a"": 0.5830300204883174, ""b"": 1.3341669924555197, ""n_components"": 3, ""preserve_existing"": false, ""random_state"": 0}, ""status"": ""applied""}]}"
33,74,74,26,gold_reference_simulation,stored_simulation_generating_trajectory,3,143,0.0018385302110906,0.9572583603590514,258,17.95420950000016,71.15810909999982,89.11231859999998,43.43422910000004,1011.679688,195.7148438,"[2252,258,2624,1832,2602,352,368,2869,1183,1761,317,523,138,2346,715,1862,526,974,6,1479,1240,2492,1198,528,2076,2825,931,1552,2977,2569,2780,2275,1551,2196,1164,91,2320,861,2794,2580,1374,1772,1358,432,1408,2882,589,1258,1313,2959,2343,2404,1784]","[2252,258,2624,1832,2602,352,368,2869,1183,1761,2678,1725,1054,2923,868,1886,1173,18,463,1726,79,410,1755,1303,689,1080,2618,2100,2236,1211,2970,2572,804,123,385,838,2769,1878,2162,2386,631,871,2796,1727,1092,151,2169,1682,1641,2522,2614,95,588,1949,2665,1268,2392,1938,882,1659,2808,1238,1864,167,281,566,2441,2637,275,659,2099,2980,805,1713,2426,2826]","[2252,258,2624,1832,2602,352,368,2869,1183,1761,317,523,138,2346,2880,1252,1036,1943,2025,2852,811,182,1626,667,2085,197,1109,1604,218,2587,1700,482,2170,255,1545,1324,330,2820]","[2252,258,2624,1832,2602,352,368,2869,1183,1761,317,523,138,2346,715,1862,526,974,6,1479,1240,2492,1198,528,2076,2825,931,1552,2977,2569,2780,2275,1551,2196,1164,91,2320,861,2794,2580,1374,1772,1358,432,1408,2882,589,1258,1313,2959,2343,2404,1784]",0.9839448719087752,0.9940868011143484,0.956974339316818,"[2252,258,2624,1832,2602,352,368,2869,1183,1761,2678,1725,1054,2923,868,1886,1173,18,463,1726,79,410,1755,1303,689,1080,2618,2100,2236,1211,2970,2572,804,123,385,838,2769,1878,2162,2386,631,871,2796,1727,1092,151,2169,1682,1641,2522,2614,95,588,1949,2665,1268,2392,1938,882,1659,2808,1238,1864,167,281,566,2441,2637,275,659,2099,2980,805,1713,2426,2826]",0.9832697221177152,0.997160123901839,0.9692259281186466,"[2252,258,2624,1832,2602,352,368,2869,1183,1761,317,523,138,2346,2880,1252,1036,1943,2025,2852,811,182,1626,667,2085,197,1109,1604,218,2587,1700,482,2170,255,1545,1324,330,2820]",0.9928881064801144,0.9941383954004815,0.9603641961112744,0.9743468865837,0.9817434328919392,0.9116282162838464,0.968605697548302,0.9698493111077549,0.8750679444660645,Simulation scores compare against the stored generating trajectory.,0.8887692453157545,0.57439570637609,0.8626678538522751,0.8997488632108661,0.7933983283676882,0.968605697548302,0.9698493111077549,0.8750679444660645,success,,official R dyneval on exported dynwrap trajectories,"Saelens et al., Nature Biotechnology (2019), doi:10.1038/s41587-019-0071-9",v2.0,4.6.1,0.9.9,1.3.0,1.0.1,1.1.0,daeb26af7d40c21b32283af31beb17a8ee8c3c6f,319bcfe3a0e38af45f368d2a53146165416d1a8a,b6fa729b1bc531e179aec3f3d7aa14cd8ef2015e,63fb255c894df1ba6d72b50bd0fb02d78bcee2af,0,1,0,0.9590693776904566,TRUE,TRUE,TRUE,simulation_3_pca50_neighbors30_umap3,4,log1p_if_max_gt|pca|neighbors|umap,74,3000x1000,3000x1000,"{""completed_before_inference"": true, ""input_shape"": [3000, 1000], ""input_x_max"": 9.404547122747095, ""input_x_min"": 0.0, ""model_coordinate_key_ready"": true, ""output_shape"": [3000, 1000], ""plot_coordinate_key_ready"": true, ""profile"": ""simulation_3_pca50_neighbors30_umap3"", ""random_seed"": 74, ""steps"": [{""operation"": ""log1p_if_max_gt"", ""parameters"": {""threshold"": 100}, ""status"": ""skipped_already_below_threshold""}, {""operation"": ""pca"", ""parameters"": {""n_comps"": 50, ""random_state"": 0, ""svd_solver"": ""arpack"", ""use_highly_variable"": false, ""zero_center"": true}, ""status"": ""applied""}, {""operation"": ""neighbors"", ""parameters"": {""method"": ""umap"", ""metric"": ""euclidean"", ""n_neighbors"": 30, ""n_pcs"": 30, ""random_state"": 0}, ""status"": ""applied""}, {""operation"": ""umap"", ""parameters"": {""a"": 0.5830300204883174, ""b"": 1.3341669924555197, ""n_components"": 3, ""preserve_existing"": false, ""random_state"": 0}, ""status"": ""applied""}]}"
34,75,75,26,gold_reference_simulation,stored_simulation_generating_trajectory,3,136,0.0013412693339871,0.9796025662499408,368,16.94985470000006,70.25314739999999,87.20300210000005,43.4304095,1112.238281,313.375,"[2252,2468,1768,830,1031,935,368,2869,2594,2050,2015,138,2346,216,1895,1111,1806,1943,2694,1025,300,1157,350,891,2368,746,1570,1410,2773,78,1175,91,2036,779,2654,884,1528,2882,2131,2020,1405,127,500,206,1297,2467,1784]","[2252,2468,1768,830,1031,935,368,2869,620,1521,1068,519,1335,2479,616,1097,2092,1685,2133,977,1879,2327,1057,1245,369,1234,2530,1810,2597,2365,2583,880,2031,804,240,1391,2144,1823,1286,2123,1888,2162,2386,1730,1507,2128,1325,1736,979,2531,1512,2497,950,2522,42,870,2568,2503,2392,2299,2106,758,436,166,1592,478,1705,2528,1160,1149,2122,1323,2778,40,23,2826]","[2252,2468,1768,830,1031,935,368,2869,2594,2050,2015,138,2346,216,1895,1111,1806,1943,2694,1025,945,2893,2585,1785,1610,2506,1611,2354,2413,14,449,2305,218,1192,2061,59,2710,555,2992,845,2820]","[2252,2468,1768,830,1031,935,368,2869,2594,2050,2015,138,2346,216,1895,1111,1806,1943,2694,1025,300,1157,350,891,2368,746,1570,1410,2773,78,1175,91,2036,779,2654,884,1528,2882,2131,2020,1405,127,500,206,1297,2467,1784]",0.982594764591373,0.9957146700593424,0.9647772531146273,"[2252,2468,1768,830,1031,935,368,2869,620,1521,1068,519,1335,2479,616,1097,2092,1685,2133,977,1879,2327,1057,1245,369,1234,2530,1810,2597,2365,2583,880,2031,804,240,1391,2144,1823,1286,2123,1888,2162,2386,1730,1507,2128,1325,1736,979,2531,1512,2497,950,2522,42,870,2568,2503,2392,2299,2106,758,436,166,1592,478,1705,2528,1160,1149,2122,1323,2778,40,23,2826]",0.9781200945582308,0.9942688488491344,0.9550097828673648,"[2252,2468,1768,830,1031,935,368,2869,2594,2050,2015,138,2346,216,1895,1111,1806,1943,2694,1025,945,2893,2585,1785,1610,2506,1611,2354,2413,14,449,2305,218,1192,2061,59,2710,555,2992,845,2820]",0.9757012763462198,0.9738349092314028,0.9002813819046397,0.9612235615381834,0.964144381399884,0.8635711110308731,0.96868541651114,0.967342908717636,0.8670748648807155,Simulation scores compare against the stored generating trajectory.,0.94022364864959,0.6640122226874424,0.9041116822563828,0.9880426893264338,0.864174124889617,0.96868541651114,0.967342908717636,0.8670748648807155,success,,official R dyneval on exported dynwrap trajectories,"Saelens et al., Nature Biotechnology (2019), doi:10.1038/s41587-019-0071-9",v2.0,4.6.1,0.9.9,1.3.0,1.0.1,1.1.0,daeb26af7d40c21b32283af31beb17a8ee8c3c6f,319bcfe3a0e38af45f368d2a53146165416d1a8a,b6fa729b1bc531e179aec3f3d7aa14cd8ef2015e,63fb255c894df1ba6d72b50bd0fb02d78bcee2af,0,1,0,0.942997048271672,TRUE,TRUE,TRUE,simulation_3_pca50_neighbors30_umap3,4,log1p_if_max_gt|pca|neighbors|umap,75,3000x1000,3000x1000,"{""completed_before_inference"": true, ""input_shape"": [3000, 1000], ""input_x_max"": 9.404547122747095, ""input_x_min"": 0.0, ""model_coordinate_key_ready"": true, ""output_shape"": [3000, 1000], ""plot_coordinate_key_ready"": true, ""profile"": ""simulation_3_pca50_neighbors30_umap3"", ""random_seed"": 75, ""steps"": [{""operation"": ""log1p_if_max_gt"", ""parameters"": {""threshold"": 100}, ""status"": ""skipped_already_below_threshold""}, {""operation"": ""pca"", ""parameters"": {""n_comps"": 50, ""random_state"": 0, ""svd_solver"": ""arpack"", ""use_highly_variable"": false, ""zero_center"": true}, ""status"": ""applied""}, {""operation"": ""neighbors"", ""parameters"": {""method"": ""umap"", ""metric"": ""euclidean"", ""n_neighbors"": 30, ""n_pcs"": 30, ""random_state"": 0}, ""status"": ""applied""}, {""operation"": ""umap"", ""parameters"": {""a"": 0.5830300204883174, ""b"": 1.3341669924555197, ""n_components"": 3, ""preserve_existing"": false, ""random_state"": 0}, ""status"": ""applied""}]}"
35,76,76,26,gold_reference_simulation,stored_simulation_generating_trajectory,3,101,0.000576765077631,0.9845612509278296,368,16.924068799999986,79.41404059999991,96.3381093999999,43.42017919999989,1073.511719,275.9765625,"[2252,1367,1811,2082,2246,1905,2902,368,2869,2437,2433,283,138,2353,441,2469,63,2712,6,1154,1479,422,1571,2547,1027,1162,397,1731,1999,1835,2421,2981,91,110,1514,294,217,2996,1904,774,1282,127,2574,2243,2048,1784]","[2252,1367,1811,2082,2246,1905,2902,368,2869,609,1068,2809,1335,894,1342,41,689,2321,75,2414,2788,2922,708,1729,1853,711,2754,2324,378,1445,1804,1432,2768,1332,166,1189,2463,566,1093,957,2086,1197,756,2426,2826]","[2252,1367,1811,2082,2246,1905,2902,368,2869,2437,2433,283,138,2353,441,2469,63,2712,6,1154,1479,422,1571,2547,639,2145,2822,1747,2703,2669,2471,1426,1246,13,2137,727,2495,464,2361,1545,1324,2975,2820]","[2252,1367,1811,2082,2246,1905,2902,368,2869,2437,2433,283,138,2353,441,2469,63,2712,6,1154,1479,422,1571,2547,1027,1162,397,1731,1999,1835,2421,2981,91,110,1514,294,217,2996,1904,774,1282,127,2574,2243,2048,1784]",0.993434462772986,0.9967579255317488,0.97309916630669,"[2252,1367,1811,2082,2246,1905,2902,368,2869,609,1068,2809,1335,894,1342,41,689,2321,75,2414,2788,2922,708,1729,1853,711,2754,2324,378,1445,1804,1432,2768,1332,166,1189,2463,566,1093,957,2086,1197,756,2426,2826]",0.9845255470631942,0.995348225794862,0.9646303176293662,"[2252,1367,1811,2082,2246,1905,2902,368,2869,2437,2433,283,138,2353,441,2469,63,2712,6,1154,1479,422,1571,2547,639,2145,2822,1747,2703,2669,2471,1426,1246,13,2137,727,2495,464,2361,1545,1324,2975,2820]",0.994679144704108,0.9969384687588057,0.975923496767742,0.9795374928661268,0.9812775238503504,0.913450729286943,0.977945792938224,0.9746943531580772,0.8880631174969962,Simulation scores compare against the stored generating trajectory.,0.978300373067712,0.6661591098010615,0.9589494417265044,0.9848323306339364,0.8857314174082566,0.977945792938224,0.9746943531580772,0.8880631174969962,success,,official R dyneval on exported dynwrap trajectories,"Saelens et al., Nature Biotechnology (2019), doi:10.1038/s41587-019-0071-9",v2.0,4.6.1,0.9.9,1.3.0,1.0.1,1.1.0,daeb26af7d40c21b32283af31beb17a8ee8c3c6f,319bcfe3a0e38af45f368d2a53146165416d1a8a,b6fa729b1bc531e179aec3f3d7aa14cd8ef2015e,63fb255c894df1ba6d72b50bd0fb02d78bcee2af,0,1,0,0.9508350429824656,TRUE,TRUE,TRUE,simulation_3_pca50_neighbors30_umap3,4,log1p_if_max_gt|pca|neighbors|umap,76,3000x1000,3000x1000,"{""completed_before_inference"": true, ""input_shape"": [3000, 1000], ""input_x_max"": 9.404547122747095, ""input_x_min"": 0.0, ""model_coordinate_key_ready"": true, ""output_shape"": [3000, 1000], ""plot_coordinate_key_ready"": true, ""profile"": ""simulation_3_pca50_neighbors30_umap3"", ""random_seed"": 76, ""steps"": [{""operation"": ""log1p_if_max_gt"", ""parameters"": {""threshold"": 100}, ""status"": ""skipped_already_below_threshold""}, {""operation"": ""pca"", ""parameters"": {""n_comps"": 50, ""random_state"": 0, ""svd_solver"": ""arpack"", ""use_highly_variable"": false, ""zero_center"": true}, ""status"": ""applied""}, {""operation"": ""neighbors"", ""parameters"": {""method"": ""umap"", ""metric"": ""euclidean"", ""n_neighbors"": 30, ""n_pcs"": 30, ""random_state"": 0}, ""status"": ""applied""}, {""operation"": ""umap"", ""parameters"": {""a"": 0.5830300204883174, ""b"": 1.3341669924555197, ""n_components"": 3, ""preserve_existing"": false, ""random_state"": 0}, ""status"": ""applied""}]}"
36,77,77,26,gold_reference_simulation,stored_simulation_generating_trajectory,3,111,0.003074121664447,0.9580401082215,67,17.38316719999989,76.27271970000015,93.65588690000004,43.71947590000013,1111.433594,313.3242188,"[2252,357,1893,2602,935,368,2869,67,2714,1670,2821,2228,2770,2281,2818,2520,899,1944,1025,949,1830,316,2856,1598,1919,1742,2478,940,2157,1023,2903,1164,91,2036,1573,2510,294,779,833,2,2459,2580,2063,1555,2996,1528,1024,539,1282,127,2835,918,1088,1404,1784]","[2252,357,1893,2602,935,368,2869,67,89,1866,2573,319,519,2671,2052,1902,30,2618,787,2236,2788,2922,2263,2398,1370,2754,2740,2049,694,83,797,120,2883,281,1779,2579,1398,566,732,1679,1120,401,1399,99,2512,23,2826]","[2252,357,1893,2602,935,368,2869,67,2714,1670,2821,2228,2770,2281,2818,2520,899,1944,1025,949,1830,316,2856,1598,2329,2701,1650,223,983,1246,2334,2390,647,727,2495,2170,517,2069,105,910,2820]","[2252,357,1893,2602,935,368,2869,67,2714,1670,2821,2228,2770,2281,2818,2520,899,1944,1025,949,1830,316,2856,1598,1919,1742,2478,940,2157,1023,2903,1164,91,2036,1573,2510,294,779,833,2,2459,2580,2063,1555,2996,1528,1024,539,1282,127,2835,918,1088,1404,1784]",0.9473292967053062,0.9931980682049916,0.9577403988092368,"[2252,357,1893,2602,935,368,2869,67,89,1866,2573,319,519,2671,2052,1902,30,2618,787,2236,2788,2922,2263,2398,1370,2754,2740,2049,694,83,797,120,2883,281,1779,2579,1398,566,732,1679,1120,401,1399,99,2512,23,2826]",0.9811045618823568,0.9946141760929768,0.9605472384437342,"[2252,357,1893,2602,935,368,2869,67,2714,1670,2821,2228,2770,2281,2818,2520,899,1944,1025,949,1830,316,2856,1598,2329,2701,1650,223,983,1246,2334,2390,647,727,2495,2170,517,2069,105,910,2820]",0.9862263436658932,0.9949390783614568,0.9672232476194036,0.9532641425659586,0.974846956536682,0.8895414570905232,0.954251341393978,0.9666084487265584,0.8552157879429896,Simulation scores compare against the stored generating trajectory.,0.9699627291210589,0.7042788073402809,0.9527290858910488,0.9892762271450792,0.8957703144101523,0.954251341393978,0.9666084487265584,0.8552157879429896,success,,official R dyneval on exported dynwrap trajectories,"Saelens et al., Nature Biotechnology (2019), doi:10.1038/s41587-019-0071-9",v2.0,4.6.1,0.9.9,1.3.0,1.0.1,1.1.0,daeb26af7d40c21b32283af31beb17a8ee8c3c6f,319bcfe3a0e38af45f368d2a53146165416d1a8a,b6fa729b1bc531e179aec3f3d7aa14cd8ef2015e,63fb255c894df1ba6d72b50bd0fb02d78bcee2af,0,1,0,0.9362438330408,TRUE,TRUE,TRUE,simulation_3_pca50_neighbors30_umap3,4,log1p_if_max_gt|pca|neighbors|umap,77,3000x1000,3000x1000,"{""completed_before_inference"": true, ""input_shape"": [3000, 1000], ""input_x_max"": 9.404547122747095, ""input_x_min"": 0.0, ""model_coordinate_key_ready"": true, ""output_shape"": [3000, 1000], ""plot_coordinate_key_ready"": true, ""profile"": ""simulation_3_pca50_neighbors30_umap3"", ""random_seed"": 77, ""steps"": [{""operation"": ""log1p_if_max_gt"", ""parameters"": {""threshold"": 100}, ""status"": ""skipped_already_below_threshold""}, {""operation"": ""pca"", ""parameters"": {""n_comps"": 50, ""random_state"": 0, ""svd_solver"": ""arpack"", ""use_highly_variable"": false, ""zero_center"": true}, ""status"": ""applied""}, {""operation"": ""neighbors"", ""parameters"": {""method"": ""umap"", ""metric"": ""euclidean"", ""n_neighbors"": 30, ""n_pcs"": 30, ""random_state"": 0}, ""status"": ""applied""}, {""operation"": ""umap"", ""parameters"": {""a"": 0.5830300204883174, ""b"": 1.3341669924555197, ""n_components"": 3, ""preserve_existing"": false, ""random_state"": 0}, ""status"": ""applied""}]}"
37,78,78,26,gold_reference_simulation,stored_simulation_generating_trajectory,3,124,0.001110516873224,0.9845673085936574,368,16.752752399999963,77.86334390000025,94.6160963000002,46.07115870000007,1130.683594,312.6601563,"[2252,2886,875,1794,2914,966,368,2869,1694,1881,587,2766,975,2200,904,1808,1795,840,1525,49,508,1479,2177,1025,2852,229,2010,1188,639,402,1534,2986,1665,1848,2012,201,1040,2339,1526,110,2510,2273,2036,1272,181,2,786,2745,222,85,2937,2677,2151,2954,1774,716,2343,525,1784]","[2252,2886,875,1794,2914,966,368,2869,1694,1881,587,2809,2671,864,1446,616,2628,2870,653,2321,2846,787,1211,1447,2572,804,2144,579,857,2716,1235,850,2754,2740,1877,1600,1581,558,2883,281,2013,2686,401,2828,2176,2095,71,23,2826]","[2252,2886,875,1794,2914,966,368,2869,1694,1881,587,2766,975,2200,904,1808,1795,840,1525,49,508,1479,2177,1025,2852,229,2010,1188,639,402,1534,2986,1665,1848,1320,1227,1350,2471,1426,695,968,1007,1465,2377,2605,479,582,644,763,1623,647,1168,276,351,563,1289,1954,161,2679,2859,2820]","[2252,2886,875,1794,2914,966,368,2869,1694,1881,587,2766,975,2200,904,1808,1795,840,1525,49,508,1479,2177,1025,2852,229,2010,1188,639,402,1534,2986,1665,1848,2012,201,1040,2339,1526,110,2510,2273,2036,1272,181,2,786,2745,222,85,2937,2677,2151,2954,1774,716,2343,525,1784]",0.9818832460828288,0.9930461451593292,0.9473362290624544,"[2252,2886,875,1794,2914,966,368,2869,1694,1881,587,2809,2671,864,1446,616,2628,2870,653,2321,2846,787,1211,1447,2572,804,2144,579,857,2716,1235,850,2754,2740,1877,1600,1581,558,2883,281,2013,2686,401,2828,2176,2095,71,23,2826]",0.9901904880165378,0.995862736097392,0.9646936119460532,"[2252,2886,875,1794,2914,966,368,2869,1694,1881,587,2766,975,2200,904,1808,1795,840,1525,49,508,1479,2177,1025,2852,229,2010,1188,639,402,1534,2986,1665,1848,1320,1227,1350,2471,1426,695,968,1007,1465,2377,2605,479,582,644,763,1623,647,1168,276,351,563,1289,1954,161,2679,2859,2820]",0.9793253022440844,0.9937773719513352,0.951967442131925,0.9608604860411027,0.9581563795230332,0.849642884843636,0.9487481645671776,0.9468967329231972,0.8308167432186042,Simulation scores compare against the stored generating trajectory.,0.9700789245967444,0.6698988467184777,0.9573322737420684,0.9822489407542464,0.8841483529233819,0.9487481645671776,0.9468967329231972,0.8308167432186042,success,,official R dyneval on exported dynwrap trajectories,"Saelens et al., Nature Biotechnology (2019), doi:10.1038/s41587-019-0071-9",v2.0,4.6.1,0.9.9,1.3.0,1.0.1,1.1.0,daeb26af7d40c21b32283af31beb17a8ee8c3c6f,319bcfe3a0e38af45f368d2a53146165416d1a8a,b6fa729b1bc531e179aec3f3d7aa14cd8ef2015e,63fb255c894df1ba6d72b50bd0fb02d78bcee2af,0,1,0,0.9444744880097404,TRUE,TRUE,TRUE,simulation_3_pca50_neighbors30_umap3,4,log1p_if_max_gt|pca|neighbors|umap,78,3000x1000,3000x1000,"{""completed_before_inference"": true, ""input_shape"": [3000, 1000], ""input_x_max"": 9.404547122747095, ""input_x_min"": 0.0, ""model_coordinate_key_ready"": true, ""output_shape"": [3000, 1000], ""plot_coordinate_key_ready"": true, ""profile"": ""simulation_3_pca50_neighbors30_umap3"", ""random_seed"": 78, ""steps"": [{""operation"": ""log1p_if_max_gt"", ""parameters"": {""threshold"": 100}, ""status"": ""skipped_already_below_threshold""}, {""operation"": ""pca"", ""parameters"": {""n_comps"": 50, ""random_state"": 0, ""svd_solver"": ""arpack"", ""use_highly_variable"": false, ""zero_center"": true}, ""status"": ""applied""}, {""operation"": ""neighbors"", ""parameters"": {""method"": ""umap"", ""metric"": ""euclidean"", ""n_neighbors"": 30, ""n_pcs"": 30, ""random_state"": 0}, ""status"": ""applied""}, {""operation"": ""umap"", ""parameters"": {""a"": 0.5830300204883174, ""b"": 1.3341669924555197, ""n_components"": 3, ""preserve_existing"": false, ""random_state"": 0}, ""status"": ""applied""}]}"
38,79,79,26,gold_reference_simulation,stored_simulation_generating_trajectory,3,136,0.0017856768428762,0.9761946418252196,368,16.949719800000366,74.17168410000022,91.1214039000006,40.9619031000002,1047.257813,227.9921875,"[2252,1435,1308,2212,2914,935,368,2869,362,735,2015,155,1795,216,526,1542,1807,1806,2474,2872,2547,2604,2764,1265,627,2928,171,1817,2339,1526,1777,1272,893,2956,43,2882,2887,461,1405,1597,500,1088,1404,1784]","[2252,1435,1308,2212,2914,935,368,2869,2437,2050,2200,550,587,2586,2197,2891,2269,724,562,2608,770,1285,2092,1875,2174,146,2892,2530,1228,2034,1810,433,2583,1211,2741,2788,2922,1482,996,1729,2451,2040,378,2725,2968,2964,694,1667,42,2910,2565,558,2832,1232,916,559,1779,2441,1004,2637,2208,375,659,1343,2980,1720,504,2077,2826]","[2252,1435,1308,2212,2914,935,368,2869,362,735,2015,155,1795,216,526,1542,1807,1806,1240,2025,300,945,230,1706,971,1452,1,1058,2783,2056,1078,2506,1559,2707,2373,2595,2132,1604,730,2061,728,2896,2274,860,8,2093,2679,2859,2820]","[2252,1435,1308,2212,2914,935,368,2869,362,735,2015,155,1795,216,526,1542,1807,1806,2474,2872,2547,2604,2764,1265,627,2928,171,1817,2339,1526,1777,1272,893,2956,43,2882,2887,461,1405,1597,500,1088,1404,1784]",0.9861216795270552,0.9956262012878628,0.968466106820137,"[2252,1435,1308,2212,2914,935,368,2869,2437,2050,2200,550,587,2586,2197,2891,2269,724,562,2608,770,1285,2092,1875,2174,146,2892,2530,1228,2034,1810,433,2583,1211,2741,2788,2922,1482,996,1729,2451,2040,378,2725,2968,2964,694,1667,42,2910,2565,558,2832,1232,916,559,1779,2441,1004,2637,2208,375,659,1343,2980,1720,504,2077,2826]",0.9881654630338218,0.996707546417122,0.967128306338074,"[2252,1435,1308,2212,2914,935,368,2869,362,735,2015,155,1795,216,526,1542,1807,1806,1240,2025,300,945,230,1706,971,1452,1,1058,2783,2056,1078,2506,1559,2707,2373,2595,2132,1604,730,2061,728,2896,2274,860,8,2093,2679,2859,2820]",0.9695826077238544,0.97131968608438,0.8942913169216153,0.9646191299401372,0.9660605853620432,0.8723207896522206,0.9727599536448857,0.970922741330156,0.8735996287918464,Simulation scores compare against the stored generating trajectory.,0.948556466972588,0.6326112109461641,0.8981338271173277,0.9685424207895668,0.849992206146544,0.9727599536448857,0.970922741330156,0.8735996287918464,success,,official R dyneval on exported dynwrap trajectories,"Saelens et al., Nature Biotechnology (2019), doi:10.1038/s41587-019-0071-9",v2.0,4.6.1,0.9.9,1.3.0,1.0.1,1.1.0,daeb26af7d40c21b32283af31beb17a8ee8c3c6f,319bcfe3a0e38af45f368d2a53146165416d1a8a,b6fa729b1bc531e179aec3f3d7aa14cd8ef2015e,63fb255c894df1ba6d72b50bd0fb02d78bcee2af,0,1,0,0.958863250780878,TRUE,TRUE,TRUE,simulation_3_pca50_neighbors30_umap3,4,log1p_if_max_gt|pca|neighbors|umap,79,3000x1000,3000x1000,"{""completed_before_inference"": true, ""input_shape"": [3000, 1000], ""input_x_max"": 9.404547122747095, ""input_x_min"": 0.0, ""model_coordinate_key_ready"": true, ""output_shape"": [3000, 1000], ""plot_coordinate_key_ready"": true, ""profile"": ""simulation_3_pca50_neighbors30_umap3"", ""random_seed"": 79, ""steps"": [{""operation"": ""log1p_if_max_gt"", ""parameters"": {""threshold"": 100}, ""status"": ""skipped_already_below_threshold""}, {""operation"": ""pca"", ""parameters"": {""n_comps"": 50, ""random_state"": 0, ""svd_solver"": ""arpack"", ""use_highly_variable"": false, ""zero_center"": true}, ""status"": ""applied""}, {""operation"": ""neighbors"", ""parameters"": {""method"": ""umap"", ""metric"": ""euclidean"", ""n_neighbors"": 30, ""n_pcs"": 30, ""random_state"": 0}, ""status"": ""applied""}, {""operation"": ""umap"", ""parameters"": {""a"": 0.5830300204883174, ""b"": 1.3341669924555197, ""n_components"": 3, ""preserve_existing"": false, ""random_state"": 0}, ""status"": ""applied""}]}"
39,80,80,26,gold_reference_simulation,stored_simulation_generating_trajectory,3,144,0.0008995154705526,0.9783992449967552,51,16.505160299999716,75.78842709999981,92.29358739999952,41.06742860000031,1117.660156,298.03125,"[2252,357,943,2011,2212,668,51,368,2869,67,2081,523,138,2731,814,441,1456,1525,995,2501,1479,2395,1571,2547,528,1255,2550,1833,706,364,1835,92,2203,1526,2823,2047,2149,893,2794,313,2279,1002,43,1967,1528,222,2745,952,2677,2383,2878,500,1941,2467,1784]","[2252,357,943,2011,2212,668,51,368,2869,1140,147,2760,1353,2197,2097,2787,2923,2393,1856,524,1840,896,2939,331,1998,1685,602,1234,1072,1634,2811,2356,2892,2034,2308,635,1413,1769,1613,2144,2267,1482,48,1370,552,2842,2169,2002,2863,870,1990,2621,1637,1608,795,558,982,498,167,1643,922,100,1395,2686,2828,2176,2399,2713,1292,2826]","[2252,357,943,2011,2212,668,51,368,2869,67,2081,523,138,2731,814,441,1456,1525,995,2501,1479,1944,1025,2189,873,1733,2890,1785,585,409,2783,2506,134,851,1650,1531,1502,323,19,2974,1744,778,1100,722,561,1041,406,2358,2820]","[2252,357,943,2011,2212,668,51,368,2869,67,2081,523,138,2731,814,441,1456,1525,995,2501,1479,2395,1571,2547,528,1255,2550,1833,706,364,1835,92,2203,1526,2823,2047,2149,893,2794,313,2279,1002,43,1967,1528,222,2745,952,2677,2383,2878,500,1941,2467,1784]",0.975021348746583,0.9941591839239576,0.9588655987079844,"[2252,357,943,2011,2212,668,51,368,2869,1140,147,2760,1353,2197,2097,2787,2923,2393,1856,524,1840,896,2939,331,1998,1685,602,1234,1072,1634,2811,2356,2892,2034,2308,635,1413,1769,1613,2144,2267,1482,48,1370,552,2842,2169,2002,2863,870,1990,2621,1637,1608,795,558,982,498,167,1643,922,100,1395,2686,2828,2176,2399,2713,1292,2826]",0.98648901544974,0.996486883239546,0.965716767839505,"[2252,357,943,2011,2212,668,51,368,2869,67,2081,523,138,2731,814,441,1456,1525,995,2501,1479,1944,1025,2189,873,1733,2890,1785,585,409,2783,2506,134,851,1650,1531,1502,323,19,2974,1744,778,1100,722,561,1041,406,2358,2820]",0.986419812589675,0.9900902072053248,0.9443970874696408,0.9682843151049504,0.971792556325194,0.8800164004741549,0.968558715740774,0.9671579523507255,0.8670242048085218,Simulation scores compare against the stored generating trajectory.,0.9468299748157704,0.6467713885890279,0.9070783832238124,0.961145616091534,0.8547993853151986,0.968558715740774,0.9671579523507255,0.8670242048085218,success,,official R dyneval on exported dynwrap trajectories,"Saelens et al., Nature Biotechnology (2019), doi:10.1038/s41587-019-0071-9",v2.0,4.6.1,0.9.9,1.3.0,1.0.1,1.1.0,daeb26af7d40c21b32283af31beb17a8ee8c3c6f,319bcfe3a0e38af45f368d2a53146165416d1a8a,b6fa729b1bc531e179aec3f3d7aa14cd8ef2015e,63fb255c894df1ba6d72b50bd0fb02d78bcee2af,0,1,0,0.9537215767372698,TRUE,TRUE,TRUE,simulation_3_pca50_neighbors30_umap3,4,log1p_if_max_gt|pca|neighbors|umap,80,3000x1000,3000x1000,"{""completed_before_inference"": true, ""input_shape"": [3000, 1000], ""input_x_max"": 9.404547122747095, ""input_x_min"": 0.0, ""model_coordinate_key_ready"": true, ""output_shape"": [3000, 1000], ""plot_coordinate_key_ready"": true, ""profile"": ""simulation_3_pca50_neighbors30_umap3"", ""random_seed"": 80, ""steps"": [{""operation"": ""log1p_if_max_gt"", ""parameters"": {""threshold"": 100}, ""status"": ""skipped_already_below_threshold""}, {""operation"": ""pca"", ""parameters"": {""n_comps"": 50, ""random_state"": 0, ""svd_solver"": ""arpack"", ""use_highly_variable"": false, ""zero_center"": true}, ""status"": ""applied""}, {""operation"": ""neighbors"", ""parameters"": {""method"": ""umap"", ""metric"": ""euclidean"", ""n_neighbors"": 30, ""n_pcs"": 30, ""random_state"": 0}, ""status"": ""applied""}, {""operation"": ""umap"", ""parameters"": {""a"": 0.5830300204883174, ""b"": 1.3341669924555197, ""n_components"": 3, ""preserve_existing"": false, ""random_state"": 0}, ""status"": ""applied""}]}"
40,81,81,26,gold_reference_simulation,stored_simulation_generating_trajectory,3,106,0.0053681649156949,0.8654135521038875,368,16.90209219999997,73.3938048,90.29589699999995,41.27680180000016,1097.652344,278.5820313,"[2252,1435,2082,686,2094,2271,368,2869,67,1488,2433,1371,138,2353,2770,2469,1538,899,1944,1025,945,2845,2988,376,1186,2056,388,2690,1610,2409,2707,1504,1033,2115,2119,505,2157,2199,1175,91,2510,1362,1163,159,2240,786,952,539,2947,822,1199,1363,2570,1449,1784]","[2252,1435,2082,686,2094,2271,368,2869,609,2287,1782,1725,2381,2951,2067,641,2479,1097,1788,2110,2892,96,2811,318,928,978,804,2922,857,2295,2584,2754,2740,694,83,175,758,167,2013,28,99,40,23,2826]","[2252,1435,2082,686,2094,2271,368,2869,67,1488,2433,1371,138,2353,2770,2469,1538,899,1944,1025,945,2845,2988,376,1186,2056,388,2690,1610,2409,1611,1958,2595,1956,997,2305,730,2061,728,2896,2578,1001,60,330,2820]","[2252,1435,2082,686,2094,2271,368,2869,67,1488,2433,1371,138,2353,2770,2469,1538,899,1944,1025,945,2845,2988,376,1186,2056,388,2690,1610,2409,2707,1504,1033,2115,2119,505,2157,2199,1175,91,2510,1362,1163,159,2240,786,952,539,2947,822,1199,1363,2570,1449,1784]",0.9678016421289968,0.9887631231873676,0.9338150186450184,"[2252,1435,2082,686,2094,2271,368,2869,609,2287,1782,1725,2381,2951,2067,641,2479,1097,1788,2110,2892,96,2811,318,928,978,804,2922,857,2295,2584,2754,2740,694,83,175,758,167,2013,28,99,40,23,2826]",0.9892081205001826,0.9962947831710242,0.9716218688710118,"[2252,1435,2082,686,2094,2271,368,2869,67,1488,2433,1371,138,2353,2770,2469,1538,899,1944,1025,945,2845,2988,376,1186,2056,388,2690,1610,2409,1611,1958,2595,1956,997,2305,730,2061,728,2896,2578,1001,60,330,2820]",0.9785475138083498,0.9749351294678424,0.8999443571225918,0.9526597247599222,0.9481924658883996,0.8294566909083829,0.9408719634596978,0.9402189637888888,0.8123072359490529,Simulation scores compare against the stored generating trajectory.,0.9703297723232592,0.6722585170234622,0.9450690212783888,0.961021156930485,0.8773301139771438,0.9408719634596978,0.9402189637888888,0.8123072359490529,success,,official R dyneval on exported dynwrap trajectories,"Saelens et al., Nature Biotechnology (2019), doi:10.1038/s41587-019-0071-9",v2.0,4.6.1,0.9.9,1.3.0,1.0.1,1.1.0,daeb26af7d40c21b32283af31beb17a8ee8c3c6f,319bcfe3a0e38af45f368d2a53146165416d1a8a,b6fa729b1bc531e179aec3f3d7aa14cd8ef2015e,63fb255c894df1ba6d72b50bd0fb02d78bcee2af,0,1,0,0.963341149897211,TRUE,TRUE,TRUE,simulation_3_pca50_neighbors30_umap3,4,log1p_if_max_gt|pca|neighbors|umap,81,3000x1000,3000x1000,"{""completed_before_inference"": true, ""input_shape"": [3000, 1000], ""input_x_max"": 9.404547122747095, ""input_x_min"": 0.0, ""model_coordinate_key_ready"": true, ""output_shape"": [3000, 1000], ""plot_coordinate_key_ready"": true, ""profile"": ""simulation_3_pca50_neighbors30_umap3"", ""random_seed"": 81, ""steps"": [{""operation"": ""log1p_if_max_gt"", ""parameters"": {""threshold"": 100}, ""status"": ""skipped_already_below_threshold""}, {""operation"": ""pca"", ""parameters"": {""n_comps"": 50, ""random_state"": 0, ""svd_solver"": ""arpack"", ""use_highly_variable"": false, ""zero_center"": true}, ""status"": ""applied""}, {""operation"": ""neighbors"", ""parameters"": {""method"": ""umap"", ""metric"": ""euclidean"", ""n_neighbors"": 30, ""n_pcs"": 30, ""random_state"": 0}, ""status"": ""applied""}, {""operation"": ""umap"", ""parameters"": {""a"": 0.5830300204883174, ""b"": 1.3341669924555197, ""n_components"": 3, ""preserve_existing"": false, ""random_state"": 0}, ""status"": ""applied""}]}"
41,82,82,26,gold_reference_simulation,stored_simulation_generating_trajectory,3,128,0.0053935316183599,0.9447402881509886,51,18.50366840000015,73.30298509999966,91.8066534999998,43.00416089999999,1112.695313,314.125,"[2252,1543,2456,1973,767,1689,51,368,2869,629,1488,1796,62,1716,442,1942,743,2096,715,216,2818,187,2469,1895,2520,1951,513,1806,1240,2025,300,2547,2010,1991,971,1260,1663,1037,585,393,2065,2471,2004,505,2157,2981,91,1573,2320,803,833,2488,294,663,884,222,2704,1834,1845,140,985,12,2343,2574,1763,2570,1449,1784]","[2252,1543,2456,1973,767,1689,51,368,2869,115,1521,2760,429,2381,1590,641,325,2628,1814,2670,2700,285,75,2414,2572,1613,2922,708,785,2754,603,2324,2740,694,544,908,824,167,916,559,1093,2647,2778,867,459,2826]","[2252,1543,2456,1973,767,1689,51,368,2869,629,1488,1796,62,1716,442,1942,743,2096,715,216,2818,187,2469,1895,2520,1951,513,1806,1240,2025,300,2547,2010,1991,971,1260,1663,1037,585,393,1562,108,388,923,1151,2933,1418,2672,1559,1407,209,154,2390,56,569,184,1899,1995,2653,2888,491,2965,2820]","[2252,1543,2456,1973,767,1689,51,368,2869,629,1488,1796,62,1716,442,1942,743,2096,715,216,2818,187,2469,1895,2520,1951,513,1806,1240,2025,300,2547,2010,1991,971,1260,1663,1037,585,393,2065,2471,2004,505,2157,2981,91,1573,2320,803,833,2488,294,663,884,222,2704,1834,1845,140,985,12,2343,2574,1763,2570,1449,1784]",0.988614035677156,0.994197543683736,0.9522030221888492,"[2252,1543,2456,1973,767,1689,51,368,2869,115,1521,2760,429,2381,1590,641,325,2628,1814,2670,2700,285,75,2414,2572,1613,2922,708,785,2754,603,2324,2740,694,544,908,824,167,916,559,1093,2647,2778,867,459,2826]",0.9930095723091112,0.9942561362749924,0.959310311723397,"[2252,1543,2456,1973,767,1689,51,368,2869,629,1488,1796,62,1716,442,1942,743,2096,715,216,2818,187,2469,1895,2520,1951,513,1806,1240,2025,300,2547,2010,1991,971,1260,1663,1037,585,393,1562,108,388,923,1151,2933,1418,2672,1559,1407,209,154,2390,56,569,184,1899,1995,2653,2888,491,2965,2820]",0.9804859052980864,0.9845803250663124,0.9273507890606698,0.9806318750973682,0.9823685958065952,0.9022846136967516,0.9624432100777564,0.9523438905337952,0.8356736727647207,Simulation scores compare against the stored generating trajectory.,0.974000971155365,0.6549792396012444,0.9553041094011094,0.9888780018475212,0.8810850282573444,0.9624432100777564,0.9523438905337952,0.8356736727647207,success,,official R dyneval on exported dynwrap trajectories,"Saelens et al., Nature Biotechnology (2019), doi:10.1038/s41587-019-0071-9",v2.0,4.6.1,0.9.9,1.3.0,1.0.1,1.1.0,daeb26af7d40c21b32283af31beb17a8ee8c3c6f,319bcfe3a0e38af45f368d2a53146165416d1a8a,b6fa729b1bc531e179aec3f3d7aa14cd8ef2015e,63fb255c894df1ba6d72b50bd0fb02d78bcee2af,0,1,0,0.9560544311458626,TRUE,TRUE,TRUE,simulation_3_pca50_neighbors30_umap3,4,log1p_if_max_gt|pca|neighbors|umap,82,3000x1000,3000x1000,"{""completed_before_inference"": true, ""input_shape"": [3000, 1000], ""input_x_max"": 9.404547122747095, ""input_x_min"": 0.0, ""model_coordinate_key_ready"": true, ""output_shape"": [3000, 1000], ""plot_coordinate_key_ready"": true, ""profile"": ""simulation_3_pca50_neighbors30_umap3"", ""random_seed"": 82, ""steps"": [{""operation"": ""log1p_if_max_gt"", ""parameters"": {""threshold"": 100}, ""status"": ""skipped_already_below_threshold""}, {""operation"": ""pca"", ""parameters"": {""n_comps"": 50, ""random_state"": 0, ""svd_solver"": ""arpack"", ""use_highly_variable"": false, ""zero_center"": true}, ""status"": ""applied""}, {""operation"": ""neighbors"", ""parameters"": {""method"": ""umap"", ""metric"": ""euclidean"", ""n_neighbors"": 30, ""n_pcs"": 30, ""random_state"": 0}, ""status"": ""applied""}, {""operation"": ""umap"", ""parameters"": {""a"": 0.5830300204883174, ""b"": 1.3341669924555197, ""n_components"": 3, ""preserve_existing"": false, ""random_state"": 0}, ""status"": ""applied""}]}"
42,83,83,26,gold_reference_simulation,stored_simulation_generating_trajectory,3,140,0.0038281636589873,0.9437350560036878,355,16.715445400000135,72.49775590000036,89.21320130000049,42.99982649999993,1079.617188,258.5585938,"[2252,1085,685,767,355,991,368,2869,2087,1796,1670,2821,437,1795,216,1538,1036,412,2025,2893,1827,2145,2107,2822,2615,540,1901,1167,1798,1403,905,1560,2339,1526,2320,1362,1302,1772,181,2514,1555,217,1603,1358,1231,2789,1264,572,340,1846,1978,683,1666,2391,918,652,2799,2983,1699,1784]","[2252,1085,685,767,355,991,368,2869,609,2287,1095,1394,1492,1317,1910,145,2787,2923,2393,802,1097,1788,2470,2648,285,2846,2530,1873,1228,2156,192,787,662,2788,2922,2263,2584,1370,151,1431,2725,2522,2863,2895,1056,2689,1638,1753,305,1965,1990,234,175,1554,982,100,566,2686,28,1149,2122,2778,2512,760,607,2826]","[2252,1085,685,767,355,991,368,2869,2087,1796,1670,2821,437,1795,216,1538,1036,412,2025,2852,2108,2698,543,1185,2701,2065,2115,2836,136,1007,2439,1975,1500,972,2558,2866,2661,2620,648,2859,2820]","[2252,1085,685,767,355,991,368,2869,2087,1796,1670,2821,437,1795,216,1538,1036,412,2025,2893,1827,2145,2107,2822,2615,540,1901,1167,1798,1403,905,1560,2339,1526,2320,1362,1302,1772,181,2514,1555,217,1603,1358,1231,2789,1264,572,340,1846,1978,683,1666,2391,918,652,2799,2983,1699,1784]",0.95346945370361,0.9949767057970252,0.9583657262745712,"[2252,1085,685,767,355,991,368,2869,609,2287,1095,1394,1492,1317,1910,145,2787,2923,2393,802,1097,1788,2470,2648,285,2846,2530,1873,1228,2156,192,787,662,2788,2922,2263,2584,1370,151,1431,2725,2522,2863,2895,1056,2689,1638,1753,305,1965,1990,234,175,1554,982,100,566,2686,28,1149,2122,2778,2512,760,607,2826]",0.987853055473046,0.9955969307707032,0.9637145897010252,"[2252,1085,685,767,355,991,368,2869,2087,1796,1670,2821,437,1795,216,1538,1036,412,2025,2852,2108,2698,543,1185,2701,2065,2115,2836,136,1007,2439,1975,1500,972,2558,2866,2661,2620,648,2859,2820]",0.9887557033864258,0.9933242568492178,0.9547750719743664,0.956965647417406,0.966073469359478,0.8656643817342993,0.956574941967782,0.9637393898906996,0.8563640763444439,Simulation scores compare against the stored generating trajectory.,0.9559477394998288,0.6747386238726978,0.9164759795015316,0.9858302451416596,0.8737219303934001,0.956574941967782,0.9637393898906996,0.8563640763444439,success,,official R dyneval on exported dynwrap trajectories,"Saelens et al., Nature Biotechnology (2019), doi:10.1038/s41587-019-0071-9",v2.0,4.6.1,0.9.9,1.3.0,1.0.1,1.1.0,daeb26af7d40c21b32283af31beb17a8ee8c3c6f,319bcfe3a0e38af45f368d2a53146165416d1a8a,b6fa729b1bc531e179aec3f3d7aa14cd8ef2015e,63fb255c894df1ba6d72b50bd0fb02d78bcee2af,0,1,0,0.9616846913297216,TRUE,TRUE,TRUE,simulation_3_pca50_neighbors30_umap3,4,log1p_if_max_gt|pca|neighbors|umap,83,3000x1000,3000x1000,"{""completed_before_inference"": true, ""input_shape"": [3000, 1000], ""input_x_max"": 9.404547122747095, ""input_x_min"": 0.0, ""model_coordinate_key_ready"": true, ""output_shape"": [3000, 1000], ""plot_coordinate_key_ready"": true, ""profile"": ""simulation_3_pca50_neighbors30_umap3"", ""random_seed"": 83, ""steps"": [{""operation"": ""log1p_if_max_gt"", ""parameters"": {""threshold"": 100}, ""status"": ""skipped_already_below_threshold""}, {""operation"": ""pca"", ""parameters"": {""n_comps"": 50, ""random_state"": 0, ""svd_solver"": ""arpack"", ""use_highly_variable"": false, ""zero_center"": true}, ""status"": ""applied""}, {""operation"": ""neighbors"", ""parameters"": {""method"": ""umap"", ""metric"": ""euclidean"", ""n_neighbors"": 30, ""n_pcs"": 30, ""random_state"": 0}, ""status"": ""applied""}, {""operation"": ""umap"", ""parameters"": {""a"": 0.5830300204883174, ""b"": 1.3341669924555197, ""n_components"": 3, ""preserve_existing"": false, ""random_state"": 0}, ""status"": ""applied""}]}"
43,84,84,26,gold_reference_simulation,stored_simulation_generating_trajectory,3,127,0.0023062553435473,0.9479340703566737,93,16.833706500000062,75.5902314,92.42393790000006,42.440216099999816,1116.335938,298.2773438,"[2252,1561,1369,93,2976,1510,456,368,2869,2087,2102,523,138,2770,440,1690,526,365,1565,2631,1479,2046,2025,300,2988,2198,2852,2434,818,22,349,1552,452,1999,364,2847,2616,171,1817,2203,2601,304,1208,91,73,2036,2273,33,1253,1772,1603,1528,85,2937,27,690,2722,1740,66,2947,822,549,2570,262,1784]","[2252,1561,1369,93,2976,1510,456,368,2869,1183,2573,2678,1725,2809,204,641,325,2870,653,1625,386,2779,1769,804,1259,269,2038,1475,1529,1261,1075,950,1617,1877,1918,83,2431,1189,1395,1639,2684,2647,2778,733,760,2826]","[2252,1561,1369,93,2976,1510,456,368,2869,2087,2102,523,138,2770,440,1690,526,365,1565,2631,1479,2046,2025,300,2988,1706,1146,1380,1598,1185,2690,1373,2409,2707,983,136,1127,13,545,1306,965,116,1983,2943,90,2620,1329,958,518,2820]","[2252,1561,1369,93,2976,1510,456,368,2869,2087,2102,523,138,2770,440,1690,526,365,1565,2631,1479,2046,2025,300,2988,2198,2852,2434,818,22,349,1552,452,1999,364,2847,2616,171,1817,2203,2601,304,1208,91,73,2036,2273,33,1253,1772,1603,1528,85,2937,27,690,2722,1740,66,2947,822,549,2570,262,1784]",0.9704553233421924,0.995096681014828,0.9594126932568184,"[2252,1561,1369,93,2976,1510,456,368,2869,1183,2573,2678,1725,2809,204,641,325,2870,653,1625,386,2779,1769,804,1259,269,2038,1475,1529,1261,1075,950,1617,1877,1918,83,2431,1189,1395,1639,2684,2647,2778,733,760,2826]",0.9958312482325014,0.9968498022343266,0.9745555161745688,"[2252,1561,1369,93,2976,1510,456,368,2869,2087,2102,523,138,2770,440,1690,526,365,1565,2631,1479,2046,2025,300,2988,1706,1146,1380,1598,1185,2690,1373,2409,2707,983,136,1127,13,545,1306,965,116,1983,2943,90,2620,1329,958,518,2820]",0.9865008688111448,0.9920109246530396,0.9476030229367792,0.9653873320259962,0.9702701869431856,0.8718455893516586,0.9604751211115758,0.9626271535013852,0.8560256290183347,Simulation scores compare against the stored generating trajectory.,0.9594773026036536,0.6875208347219813,0.9269504386778408,0.9906571907983496,0.8822163859326217,0.9604751211115758,0.9626271535013852,0.8560256290183347,success,,official R dyneval on exported dynwrap trajectories,"Saelens et al., Nature Biotechnology (2019), doi:10.1038/s41587-019-0071-9",v2.0,4.6.1,0.9.9,1.3.0,1.0.1,1.1.0,daeb26af7d40c21b32283af31beb17a8ee8c3c6f,319bcfe3a0e38af45f368d2a53146165416d1a8a,b6fa729b1bc531e179aec3f3d7aa14cd8ef2015e,63fb255c894df1ba6d72b50bd0fb02d78bcee2af,0,1,0,0.9611501068376064,TRUE,TRUE,TRUE,simulation_3_pca50_neighbors30_umap3,4,log1p_if_max_gt|pca|neighbors|umap,84,3000x1000,3000x1000,"{""completed_before_inference"": true, ""input_shape"": [3000, 1000], ""input_x_max"": 9.404547122747095, ""input_x_min"": 0.0, ""model_coordinate_key_ready"": true, ""output_shape"": [3000, 1000], ""plot_coordinate_key_ready"": true, ""profile"": ""simulation_3_pca50_neighbors30_umap3"", ""random_seed"": 84, ""steps"": [{""operation"": ""log1p_if_max_gt"", ""parameters"": {""threshold"": 100}, ""status"": ""skipped_already_below_threshold""}, {""operation"": ""pca"", ""parameters"": {""n_comps"": 50, ""random_state"": 0, ""svd_solver"": ""arpack"", ""use_highly_variable"": false, ""zero_center"": true}, ""status"": ""applied""}, {""operation"": ""neighbors"", ""parameters"": {""method"": ""umap"", ""metric"": ""euclidean"", ""n_neighbors"": 30, ""n_pcs"": 30, ""random_state"": 0}, ""status"": ""applied""}, {""operation"": ""umap"", ""parameters"": {""a"": 0.5830300204883174, ""b"": 1.3341669924555197, ""n_components"": 3, ""preserve_existing"": false, ""random_state"": 0}, ""status"": ""applied""}]}"
44,85,85,26,gold_reference_simulation,stored_simulation_generating_trajectory,3,120,0.0047412357523686,0.9184103651484524,368,16.860186299999896,74.70999459999985,91.57018089999974,41.58761839999988,1105.027344,284.8632813,"[2252,2744,411,389,2902,368,2869,1694,2963,150,2015,1808,2346,715,63,821,1036,1943,2025,989,2009,2822,1747,2549,2298,207,1410,940,2261,2291,91,2510,779,2654,1374,2459,2580,2276,793,2745,1778,2973,2722,589,2947,822,1405,575,2357,1651,1784]","[2252,2744,411,389,2902,368,2869,208,646,853,1044,519,1335,117,1929,483,653,1625,386,787,831,2414,2236,2031,804,2016,895,1476,2982,1049,1730,1820,270,849,1392,2522,2964,42,2910,781,1608,914,745,175,166,1592,2013,28,2116,2830,1197,2126,1839,392,1982,2426,2826]","[2252,2744,411,389,2902,368,2869,1694,2963,150,2015,1808,2346,715,63,821,1036,1943,2025,989,2639,1389,2354,2413,197,599,1426,1263,2400,2159,2154,116,1983,2256,1547,2692,491,2965,2820]","[2252,2744,411,389,2902,368,2869,1694,2963,150,2015,1808,2346,715,63,821,1036,1943,2025,989,2009,2822,1747,2549,2298,207,1410,940,2261,2291,91,2510,779,2654,1374,2459,2580,2276,793,2745,1778,2973,2722,589,2947,822,1405,575,2357,1651,1784]",0.9695013563920776,0.9963974850150904,0.9673738552453112,"[2252,2744,411,389,2902,368,2869,208,646,853,1044,519,1335,117,1929,483,653,1625,386,787,831,2414,2236,2031,804,2016,895,1476,2982,1049,1730,1820,270,849,1392,2522,2964,42,2910,781,1608,914,745,175,166,1592,2013,28,2116,2830,1197,2126,1839,392,1982,2426,2826]",0.9815183682673077,0.993503337341972,0.9543446506399909,"[2252,2744,411,389,2902,368,2869,1694,2963,150,2015,1808,2346,715,63,821,1036,1943,2025,989,2639,1389,2354,2413,197,599,1426,1263,2400,2159,2154,116,1983,2256,1547,2692,491,2965,2820]",0.9876915655185524,0.9929493918807424,0.9532691959829364,0.968995956052156,0.9800185460125844,0.8994708783216091,0.9656743732662184,0.9700461726370068,0.8724215664329625,Simulation scores compare against the stored generating trajectory.,0.970403576182835,0.6823497728016839,0.9360368037207442,0.9934053315447212,0.8858184319619163,0.9656743732662184,0.9700461726370068,0.8724215664329625,success,,official R dyneval on exported dynwrap trajectories,"Saelens et al., Nature Biotechnology (2019), doi:10.1038/s41587-019-0071-9",v2.0,4.6.1,0.9.9,1.3.0,1.0.1,1.1.0,daeb26af7d40c21b32283af31beb17a8ee8c3c6f,319bcfe3a0e38af45f368d2a53146165416d1a8a,b6fa729b1bc531e179aec3f3d7aa14cd8ef2015e,63fb255c894df1ba6d72b50bd0fb02d78bcee2af,0,1,0,0.9568525463924518,TRUE,TRUE,TRUE,simulation_3_pca50_neighbors30_umap3,4,log1p_if_max_gt|pca|neighbors|umap,85,3000x1000,3000x1000,"{""completed_before_inference"": true, ""input_shape"": [3000, 1000], ""input_x_max"": 9.404547122747095, ""input_x_min"": 0.0, ""model_coordinate_key_ready"": true, ""output_shape"": [3000, 1000], ""plot_coordinate_key_ready"": true, ""profile"": ""simulation_3_pca50_neighbors30_umap3"", ""random_seed"": 85, ""steps"": [{""operation"": ""log1p_if_max_gt"", ""parameters"": {""threshold"": 100}, ""status"": ""skipped_already_below_threshold""}, {""operation"": ""pca"", ""parameters"": {""n_comps"": 50, ""random_state"": 0, ""svd_solver"": ""arpack"", ""use_highly_variable"": false, ""zero_center"": true}, ""status"": ""applied""}, {""operation"": ""neighbors"", ""parameters"": {""method"": ""umap"", ""metric"": ""euclidean"", ""n_neighbors"": 30, ""n_pcs"": 30, ""random_state"": 0}, ""status"": ""applied""}, {""operation"": ""umap"", ""parameters"": {""a"": 0.5830300204883174, ""b"": 1.3341669924555197, ""n_components"": 3, ""preserve_existing"": false, ""random_state"": 0}, ""status"": ""applied""}]}"
45,86,86,26,gold_reference_simulation,stored_simulation_generating_trajectory,3,143,0.0066772724064382,0.9170274279946252,58,16.827791799999886,79.0048324999998,95.83262429999968,45.9784453000002,1108.972656,289.6171875,"[2252,258,1230,2612,58,535,368,2869,2087,2081,1371,1942,1795,1690,63,1509,398,1806,1871,2872,2547,2626,1269,2534,451,1552,1903,627,261,163,2952,1776,91,2320,861,2580,2279,2150,1904,567,2151,822,127,1239,1363,47,984,1784]","[2252,258,1230,2612,58,535,368,2869,1694,1881,2678,1725,2586,2809,458,2381,868,237,731,1550,1310,1803,2428,2092,1875,2638,2110,146,282,2174,2589,2321,241,2100,2414,2779,880,2788,2922,2985,2640,1729,48,2674,2497,1114,1641,2522,1638,2297,1704,1059,1723,883,175,1432,2768,1909,498,1864,2486,2532,930,732,511,275,2828,17,448,1503,761,542,23,2826]","[2252,258,1230,2612,58,535,368,2869,2087,2081,1371,1942,1795,1690,63,1509,398,1806,1871,2872,2547,2626,137,1354,592,1663,2056,2925,472,2141,1418,2506,1650,1042,1559,2938,661,1604,1152,2673,1133,1168,1896,1700,1144,728,124,2960,2070,2358,2820]","[2252,258,1230,2612,58,535,368,2869,2087,2081,1371,1942,1795,1690,63,1509,398,1806,1871,2872,2547,2626,1269,2534,451,1552,1903,627,261,163,2952,1776,91,2320,861,2580,2279,2150,1904,567,2151,822,127,1239,1363,47,984,1784]",0.9855087524934788,0.99292665439972,0.9562459069388782,"[2252,258,1230,2612,58,535,368,2869,1694,1881,2678,1725,2586,2809,458,2381,868,237,731,1550,1310,1803,2428,2092,1875,2638,2110,146,282,2174,2589,2321,241,2100,2414,2779,880,2788,2922,2985,2640,1729,48,2674,2497,1114,1641,2522,1638,2297,1704,1059,1723,883,175,1432,2768,1909,498,1864,2486,2532,930,732,511,275,2828,17,448,1503,761,542,23,2826]",0.9873458001168636,0.9972124847914376,0.9695832032046344,"[2252,258,1230,2612,58,535,368,2869,2087,2081,1371,1942,1795,1690,63,1509,398,1806,1871,2872,2547,2626,137,1354,592,1663,2056,2925,472,2141,1418,2506,1650,1042,1559,2938,661,1604,1152,2673,1133,1168,1896,1700,1144,728,124,2960,2070,2358,2820]",0.9789205196790072,0.9870848583911788,0.935879562952746,0.9734282774704596,0.976622665340397,0.8899833514319966,0.970553116623686,0.9654239286103552,0.8655672760129522,Simulation scores compare against the stored generating trajectory.,0.958754185569484,0.715443758836018,0.9325124821770928,0.99208347664263,0.8925270981261181,0.970553116623686,0.9654239286103552,0.8655672760129522,success,,official R dyneval on exported dynwrap trajectories,"Saelens et al., Nature Biotechnology (2019), doi:10.1038/s41587-019-0071-9",v2.0,4.6.1,0.9.9,1.3.0,1.0.1,1.1.0,daeb26af7d40c21b32283af31beb17a8ee8c3c6f,319bcfe3a0e38af45f368d2a53146165416d1a8a,b6fa729b1bc531e179aec3f3d7aa14cd8ef2015e,63fb255c894df1ba6d72b50bd0fb02d78bcee2af,0,1,0,0.9568915634362772,TRUE,TRUE,TRUE,simulation_3_pca50_neighbors30_umap3,4,log1p_if_max_gt|pca|neighbors|umap,86,3000x1000,3000x1000,"{""completed_before_inference"": true, ""input_shape"": [3000, 1000], ""input_x_max"": 9.404547122747095, ""input_x_min"": 0.0, ""model_coordinate_key_ready"": true, ""output_shape"": [3000, 1000], ""plot_coordinate_key_ready"": true, ""profile"": ""simulation_3_pca50_neighbors30_umap3"", ""random_seed"": 86, ""steps"": [{""operation"": ""log1p_if_max_gt"", ""parameters"": {""threshold"": 100}, ""status"": ""skipped_already_below_threshold""}, {""operation"": ""pca"", ""parameters"": {""n_comps"": 50, ""random_state"": 0, ""svd_solver"": ""arpack"", ""use_highly_variable"": false, ""zero_center"": true}, ""status"": ""applied""}, {""operation"": ""neighbors"", ""parameters"": {""method"": ""umap"", ""metric"": ""euclidean"", ""n_neighbors"": 30, ""n_pcs"": 30, ""random_state"": 0}, ""status"": ""applied""}, {""operation"": ""umap"", ""parameters"": {""a"": 0.5830300204883174, ""b"": 1.3341669924555197, ""n_components"": 3, ""preserve_existing"": false, ""random_state"": 0}, ""status"": ""applied""}]}"
46,87,87,26,gold_reference_simulation,stored_simulation_generating_trajectory,3,139,0.0018676666882062,0.977143899642931,339,17.704465899999832,75.97834349999994,93.68280939999975,43.888600600000245,1068.519531,250.0976563,"[2252,339,943,1794,2602,352,368,2869,1140,2714,523,976,2770,2096,63,398,1252,1036,1479,1944,2906,1198,418,2764,2260,76,2412,2550,627,1833,1946,1813,1566,645,2275,1835,2601,2903,2196,2582,1164,91,953,613,33,833,2,2514,2240,1603,2704,1740,2947,2603,2462,2835,1363,2266,1937,2917,1784]","[2252,339,943,1794,2602,352,368,2869,2594,751,2573,319,519,2923,204,2052,1902,41,689,791,483,2727,2327,16,924,1234,84,1072,96,433,1448,1865,2572,1759,804,240,579,2263,807,850,1370,2040,2453,1617,2179,2740,694,1918,1692,141,83,175,758,1643,100,1395,2686,2829,1421,1191,1568,501,2814,2826]","[2252,339,943,1794,2602,352,368,2869,1140,2714,523,976,2770,2096,63,398,1252,1036,1943,2025,300,692,873,1276,1378,1433,1046,2354,2413,917,469,2061,1100,2904,2191,556,932,2070,845,2820]","[2252,339,943,1794,2602,352,368,2869,1140,2714,523,976,2770,2096,63,398,1252,1036,1479,1944,2906,1198,418,2764,2260,76,2412,2550,627,1833,1946,1813,1566,645,2275,1835,2601,2903,2196,2582,1164,91,953,613,33,833,2,2514,2240,1603,2704,1740,2947,2603,2462,2835,1363,2266,1937,2917,1784]",0.9649043470263536,0.9911485995638568,0.9458942783498934,"[2252,339,943,1794,2602,352,368,2869,2594,751,2573,319,519,2923,204,2052,1902,41,689,791,483,2727,2327,16,924,1234,84,1072,96,433,1448,1865,2572,1759,804,240,579,2263,807,850,1370,2040,2453,1617,2179,2740,694,1918,1692,141,83,175,758,1643,100,1395,2686,2829,1421,1191,1568,501,2814,2826]",0.9838187523656978,0.9946868655134914,0.9582700312868953,"[2252,339,943,1794,2602,352,368,2869,1140,2714,523,976,2770,2096,63,398,1252,1036,1943,2025,300,692,873,1276,1378,1433,1046,2354,2413,917,469,2061,1100,2904,2191,556,932,2070,845,2820]",0.9795707277601942,0.980959457559756,0.9255246413195576,0.953866333183955,0.9587468886071898,0.8531899216158381,0.9619856599518296,0.95653538351384,0.8449059498638458,Simulation scores compare against the stored generating trajectory.,0.9277142729075988,0.6461637783518965,0.8720532062115358,0.9639122673221184,0.8425279839378846,0.9619856599518296,0.95653538351384,0.8449059498638458,success,,official R dyneval on exported dynwrap trajectories,"Saelens et al., Nature Biotechnology (2019), doi:10.1038/s41587-019-0071-9",v2.0,4.6.1,0.9.9,1.3.0,1.0.1,1.1.0,daeb26af7d40c21b32283af31beb17a8ee8c3c6f,319bcfe3a0e38af45f368d2a53146165416d1a8a,b6fa729b1bc531e179aec3f3d7aa14cd8ef2015e,63fb255c894df1ba6d72b50bd0fb02d78bcee2af,0,1,0,0.9268005513026126,TRUE,TRUE,TRUE,simulation_3_pca50_neighbors30_umap3,4,log1p_if_max_gt|pca|neighbors|umap,87,3000x1000,3000x1000,"{""completed_before_inference"": true, ""input_shape"": [3000, 1000], ""input_x_max"": 9.404547122747095, ""input_x_min"": 0.0, ""model_coordinate_key_ready"": true, ""output_shape"": [3000, 1000], ""plot_coordinate_key_ready"": true, ""profile"": ""simulation_3_pca50_neighbors30_umap3"", ""random_seed"": 87, ""steps"": [{""operation"": ""log1p_if_max_gt"", ""parameters"": {""threshold"": 100}, ""status"": ""skipped_already_below_threshold""}, {""operation"": ""pca"", ""parameters"": {""n_comps"": 50, ""random_state"": 0, ""svd_solver"": ""arpack"", ""use_highly_variable"": false, ""zero_center"": true}, ""status"": ""applied""}, {""operation"": ""neighbors"", ""parameters"": {""method"": ""umap"", ""metric"": ""euclidean"", ""n_neighbors"": 30, ""n_pcs"": 30, ""random_state"": 0}, ""status"": ""applied""}, {""operation"": ""umap"", ""parameters"": {""a"": 0.5830300204883174, ""b"": 1.3341669924555197, ""n_components"": 3, ""preserve_existing"": false, ""random_state"": 0}, ""status"": ""applied""}]}"
47,88,88,26,gold_reference_simulation,stored_simulation_generating_trajectory,3,128,0.0079499959292848,0.9005312614042289,82,19.86325379999971,75.42685949999986,95.29011329999958,43.52509490000011,1011.886719,193.8710938,"[2252,258,2559,740,1826,2094,82,368,2869,2397,2839,2433,1371,976,743,1795,2469,1538,1822,2873,2872,2650,2626,1113,881,909,264,1946,1831,1731,2928,171,533,1817,2598,1776,304,2339,1526,73,2609,1272,1377,2054,2654,786,1778,1740,596,1258,2791,2959,2357,2348,1784]","[2252,258,2559,740,1826,2094,82,368,2869,1460,1393,2573,2641,1725,1054,1473,1173,1856,488,1097,1788,657,2589,1517,1228,2556,2597,2599,1769,804,1355,1605,1585,701,2884,2446,475,1055,169,196,378,2002,1667,141,908,824,2832,916,2622,1093,957,1752,2095,1179,23,2826]","[2252,258,2559,740,1826,2094,82,368,2869,2397,2839,2433,1371,976,743,1795,2469,1538,1822,2873,2474,2177,2025,2852,811,547,472,2135,2085,1611,1958,391,2305,1053,1604,218,2817,69,2756,1126,2653,1086,2620,648,1171,2820]","[2252,258,2559,740,1826,2094,82,368,2869,2397,2839,2433,1371,976,743,1795,2469,1538,1822,2873,2872,2650,2626,1113,881,909,264,1946,1831,1731,2928,171,533,1817,2598,1776,304,2339,1526,73,2609,1272,1377,2054,2654,786,1778,1740,596,1258,2791,2959,2357,2348,1784]",0.9769478701117996,0.996115713425484,0.9685762855338972,"[2252,258,2559,740,1826,2094,82,368,2869,1460,1393,2573,2641,1725,1054,1473,1173,1856,488,1097,1788,657,2589,1517,1228,2556,2597,2599,1769,804,1355,1605,1585,701,2884,2446,475,1055,169,196,378,2002,1667,141,908,824,2832,916,2622,1093,957,1752,2095,1179,23,2826]",0.9929925020226146,0.9978107440050864,0.9753776189153832,"[2252,258,2559,740,1826,2094,82,368,2869,2397,2839,2433,1371,976,743,1795,2469,1538,1822,2873,2474,2177,2025,2852,811,547,472,2135,2085,1611,1958,391,2305,1053,1604,218,2817,69,2756,1126,2653,1086,2620,648,1171,2820]",0.9846993212565076,0.9869045468493228,0.9361873378223208,0.9594785293738624,0.9543920211042368,0.848118061787571,0.951146027762373,0.9481703996999696,0.8378120784668629,Simulation scores compare against the stored generating trajectory.,0.957319094907258,0.6404862698571737,0.9033419764172096,0.962367940257732,0.8544565257772193,0.951146027762373,0.9481703996999696,0.8378120784668629,success,,official R dyneval on exported dynwrap trajectories,"Saelens et al., Nature Biotechnology (2019), doi:10.1038/s41587-019-0071-9",v2.0,4.6.1,0.9.9,1.3.0,1.0.1,1.1.0,daeb26af7d40c21b32283af31beb17a8ee8c3c6f,319bcfe3a0e38af45f368d2a53146165416d1a8a,b6fa729b1bc531e179aec3f3d7aa14cd8ef2015e,63fb255c894df1ba6d72b50bd0fb02d78bcee2af,0,1,0,0.9377973248992134,TRUE,TRUE,TRUE,simulation_3_pca50_neighbors30_umap3,4,log1p_if_max_gt|pca|neighbors|umap,88,3000x1000,3000x1000,"{""completed_before_inference"": true, ""input_shape"": [3000, 1000], ""input_x_max"": 9.404547122747095, ""input_x_min"": 0.0, ""model_coordinate_key_ready"": true, ""output_shape"": [3000, 1000], ""plot_coordinate_key_ready"": true, ""profile"": ""simulation_3_pca50_neighbors30_umap3"", ""random_seed"": 88, ""steps"": [{""operation"": ""log1p_if_max_gt"", ""parameters"": {""threshold"": 100}, ""status"": ""skipped_already_below_threshold""}, {""operation"": ""pca"", ""parameters"": {""n_comps"": 50, ""random_state"": 0, ""svd_solver"": ""arpack"", ""use_highly_variable"": false, ""zero_center"": true}, ""status"": ""applied""}, {""operation"": ""neighbors"", ""parameters"": {""method"": ""umap"", ""metric"": ""euclidean"", ""n_neighbors"": 30, ""n_pcs"": 30, ""random_state"": 0}, ""status"": ""applied""}, {""operation"": ""umap"", ""parameters"": {""a"": 0.5830300204883174, ""b"": 1.3341669924555197, ""n_components"": 3, ""preserve_existing"": false, ""random_state"": 0}, ""status"": ""applied""}]}"
48,89,89,26,gold_reference_simulation,stored_simulation_generating_trajectory,3,146,0.0019361746777203,0.9762774933359402,355,18.005710200000067,80.8776512000004,98.88336140000048,44.47661590000007,1132.191406,332.2695313,"[2252,2744,2566,2448,355,2991,368,2869,1694,2360,904,1808,743,1690,1895,821,1036,412,2694,2666,2852,2108,2890,1702,2715,1083,720,2153,2024,2196,2203,1526,613,1777,2510,861,1253,1555,1967,2262,2580,2459,2279,1153,298,1837,1846,581,2389,2799,2075,2348,1784]","[2252,2744,2566,2448,355,2991,368,2869,101,2573,587,2809,2381,2951,1106,1856,2258,79,410,1755,2428,1737,282,2206,1184,2892,2034,2556,2940,2871,2592,1477,2414,2031,804,2016,2216,600,2038,2696,1529,994,2916,704,1617,2002,373,2723,1804,2964,1600,1918,2431,795,2299,1554,1643,2883,1592,100,1081,2247,10,511,1728,2208,1746,337,1932,28,1202,939,40,691,1177,2826]","[2252,2744,2566,2448,355,2991,368,2869,1694,2360,904,1808,743,1690,1509,1111,1806,1871,2177,2025,989,2926,388,2690,2555,1143,2373,1956,2625,1053,1069,1100,464,1852,517,161,105,2747,2820]","[2252,2744,2566,2448,355,2991,368,2869,1694,2360,904,1808,743,1690,1895,821,1036,412,2694,2666,2852,2108,2890,1702,2715,1083,720,2153,2024,2196,2203,1526,613,1777,2510,861,1253,1555,1967,2262,2580,2459,2279,1153,298,1837,1846,581,2389,2799,2075,2348,1784]",0.9594496621805546,0.9964259048322016,0.9686856462202632,"[2252,2744,2566,2448,355,2991,368,2869,101,2573,587,2809,2381,2951,1106,1856,2258,79,410,1755,2428,1737,282,2206,1184,2892,2034,2556,2940,2871,2592,1477,2414,2031,804,2016,2216,600,2038,2696,1529,994,2916,704,1617,2002,373,2723,1804,2964,1600,1918,2431,795,2299,1554,1643,2883,1592,100,1081,2247,10,511,1728,2208,1746,337,1932,28,1202,939,40,691,1177,2826]",0.9857673752424656,0.9974748507685768,0.9717179731858684,"[2252,2744,2566,2448,355,2991,368,2869,1694,2360,904,1808,743,1690,1509,1111,1806,1871,2177,2025,989,2926,388,2690,2555,1143,2373,1956,2625,1053,1069,1100,464,1852,517,161,105,2747,2820]",0.9850905173268684,0.9885828401610522,0.9388218308090924,0.9660034922779256,0.9757148937377836,0.8936631228079813,0.9657728034329042,0.9736277316457872,0.8829403898897179,Simulation scores compare against the stored generating trajectory.,0.9253495840587967,0.5961736312440341,0.862745820402449,0.9058585206030986,0.8103179487942896,0.9657728034329042,0.9736277316457872,0.8829403898897179,success,,official R dyneval on exported dynwrap trajectories,"Saelens et al., Nature Biotechnology (2019), doi:10.1038/s41587-019-0071-9",v2.0,4.6.1,0.9.9,1.3.0,1.0.1,1.1.0,daeb26af7d40c21b32283af31beb17a8ee8c3c6f,319bcfe3a0e38af45f368d2a53146165416d1a8a,b6fa729b1bc531e179aec3f3d7aa14cd8ef2015e,63fb255c894df1ba6d72b50bd0fb02d78bcee2af,0,1,0,0.9552444758707332,TRUE,TRUE,TRUE,simulation_3_pca50_neighbors30_umap3,4,log1p_if_max_gt|pca|neighbors|umap,89,3000x1000,3000x1000,"{""completed_before_inference"": true, ""input_shape"": [3000, 1000], ""input_x_max"": 9.404547122747095, ""input_x_min"": 0.0, ""model_coordinate_key_ready"": true, ""output_shape"": [3000, 1000], ""plot_coordinate_key_ready"": true, ""profile"": ""simulation_3_pca50_neighbors30_umap3"", ""random_seed"": 89, ""steps"": [{""operation"": ""log1p_if_max_gt"", ""parameters"": {""threshold"": 100}, ""status"": ""skipped_already_below_threshold""}, {""operation"": ""pca"", ""parameters"": {""n_comps"": 50, ""random_state"": 0, ""svd_solver"": ""arpack"", ""use_highly_variable"": false, ""zero_center"": true}, ""status"": ""applied""}, {""operation"": ""neighbors"", ""parameters"": {""method"": ""umap"", ""metric"": ""euclidean"", ""n_neighbors"": 30, ""n_pcs"": 30, ""random_state"": 0}, ""status"": ""applied""}, {""operation"": ""umap"", ""parameters"": {""a"": 0.5830300204883174, ""b"": 1.3341669924555197, ""n_components"": 3, ""preserve_existing"": false, ""random_state"": 0}, ""status"": ""applied""}]}"
49,90,90,26,gold_reference_simulation,stored_simulation_generating_trajectory,3,119,0.0011445302874729,0.9836804519053164,352,17.350947100000212,79.05711780000001,96.40806490000024,44.510422800000015,1118.304688,298.2070313,"[2252,357,1893,2602,352,368,2869,1140,2963,2360,904,480,1621,216,1895,1807,1806,412,1944,1025,2189,402,2615,2298,1662,1702,2471,2773,2157,1364,91,2036,2609,2149,893,1967,43,2789,1264,2438,2248,918,2143,2570,512,1784]","[2252,357,1893,2602,352,368,2869,1183,2573,2678,1044,348,180,2197,2787,2140,641,2479,272,1902,1136,2727,1234,2892,1517,1773,2618,386,880,2572,1613,1259,1273,2216,1209,2016,123,2267,1482,2109,1060,48,2324,2740,2002,694,1432,2565,558,2883,2832,916,2463,2013,28,541,2086,1765,2812,1713,2898,863,2826]","[2252,357,1893,2602,352,368,2869,1140,2963,2360,904,480,1621,216,1895,1807,1806,412,1944,1025,2189,402,2615,2298,1662,1702,2471,419,1616,132,2254,1428,2558,1204,1096,2452,2730,783,2554,1086,1139,2971,2965,2820]","[2252,357,1893,2602,352,368,2869,1140,2963,2360,904,480,1621,216,1895,1807,1806,412,1944,1025,2189,402,2615,2298,1662,1702,2471,2773,2157,1364,91,2036,2609,2149,893,1967,43,2789,1264,2438,2248,918,2143,2570,512,1784]",0.982520765575407,0.9974376811591747,0.97457345105536,"[2252,357,1893,2602,352,368,2869,1183,2573,2678,1044,348,180,2197,2787,2140,641,2479,272,1902,1136,2727,1234,2892,1517,1773,2618,386,880,2572,1613,1259,1273,2216,1209,2016,123,2267,1482,2109,1060,48,2324,2740,2002,694,1432,2565,558,2883,2832,916,2463,2013,28,541,2086,1765,2812,1713,2898,863,2826]",0.9855251032551638,0.9960812567742864,0.966190964908792,"[2252,357,1893,2602,352,368,2869,1140,2963,2360,904,480,1621,216,1895,1807,1806,412,1944,1025,2189,402,2615,2298,1662,1702,2471,419,1616,132,2254,1428,2558,1204,1096,2452,2730,783,2554,1086,1139,2971,2965,2820]",0.9827058111205884,0.993965096286007,0.956524525736501,0.969924639419865,0.9711327268345268,0.8830841991970022,0.9406107584975276,0.9300608425037992,0.8161446030363336,Simulation scores compare against the stored generating trajectory.,0.9673181011168808,0.6800480896680862,0.8812716715158234,0.978232775040324,0.8677911959918533,0.9406107584975276,0.9300608425037992,0.8161446030363336,success,,official R dyneval on exported dynwrap trajectories,"Saelens et al., Nature Biotechnology (2019), doi:10.1038/s41587-019-0071-9",v2.0,4.6.1,0.9.9,1.3.0,1.0.1,1.1.0,daeb26af7d40c21b32283af31beb17a8ee8c3c6f,319bcfe3a0e38af45f368d2a53146165416d1a8a,b6fa729b1bc531e179aec3f3d7aa14cd8ef2015e,63fb255c894df1ba6d72b50bd0fb02d78bcee2af,0,1,0,0.9535970320875444,TRUE,TRUE,TRUE,simulation_3_pca50_neighbors30_umap3,4,log1p_if_max_gt|pca|neighbors|umap,90,3000x1000,3000x1000,"{""completed_before_inference"": true, ""input_shape"": [3000, 1000], ""input_x_max"": 9.404547122747095, ""input_x_min"": 0.0, ""model_coordinate_key_ready"": true, ""output_shape"": [3000, 1000], ""plot_coordinate_key_ready"": true, ""profile"": ""simulation_3_pca50_neighbors30_umap3"", ""random_seed"": 90, ""steps"": [{""operation"": ""log1p_if_max_gt"", ""parameters"": {""threshold"": 100}, ""status"": ""skipped_already_below_threshold""}, {""operation"": ""pca"", ""parameters"": {""n_comps"": 50, ""random_state"": 0, ""svd_solver"": ""arpack"", ""use_highly_variable"": false, ""zero_center"": true}, ""status"": ""applied""}, {""operation"": ""neighbors"", ""parameters"": {""method"": ""umap"", ""metric"": ""euclidean"", ""n_neighbors"": 30, ""n_pcs"": 30, ""random_state"": 0}, ""status"": ""applied""}, {""operation"": ""umap"", ""parameters"": {""a"": 0.5830300204883174, ""b"": 1.3341669924555197, ""n_components"": 3, ""preserve_existing"": false, ""random_state"": 0}, ""status"": ""applied""}]}"
50,91,91,26,gold_reference_simulation,stored_simulation_generating_trajectory,3,121,0.0012622097866671,0.984706180390844,51,17.280570500000067,74.90872059999992,92.1892911,43.312241000000085,1117.28125,298.1484375,"[2252,1435,2082,2212,668,51,368,2869,1140,735,523,138,2770,715,2242,836,513,1154,1479,2177,2650,2626,1269,2371,709,1376,1848,1320,1410,1194,221,2291,91,2320,1272,2580,1002,43,222,85,2131,298,2374,2349,2841,1275,1110,2720,1405,1257,1199,1130,1018,2147,1784]","[2252,1435,2082,2212,668,51,368,2869,1694,1881,319,519,1335,2911,1858,616,2092,2638,1737,1814,653,1625,2100,2289,2583,1222,2031,804,1355,1605,2753,631,2229,475,2543,2310,94,2522,2968,1600,1059,1909,2883,1592,566,2528,2579,732,2684,1728,2337,659,530,1197,761,2235,2077,2826]","[2252,1435,2082,2212,668,51,368,2869,1140,735,523,138,2770,715,2242,836,513,1154,1479,2177,2650,2626,1269,2371,709,1376,1848,1320,1410,1350,736,2807,968,1007,1961,13,1867,727,1125,809,593,555,1721,1508,2820]","[2252,1435,2082,2212,668,51,368,2869,1140,735,523,138,2770,715,2242,836,513,1154,1479,2177,2650,2626,1269,2371,709,1376,1848,1320,1410,1194,221,2291,91,2320,1272,2580,1002,43,222,85,2131,298,2374,2349,2841,1275,1110,2720,1405,1257,1199,1130,1018,2147,1784]",0.9697197750884732,0.9929894917311964,0.9551606910912562,"[2252,1435,2082,2212,668,51,368,2869,1694,1881,319,519,1335,2911,1858,616,2092,2638,1737,1814,653,1625,2100,2289,2583,1222,2031,804,1355,1605,2753,631,2229,475,2543,2310,94,2522,2968,1600,1059,1909,2883,1592,566,2528,2579,732,2684,1728,2337,659,530,1197,761,2235,2077,2826]",0.9873653004901916,0.9974285736209554,0.9718118327974644,"[2252,1435,2082,2212,668,51,368,2869,1140,735,523,138,2770,715,2242,836,513,1154,1479,2177,2650,2626,1269,2371,709,1376,1848,1320,1410,1350,736,2807,968,1007,1961,13,1867,727,1125,809,593,555,1721,1508,2820]",0.9889164841747076,0.9965697088485816,0.969799079717699,0.9734553699429112,0.9781919184759018,0.8986566052804136,0.9685638613169558,0.9780257562182822,0.8920076459021776,Simulation scores compare against the stored generating trajectory.,0.9746619382780944,0.6625353734369346,0.9370834147146578,0.964618614448566,0.8740760926737615,0.9685638613169558,0.9780257562182822,0.8920076459021776,success,,official R dyneval on exported dynwrap trajectories,"Saelens et al., Nature Biotechnology (2019), doi:10.1038/s41587-019-0071-9",v2.0,4.6.1,0.9.9,1.3.0,1.0.1,1.1.0,daeb26af7d40c21b32283af31beb17a8ee8c3c6f,319bcfe3a0e38af45f368d2a53146165416d1a8a,b6fa729b1bc531e179aec3f3d7aa14cd8ef2015e,63fb255c894df1ba6d72b50bd0fb02d78bcee2af,0,1,0,0.9558992498286424,TRUE,TRUE,TRUE,simulation_3_pca50_neighbors30_umap3,4,log1p_if_max_gt|pca|neighbors|umap,91,3000x1000,3000x1000,"{""completed_before_inference"": true, ""input_shape"": [3000, 1000], ""input_x_max"": 9.404547122747095, ""input_x_min"": 0.0, ""model_coordinate_key_ready"": true, ""output_shape"": [3000, 1000], ""plot_coordinate_key_ready"": true, ""profile"": ""simulation_3_pca50_neighbors30_umap3"", ""random_seed"": 91, ""steps"": [{""operation"": ""log1p_if_max_gt"", ""parameters"": {""threshold"": 100}, ""status"": ""skipped_already_below_threshold""}, {""operation"": ""pca"", ""parameters"": {""n_comps"": 50, ""random_state"": 0, ""svd_solver"": ""arpack"", ""use_highly_variable"": false, ""zero_center"": true}, ""status"": ""applied""}, {""operation"": ""neighbors"", ""parameters"": {""method"": ""umap"", ""metric"": ""euclidean"", ""n_neighbors"": 30, ""n_pcs"": 30, ""random_state"": 0}, ""status"": ""applied""}, {""operation"": ""umap"", ""parameters"": {""a"": 0.5830300204883174, ""b"": 1.3341669924555197, ""n_components"": 3, ""preserve_existing"": false, ""random_state"": 0}, ""status"": ""applied""}]}"
