run,seed,random_seed,K,evaluation_mode,reference_trajectory_source,n_paths,traj_cells,rf_mse,rf_r2,start_cell,preprocessing_runtime_seconds,inference_runtime_seconds,pipeline_runtime_seconds,trajectory_metrics_runtime_seconds,pipeline_peak_rss_mb,pipeline_memory_increase_mb,path_1,path_2,branch_1_paths,branch_1_Pearson,branch_1_Spearman,branch_1_Kendall,branch_2_paths,branch_2_Pearson,branch_2_Spearman,branch_2_Kendall,global_Pearson,global_Spearman,global_Kendall,RF_Pearson,RF_Spearman,RF_Kendall,reference_trajectory_note,cor_dist,F1_branches,HIM_similarity,wcor_features,trajectory_overall_geometric_mean,reference_pseudotime_Pearson,reference_pseudotime_Spearman,reference_pseudotime_Kendall,official_dyneval_status,official_dyneval_error,metric_implementation,metric_reference,metric_version,r_version,dyneval_version,dynwrap_version,dynfeature_version,netdist_version,dyneval_commit,dynwrap_commit,dynfeature_commit,netdist_commit,global_pseudotime_min,global_pseudotime_max,rf_pseudotime_min,rf_pseudotime_max,preprocessing_shared_across_repeated_runs,preprocessing_applied,preprocessing_completed_before_inference,preprocessing_profile,preprocessing_step_count,preprocessing_steps_executed,preprocessing_seed,preprocessing_input_shape,preprocessing_output_shape,preprocessing_audit_json
1,42,42,20,gold_reference_simulation,stored_simulation_generating_trajectory,2,87,0.001522659479412,0.9724806824651958,283,7.894988300000477,40.890334800000346,48.78532310000082,24.64209909999954,2101.71484375,146.3125,"[872,936,434,283,602,580,858,1538,1767,943,888,1462,460,711,979,545,1080,110,1267,318,1308,1305,1823,1791,1266,544,1843,296,27,1933,1953,903,1552,1594]","[872,936,434,283,602,580,858,1538,780,562,391,1318,1215,725,418,799,137,1870,1330,1414,1077,1374,93,969,878,1555,195,1738,1764,136,197,166,1954,406,15,1134,1427,869,962,153,302,1315,16,951,1047,1787,484,176,1924,355,1471,269,228,747,937,770,1940,1724,294,896,1701]","[872,936,434,283,602,580,858,1538,1767,943,888,1462,460,711,979,545,1080,110,1267,318,1308,1305,1823,1791,1266,544,1843,296,27,1933,1953,903,1552,1594]",0.9421326693778448,0.982316179909004,0.9183655096547336,"[872,936,434,283,602,580,858,1538,780,562,391,1318,1215,725,418,799,137,1870,1330,1414,1077,1374,93,969,878,1555,195,1738,1764,136,197,166,1954,406,15,1134,1427,869,962,153,302,1315,16,951,1047,1787,484,176,1924,355,1471,269,228,747,937,770,1940,1724,294,896,1701]",0.9354369299690204,0.9330708186361752,0.8158030287578695,0.8361627214332001,0.8272423588832185,0.6553491837733351,0.8762152581068494,0.8753978919512649,0.6990434760570239,Simulation scores compare against the stored generating trajectory.,0.9506633637584748,0.659360461243025,0.8671589973997667,0.9640690442491348,0.8508228262178069,0.8762152581068494,0.8753978919512649,0.6990434760570239,success,,official R dyneval on exported dynwrap trajectories,"Saelens et al., Nature Biotechnology (2019), doi:10.1038/s41587-019-0071-9",v2.0,4.6.1,0.9.9,1.3.0,1.0.1,1.1.0,daeb26af7d40c21b32283af31beb17a8ee8c3c6f,319bcfe3a0e38af45f368d2a53146165416d1a8a,b6fa729b1bc531e179aec3f3d7aa14cd8ef2015e,63fb255c894df1ba6d72b50bd0fb02d78bcee2af,0.0,1.0,0.0,0.9523409857755852,True,True,True,simulation_pca50_neighbors30_umap3,4,log1p_if_max_gt|pca|neighbors|umap,42,2000x1000,2000x1000,"{""completed_before_inference"": true, ""input_shape"": [2000, 1000], ""input_x_max"": 9.393057564064714, ""input_x_min"": 0.0, ""model_coordinate_key_ready"": true, ""output_shape"": [2000, 1000], ""plot_coordinate_key_ready"": true, ""profile"": ""simulation_pca50_neighbors30_umap3"", ""random_seed"": 42, ""steps"": [{""operation"": ""log1p_if_max_gt"", ""parameters"": {""threshold"": 100}, ""status"": ""skipped_already_below_threshold""}, {""operation"": ""pca"", ""parameters"": {""n_comps"": 50, ""random_state"": 0, ""svd_solver"": ""arpack"", ""use_highly_variable"": false, ""zero_center"": true}, ""status"": ""applied""}, {""operation"": ""neighbors"", ""parameters"": {""method"": ""umap"", ""metric"": ""euclidean"", ""n_neighbors"": 30, ""n_pcs"": 30, ""random_state"": 0}, ""status"": ""applied""}, {""operation"": ""umap"", ""parameters"": {""a"": 0.5830300204883174, ""b"": 1.3341669924555197, ""n_components"": 3, ""preserve_existing"": false, ""random_state"": 0}, ""status"": ""applied""}]}"
2,43,43,20,gold_reference_simulation,stored_simulation_generating_trajectory,2,80,0.0032174719161091,0.960796615723648,116,7.555664299999989,38.9779383999994,46.53360269999939,24.50540449999972,2076.30859375,115.8125,"[872,1235,1716,1662,116,858,1538,1767,963,888,1462,1868,1118,929,545,1879,348,363,819,1213,320,181,829,1656,684,1706,797,1256,1337,886,1594]","[872,1235,1716,1662,116,858,1538,1483,853,151,1493,194,1965,1321,1766,1761,1114,231,635,6,1749,420,1372,190,206,202,917,881,1376,125,166,464,661,178,977,1831,1269,845,1416,1127,267,1798,90,698,237,802,1279,248,1302,442,1945,1581,508,1338,139,1701]","[872,1235,1716,1662,116,858,1538,1767,963,888,1462,1868,1118,929,545,1879,348,363,819,1213,320,181,829,1656,684,1706,797,1256,1337,886,1594]",0.9537407580971274,0.9868620205649946,0.9375439542151828,"[872,1235,1716,1662,116,858,1538,1483,853,151,1493,194,1965,1321,1766,1761,1114,231,635,6,1749,420,1372,190,206,202,917,881,1376,125,166,464,661,178,977,1831,1269,845,1416,1127,267,1798,90,698,237,802,1279,248,1302,442,1945,1581,508,1338,139,1701]",0.9532153055192818,0.9399903849456512,0.848271288063633,0.8681828107623042,0.8647718193052022,0.7062713844962744,0.9037739291957364,0.8986408164453078,0.7337895409347807,Simulation scores compare against the stored generating trajectory.,0.9493693685914786,0.6694112966608979,0.8563456842050277,0.9619061384784446,0.8506041855693927,0.9037739291957364,0.8986408164453078,0.7337895409347807,success,,official R dyneval on exported dynwrap trajectories,"Saelens et al., Nature Biotechnology (2019), doi:10.1038/s41587-019-0071-9",v2.0,4.6.1,0.9.9,1.3.0,1.0.1,1.1.0,daeb26af7d40c21b32283af31beb17a8ee8c3c6f,319bcfe3a0e38af45f368d2a53146165416d1a8a,b6fa729b1bc531e179aec3f3d7aa14cd8ef2015e,63fb255c894df1ba6d72b50bd0fb02d78bcee2af,0.0,1.0,0.0,0.9462058250425116,True,True,True,simulation_pca50_neighbors30_umap3,4,log1p_if_max_gt|pca|neighbors|umap,43,2000x1000,2000x1000,"{""completed_before_inference"": true, ""input_shape"": [2000, 1000], ""input_x_max"": 9.393057564064714, ""input_x_min"": 0.0, ""model_coordinate_key_ready"": true, ""output_shape"": [2000, 1000], ""plot_coordinate_key_ready"": true, ""profile"": ""simulation_pca50_neighbors30_umap3"", ""random_seed"": 43, ""steps"": [{""operation"": ""log1p_if_max_gt"", ""parameters"": {""threshold"": 100}, ""status"": ""skipped_already_below_threshold""}, {""operation"": ""pca"", ""parameters"": {""n_comps"": 50, ""random_state"": 0, ""svd_solver"": ""arpack"", ""use_highly_variable"": false, ""zero_center"": true}, ""status"": ""applied""}, {""operation"": ""neighbors"", ""parameters"": {""method"": ""umap"", ""metric"": ""euclidean"", ""n_neighbors"": 30, ""n_pcs"": 30, ""random_state"": 0}, ""status"": ""applied""}, {""operation"": ""umap"", ""parameters"": {""a"": 0.5830300204883174, ""b"": 1.3341669924555197, ""n_components"": 3, ""preserve_existing"": false, ""random_state"": 0}, ""status"": ""applied""}]}"
3,44,44,20,gold_reference_simulation,stored_simulation_generating_trajectory,2,87,0.0014560094314536,0.9745677957971356,283,7.274671500001203,39.89624929999991,47.17092080000111,24.830872499998804,2087.87890625,126.53515625,"[872,1962,434,283,816,1029,858,1538,1767,1923,888,1866,711,1778,330,573,1879,348,668,207,1929,1570,718,829,1656,684,203,1703,1943,915,599,728,1594]","[872,1962,434,283,816,1029,858,1538,1483,391,443,151,988,478,479,331,187,762,1262,395,756,304,870,1711,298,345,262,1991,1012,1555,1543,347,1396,895,1016,686,1379,87,661,178,223,1560,1269,845,1416,667,1635,1617,1694,1194,747,390,1582,1809,1356,1527,498,717,1044,47,840,1701]","[872,1962,434,283,816,1029,858,1538,1767,1923,888,1866,711,1778,330,573,1879,348,668,207,1929,1570,718,829,1656,684,203,1703,1943,915,599,728,1594]",0.9502754470469243,0.9809128978826828,0.9113667528215046,"[872,1962,434,283,816,1029,858,1538,1483,391,443,151,988,478,479,331,187,762,1262,395,756,304,870,1711,298,345,262,1991,1012,1555,1543,347,1396,895,1016,686,1379,87,661,178,223,1560,1269,845,1416,667,1635,1617,1694,1194,747,390,1582,1809,1356,1527,498,717,1044,47,840,1701]",0.9349418266101645,0.9160035035519491,0.8051968994808893,0.8460295000567138,0.8364757264708497,0.6693071048775585,0.8434741662697737,0.8474381140528825,0.6743743735077676,Simulation scores compare against the stored generating trajectory.,0.946205595648662,0.6777747317982491,0.8553266568352913,0.9387265313922328,0.8471015890882595,0.8434741662697737,0.8474381140528825,0.6743743735077676,success,,official R dyneval on exported dynwrap trajectories,"Saelens et al., Nature Biotechnology (2019), doi:10.1038/s41587-019-0071-9",v2.0,4.6.1,0.9.9,1.3.0,1.0.1,1.1.0,daeb26af7d40c21b32283af31beb17a8ee8c3c6f,319bcfe3a0e38af45f368d2a53146165416d1a8a,b6fa729b1bc531e179aec3f3d7aa14cd8ef2015e,63fb255c894df1ba6d72b50bd0fb02d78bcee2af,0.0,1.0,0.0,0.9407984846720386,True,True,True,simulation_pca50_neighbors30_umap3,4,log1p_if_max_gt|pca|neighbors|umap,44,2000x1000,2000x1000,"{""completed_before_inference"": true, ""input_shape"": [2000, 1000], ""input_x_max"": 9.393057564064714, ""input_x_min"": 0.0, ""model_coordinate_key_ready"": true, ""output_shape"": [2000, 1000], ""plot_coordinate_key_ready"": true, ""profile"": ""simulation_pca50_neighbors30_umap3"", ""random_seed"": 44, ""steps"": [{""operation"": ""log1p_if_max_gt"", ""parameters"": {""threshold"": 100}, ""status"": ""skipped_already_below_threshold""}, {""operation"": ""pca"", ""parameters"": {""n_comps"": 50, ""random_state"": 0, ""svd_solver"": ""arpack"", ""use_highly_variable"": false, ""zero_center"": true}, ""status"": ""applied""}, {""operation"": ""neighbors"", ""parameters"": {""method"": ""umap"", ""metric"": ""euclidean"", ""n_neighbors"": 30, ""n_pcs"": 30, ""random_state"": 0}, ""status"": ""applied""}, {""operation"": ""umap"", ""parameters"": {""a"": 0.5830300204883174, ""b"": 1.3341669924555197, ""n_components"": 3, ""preserve_existing"": false, ""random_state"": 0}, ""status"": ""applied""}]}"
4,45,45,20,gold_reference_simulation,stored_simulation_generating_trajectory,2,92,0.0021363656223809,0.9677016062274058,242,7.593203299999004,39.71243929999946,47.305642599998464,25.12903509999888,2091.69921875,130.02734375,"[872,891,242,816,383,858,1538,1767,273,79,1407,1857,1220,1828,584,1628,1067,751,359,1750,1570,1228,129,1350,798,241,99,27,175,1184,1517,728,1594]","[872,891,242,816,383,858,1538,279,1298,562,391,1100,1935,1459,76,243,488,988,1972,240,268,1719,815,1087,1125,1522,1910,420,492,1372,1208,1764,814,778,1150,185,1977,1560,1159,987,1416,176,1531,1495,1341,1343,552,355,984,1127,1404,905,1169,1139,237,675,56,1796,566,1835,1238,1559,1949,1563,1450,1701]","[872,891,242,816,383,858,1538,1767,273,79,1407,1857,1220,1828,584,1628,1067,751,359,1750,1570,1228,129,1350,798,241,99,27,175,1184,1517,728,1594]",0.9463100727104274,0.9870202499037252,0.9325128359675382,"[872,891,242,816,383,858,1538,279,1298,562,391,1100,1935,1459,76,243,488,988,1972,240,268,1719,815,1087,1125,1522,1910,420,492,1372,1208,1764,814,778,1150,185,1977,1560,1159,987,1416,176,1531,1495,1341,1343,552,355,984,1127,1404,905,1169,1139,237,675,56,1796,566,1835,1238,1559,1949,1563,1450,1701]",0.9227214277006602,0.9055857056983802,0.7667885725697395,0.8507324204903903,0.8581705569032096,0.6776502222155577,0.8779259661745056,0.8805119482124422,0.7092654592681459,Simulation scores compare against the stored generating trajectory.,0.9364604879852424,0.6543292150785547,0.843713123770977,0.952572104676608,0.8377117525166243,0.8779259661745056,0.8805119482124422,0.7092654592681459,success,,official R dyneval on exported dynwrap trajectories,"Saelens et al., Nature Biotechnology (2019), doi:10.1038/s41587-019-0071-9",v2.0,4.6.1,0.9.9,1.3.0,1.0.1,1.1.0,daeb26af7d40c21b32283af31beb17a8ee8c3c6f,319bcfe3a0e38af45f368d2a53146165416d1a8a,b6fa729b1bc531e179aec3f3d7aa14cd8ef2015e,63fb255c894df1ba6d72b50bd0fb02d78bcee2af,0.0,1.0,0.0,0.9650894733176149,True,True,True,simulation_pca50_neighbors30_umap3,4,log1p_if_max_gt|pca|neighbors|umap,45,2000x1000,2000x1000,"{""completed_before_inference"": true, ""input_shape"": [2000, 1000], ""input_x_max"": 9.393057564064714, ""input_x_min"": 0.0, ""model_coordinate_key_ready"": true, ""output_shape"": [2000, 1000], ""plot_coordinate_key_ready"": true, ""profile"": ""simulation_pca50_neighbors30_umap3"", ""random_seed"": 45, ""steps"": [{""operation"": ""log1p_if_max_gt"", ""parameters"": {""threshold"": 100}, ""status"": ""skipped_already_below_threshold""}, {""operation"": ""pca"", ""parameters"": {""n_comps"": 50, ""random_state"": 0, ""svd_solver"": ""arpack"", ""use_highly_variable"": false, ""zero_center"": true}, ""status"": ""applied""}, {""operation"": ""neighbors"", ""parameters"": {""method"": ""umap"", ""metric"": ""euclidean"", ""n_neighbors"": 30, ""n_pcs"": 30, ""random_state"": 0}, ""status"": ""applied""}, {""operation"": ""umap"", ""parameters"": {""a"": 0.5830300204883174, ""b"": 1.3341669924555197, ""n_components"": 3, ""preserve_existing"": false, ""random_state"": 0}, ""status"": ""applied""}]}"
5,46,46,20,gold_reference_simulation,stored_simulation_generating_trajectory,2,75,0.0031338873391409,0.9503493422107052,385,7.49157809999997,41.131538999999975,48.623117099999945,26.23156419999941,2069.55078125,107.2109375,"[872,385,1716,1662,1702,858,1538,236,1964,963,888,1733,460,71,170,439,1080,110,1276,745,883,1228,1296,1350,798,8,1237,35,1596,199,903,624,1594]","[872,385,1716,1662,1702,858,1538,1483,597,194,1746,1514,168,1374,960,6,333,1141,94,1208,593,1825,926,185,1977,1831,1159,987,1416,1983,1610,84,269,844,856,1635,1617,1694,727,1035,1149,909,1097,1858,1001,50,676,139,1701]","[872,385,1716,1662,1702,858,1538,236,1964,963,888,1733,460,71,170,439,1080,110,1276,745,883,1228,1296,1350,798,8,1237,35,1596,199,903,624,1594]",0.9491203820607264,0.9888573239809632,0.9439901211276904,"[872,385,1716,1662,1702,858,1538,1483,597,194,1746,1514,168,1374,960,6,333,1141,94,1208,593,1825,926,185,1977,1831,1159,987,1416,1983,1610,84,269,844,856,1635,1617,1694,727,1035,1149,909,1097,1858,1001,50,676,139,1701]",0.9649052028144516,0.9666449817726704,0.8822575465125692,0.9026351987342436,0.9224245079029708,0.7760042555978908,0.943126689154999,0.9585191983170854,0.8334928254031557,Simulation scores compare against the stored generating trajectory.,0.9496191349588632,0.6859730658687045,0.8807277969497423,0.9528449300633112,0.8598646856514658,0.943126689154999,0.9585191983170854,0.8334928254031557,success,,official R dyneval on exported dynwrap trajectories,"Saelens et al., Nature Biotechnology (2019), doi:10.1038/s41587-019-0071-9",v2.0,4.6.1,0.9.9,1.3.0,1.0.1,1.1.0,daeb26af7d40c21b32283af31beb17a8ee8c3c6f,319bcfe3a0e38af45f368d2a53146165416d1a8a,b6fa729b1bc531e179aec3f3d7aa14cd8ef2015e,63fb255c894df1ba6d72b50bd0fb02d78bcee2af,0.0,1.0,0.0,0.9253909816785696,True,True,True,simulation_pca50_neighbors30_umap3,4,log1p_if_max_gt|pca|neighbors|umap,46,2000x1000,2000x1000,"{""completed_before_inference"": true, ""input_shape"": [2000, 1000], ""input_x_max"": 9.393057564064714, ""input_x_min"": 0.0, ""model_coordinate_key_ready"": true, ""output_shape"": [2000, 1000], ""plot_coordinate_key_ready"": true, ""profile"": ""simulation_pca50_neighbors30_umap3"", ""random_seed"": 46, ""steps"": [{""operation"": ""log1p_if_max_gt"", ""parameters"": {""threshold"": 100}, ""status"": ""skipped_already_below_threshold""}, {""operation"": ""pca"", ""parameters"": {""n_comps"": 50, ""random_state"": 0, ""svd_solver"": ""arpack"", ""use_highly_variable"": false, ""zero_center"": true}, ""status"": ""applied""}, {""operation"": ""neighbors"", ""parameters"": {""method"": ""umap"", ""metric"": ""euclidean"", ""n_neighbors"": 30, ""n_pcs"": 30, ""random_state"": 0}, ""status"": ""applied""}, {""operation"": ""umap"", ""parameters"": {""a"": 0.5830300204883174, ""b"": 1.3341669924555197, ""n_components"": 3, ""preserve_existing"": false, ""random_state"": 0}, ""status"": ""applied""}]}"
6,47,47,20,gold_reference_simulation,stored_simulation_generating_trajectory,2,68,0.0024194976014034,0.9314342078366576,858,7.3802113000001555,48.72059190000073,56.10080320000088,24.68326579999848,2024.41015625,61.03125,"[872,1336,1716,1662,1553,858,1538,1099,273,82,1069,711,1568,1463,545,1930,348,668,819,1535,444,1643,805,1249,783,1843,158,942,91,1953,1291,1251,1594]","[872,1336,1716,1662,1553,858,1538,780,1128,1062,316,391,194,1649,402,1688,496,960,420,1144,202,593,462,406,1944,1512,1091,261,1357,1416,667,569,729,121,1038,1356,733,1278,1224,1814,139,1701]","[872,1336,1716,1662,1553,858,1538,1099,273,82,1069,711,1568,1463,545,1930,348,668,819,1535,444,1643,805,1249,783,1843,158,942,91,1953,1291,1251,1594]",0.9396317614876926,0.9854990693712098,0.9235444130897296,"[872,1336,1716,1662,1553,858,1538,780,1128,1062,316,391,194,1649,402,1688,496,960,420,1144,202,593,462,406,1944,1512,1091,261,1357,1416,667,569,729,121,1038,1356,733,1278,1224,1814,139,1701]",0.9348949687806803,0.9047211676040702,0.7814338415303099,0.830918556542234,0.8206350301739125,0.657548607785255,0.8891036401166724,0.8970947576604124,0.7362008820981392,Simulation scores compare against the stored generating trajectory.,0.9316183103654104,0.6535705508149852,0.8763544515897205,0.9391763268555612,0.8413745208771296,0.8891036401166724,0.8970947576604124,0.7362008820981392,success,,official R dyneval on exported dynwrap trajectories,"Saelens et al., Nature Biotechnology (2019), doi:10.1038/s41587-019-0071-9",v2.0,4.6.1,0.9.9,1.3.0,1.0.1,1.1.0,daeb26af7d40c21b32283af31beb17a8ee8c3c6f,319bcfe3a0e38af45f368d2a53146165416d1a8a,b6fa729b1bc531e179aec3f3d7aa14cd8ef2015e,63fb255c894df1ba6d72b50bd0fb02d78bcee2af,0.0,1.0,0.0,0.9419005906240528,True,True,True,simulation_pca50_neighbors30_umap3,4,log1p_if_max_gt|pca|neighbors|umap,47,2000x1000,2000x1000,"{""completed_before_inference"": true, ""input_shape"": [2000, 1000], ""input_x_max"": 9.393057564064714, ""input_x_min"": 0.0, ""model_coordinate_key_ready"": true, ""output_shape"": [2000, 1000], ""plot_coordinate_key_ready"": true, ""profile"": ""simulation_pca50_neighbors30_umap3"", ""random_seed"": 47, ""steps"": [{""operation"": ""log1p_if_max_gt"", ""parameters"": {""threshold"": 100}, ""status"": ""skipped_already_below_threshold""}, {""operation"": ""pca"", ""parameters"": {""n_comps"": 50, ""random_state"": 0, ""svd_solver"": ""arpack"", ""use_highly_variable"": false, ""zero_center"": true}, ""status"": ""applied""}, {""operation"": ""neighbors"", ""parameters"": {""method"": ""umap"", ""metric"": ""euclidean"", ""n_neighbors"": 30, ""n_pcs"": 30, ""random_state"": 0}, ""status"": ""applied""}, {""operation"": ""umap"", ""parameters"": {""a"": 0.5830300204883174, ""b"": 1.3341669924555197, ""n_components"": 3, ""preserve_existing"": false, ""random_state"": 0}, ""status"": ""applied""}]}"
7,48,48,20,gold_reference_simulation,stored_simulation_generating_trajectory,2,81,0.0007938605348374,0.9830397001419648,43,7.924079399999755,80.94596719999936,88.87004659999911,40.61696529999972,964.875,130.50390625,"[872,1178,817,697,43,383,858,1538,236,640,374,295,570,1353,1735,232,1004,1227,249,608,1600,1429,1267,363,173,883,1907,1350,1583,241,133,797,259,1015,1358,599,728,1594]","[872,1178,817,697,43,383,858,1538,1483,902,597,258,1915,126,1330,1597,1386,441,635,1667,1323,492,1543,195,1208,1376,213,452,1384,370,1544,743,172,1427,1878,1269,987,1416,856,1659,108,526,1849,606,548,498,127,47,779,896,1701]","[872,1178,817,697,43,383,858,1538,236,640,374,295,570,1353,1735,232,1004,1227,249,608,1600,1429,1267,363,173,883,1907,1350,1583,241,133,797,259,1015,1358,599,728,1594]",0.9529462893324694,0.9837576681769428,0.9207161739854092,"[872,1178,817,697,43,383,858,1538,1483,902,597,258,1915,126,1330,1597,1386,441,635,1667,1323,492,1543,195,1208,1376,213,452,1384,370,1544,743,172,1427,1878,1269,987,1416,856,1659,108,526,1849,606,548,498,127,47,779,896,1701]",0.946298667545612,0.9421604086134068,0.83661830621124,0.8417621464678118,0.8268498894559119,0.6613469929701637,0.8759605693777068,0.867753943880284,0.6964717777784051,Simulation scores compare against the stored generating trajectory.,0.9545132031736092,0.6801300966031323,0.8853223372122045,0.9561606660600714,0.8609968396010745,0.8759605693777068,0.867753943880284,0.6964717777784051,success,,official R dyneval on exported dynwrap trajectories,"Saelens et al., Nature Biotechnology (2019), doi:10.1038/s41587-019-0071-9",v2.0,4.6.1,0.9.9,1.3.0,1.0.1,1.1.0,daeb26af7d40c21b32283af31beb17a8ee8c3c6f,319bcfe3a0e38af45f368d2a53146165416d1a8a,b6fa729b1bc531e179aec3f3d7aa14cd8ef2015e,63fb255c894df1ba6d72b50bd0fb02d78bcee2af,0.0,1.0,0.0,0.9487295399469472,True,True,True,simulation_pca50_neighbors30_umap3,4,log1p_if_max_gt|pca|neighbors|umap,48,2000x1000,2000x1000,"{""completed_before_inference"": true, ""input_shape"": [2000, 1000], ""input_x_max"": 9.393057564064714, ""input_x_min"": 0.0, ""model_coordinate_key_ready"": true, ""output_shape"": [2000, 1000], ""plot_coordinate_key_ready"": true, ""profile"": ""simulation_pca50_neighbors30_umap3"", ""random_seed"": 48, ""steps"": [{""operation"": ""log1p_if_max_gt"", ""parameters"": {""threshold"": 100}, ""status"": ""skipped_already_below_threshold""}, {""operation"": ""pca"", ""parameters"": {""n_comps"": 50, ""random_state"": 0, ""svd_solver"": ""arpack"", ""use_highly_variable"": false, ""zero_center"": true}, ""status"": ""applied""}, {""operation"": ""neighbors"", ""parameters"": {""method"": ""umap"", ""metric"": ""euclidean"", ""n_neighbors"": 30, ""n_pcs"": 30, ""random_state"": 0}, ""status"": ""applied""}, {""operation"": ""umap"", ""parameters"": {""a"": 0.5830300204883174, ""b"": 1.3341669924555197, ""n_components"": 3, ""preserve_existing"": false, ""random_state"": 0}, ""status"": ""applied""}]}"
8,49,49,20,gold_reference_simulation,stored_simulation_generating_trajectory,2,72,0.0015175021529999,0.9781247499267728,816,12.308287800000471,62.3895835000003,74.69787130000077,24.631606699998883,909.8359375,62.36328125,"[872,891,1716,816,1702,858,1538,1767,273,338,1868,1118,330,573,1268,1380,1457,288,1228,646,684,203,709,1943,915,599,1251,1594]","[872,891,1716,816,1702,858,1538,780,1339,746,1580,1100,218,7,988,1811,240,669,1838,1522,612,93,1144,206,69,1376,593,125,136,1150,1391,1083,1944,1977,1831,1269,425,845,1416,856,569,64,937,1042,1434,1912,1664,22,779,139,1701]","[872,891,1716,816,1702,858,1538,1767,273,338,1868,1118,330,573,1268,1380,1457,288,1228,646,684,203,709,1943,915,599,1251,1594]",0.9559668668902952,0.98230543630221,0.9259657169289046,"[872,891,1716,816,1702,858,1538,780,1339,746,1580,1100,218,7,988,1811,240,669,1838,1522,612,93,1144,206,69,1376,593,125,136,1150,1391,1083,1944,1977,1831,1269,425,845,1416,856,569,64,937,1042,1434,1912,1664,22,779,139,1701]",0.9219821315629952,0.8964990754634201,0.7520865649787081,0.8358867036142965,0.8189980452623999,0.6381812547521061,0.840801071660616,0.8365460745913629,0.6588015345634132,Simulation scores compare against the stored generating trajectory.,0.952852278330926,0.660288879185046,0.8642661127976858,0.9529473442015556,0.848435803369535,0.840801071660616,0.8365460745913629,0.6588015345634132,success,,official R dyneval on exported dynwrap trajectories,"Saelens et al., Nature Biotechnology (2019), doi:10.1038/s41587-019-0071-9",v2.0,4.6.1,0.9.9,1.3.0,1.0.1,1.1.0,daeb26af7d40c21b32283af31beb17a8ee8c3c6f,319bcfe3a0e38af45f368d2a53146165416d1a8a,b6fa729b1bc531e179aec3f3d7aa14cd8ef2015e,63fb255c894df1ba6d72b50bd0fb02d78bcee2af,0.0,1.0,0.0,0.9429532529081384,True,True,True,simulation_pca50_neighbors30_umap3,4,log1p_if_max_gt|pca|neighbors|umap,49,2000x1000,2000x1000,"{""completed_before_inference"": true, ""input_shape"": [2000, 1000], ""input_x_max"": 9.393057564064714, ""input_x_min"": 0.0, ""model_coordinate_key_ready"": true, ""output_shape"": [2000, 1000], ""plot_coordinate_key_ready"": true, ""profile"": ""simulation_pca50_neighbors30_umap3"", ""random_seed"": 49, ""steps"": [{""operation"": ""log1p_if_max_gt"", ""parameters"": {""threshold"": 100}, ""status"": ""skipped_already_below_threshold""}, {""operation"": ""pca"", ""parameters"": {""n_comps"": 50, ""random_state"": 0, ""svd_solver"": ""arpack"", ""use_highly_variable"": false, ""zero_center"": true}, ""status"": ""applied""}, {""operation"": ""neighbors"", ""parameters"": {""method"": ""umap"", ""metric"": ""euclidean"", ""n_neighbors"": 30, ""n_pcs"": 30, ""random_state"": 0}, ""status"": ""applied""}, {""operation"": ""umap"", ""parameters"": {""a"": 0.5830300204883174, ""b"": 1.3341669924555197, ""n_components"": 3, ""preserve_existing"": false, ""random_state"": 0}, ""status"": ""applied""}]}"
9,50,50,20,gold_reference_simulation,stored_simulation_generating_trajectory,2,76,0.0015636613654615,0.9683678147638644,434,7.483730699999796,37.5122091000012,44.995939800001,26.442144599999665,910.59375,61.49609375,"[872,672,434,807,602,722,858,1538,1099,273,79,1462,711,979,545,1080,767,668,1457,318,124,81,1186,1675,1843,1683,2,744,915,1337,886,1594]","[872,672,434,807,602,722,858,1538,1483,597,258,1649,478,402,1688,876,441,635,523,1763,1473,1208,202,895,136,686,216,1799,464,1150,1391,1306,178,1504,977,1560,1159,987,1416,856,965,1275,526,121,491,764,717,127,1507,47,840,1701]","[872,672,434,807,602,722,858,1538,1099,273,79,1462,711,979,545,1080,767,668,1457,318,124,81,1186,1675,1843,1683,2,744,915,1337,886,1594]",0.9492818185266394,0.9831831242738608,0.921770958743398,"[872,672,434,807,602,722,858,1538,1483,597,258,1649,478,402,1688,876,441,635,523,1763,1473,1208,202,895,136,686,216,1799,464,1150,1391,1306,178,1504,977,1560,1159,987,1416,856,965,1275,526,121,491,764,717,127,1507,47,840,1701]",0.9609686303358882,0.9591394378181228,0.8632495902634213,0.872138259741602,0.8669446190627162,0.7093789461874201,0.9003651347428419,0.9053201599339296,0.751234351751102,Simulation scores compare against the stored generating trajectory.,0.9591612872990252,0.6658565455771291,0.8719686043826954,0.9579278171883168,0.8546267596212395,0.9003651347428419,0.9053201599339296,0.751234351751102,success,,official R dyneval on exported dynwrap trajectories,"Saelens et al., Nature Biotechnology (2019), doi:10.1038/s41587-019-0071-9",v2.0,4.6.1,0.9.9,1.3.0,1.0.1,1.1.0,daeb26af7d40c21b32283af31beb17a8ee8c3c6f,319bcfe3a0e38af45f368d2a53146165416d1a8a,b6fa729b1bc531e179aec3f3d7aa14cd8ef2015e,63fb255c894df1ba6d72b50bd0fb02d78bcee2af,0.0,1.0,0.0,0.9499536805703784,True,True,True,simulation_pca50_neighbors30_umap3,4,log1p_if_max_gt|pca|neighbors|umap,50,2000x1000,2000x1000,"{""completed_before_inference"": true, ""input_shape"": [2000, 1000], ""input_x_max"": 9.393057564064714, ""input_x_min"": 0.0, ""model_coordinate_key_ready"": true, ""output_shape"": [2000, 1000], ""plot_coordinate_key_ready"": true, ""profile"": ""simulation_pca50_neighbors30_umap3"", ""random_seed"": 50, ""steps"": [{""operation"": ""log1p_if_max_gt"", ""parameters"": {""threshold"": 100}, ""status"": ""skipped_already_below_threshold""}, {""operation"": ""pca"", ""parameters"": {""n_comps"": 50, ""random_state"": 0, ""svd_solver"": ""arpack"", ""use_highly_variable"": false, ""zero_center"": true}, ""status"": ""applied""}, {""operation"": ""neighbors"", ""parameters"": {""method"": ""umap"", ""metric"": ""euclidean"", ""n_neighbors"": 30, ""n_pcs"": 30, ""random_state"": 0}, ""status"": ""applied""}, {""operation"": ""umap"", ""parameters"": {""a"": 0.5830300204883174, ""b"": 1.3341669924555197, ""n_components"": 3, ""preserve_existing"": false, ""random_state"": 0}, ""status"": ""applied""}]}"
10,51,51,20,gold_reference_simulation,stored_simulation_generating_trajectory,2,74,0.0009740575000791,0.97761451919734,858,7.401107800000318,40.77041999999892,48.17152779999924,24.00369580000006,911.19921875,61.46484375,"[872,891,964,1662,1681,858,1538,1767,640,374,1069,711,911,546,545,1080,110,1750,883,1907,1823,1728,683,398,8,985,1806,1739,476,1707,550,1126,1594]","[872,891,964,1662,1681,858,1538,1483,902,597,725,418,1925,111,1705,76,1811,478,1619,689,496,93,1689,1208,775,1016,1110,166,1954,1970,1159,987,1416,516,1057,1765,1908,844,1951,108,729,937,702,808,119,1613,840,1701]","[872,891,964,1662,1681,858,1538,1767,640,374,1069,711,911,546,545,1080,110,1750,883,1907,1823,1728,683,398,8,985,1806,1739,476,1707,550,1126,1594]",0.947825252744214,0.9838198059364024,0.9225212488314046,"[872,891,964,1662,1681,858,1538,1483,902,597,725,418,1925,111,1705,76,1811,478,1619,689,496,93,1689,1208,775,1016,1110,166,1954,1970,1159,987,1416,516,1057,1765,1908,844,1951,108,729,937,702,808,119,1613,840,1701]",0.943016504609779,0.9196259706449726,0.7811673128522086,0.8082394184001175,0.8010837736131547,0.6189229642048095,0.8260115435076397,0.8218568413334675,0.6448387681806187,Simulation scores compare against the stored generating trajectory.,0.949040781911357,0.6711529233848686,0.8807756522543241,0.9522078862087104,0.8549207518619204,0.8260115435076397,0.8218568413334675,0.6448387681806187,success,,official R dyneval on exported dynwrap trajectories,"Saelens et al., Nature Biotechnology (2019), doi:10.1038/s41587-019-0071-9",v2.0,4.6.1,0.9.9,1.3.0,1.0.1,1.1.0,daeb26af7d40c21b32283af31beb17a8ee8c3c6f,319bcfe3a0e38af45f368d2a53146165416d1a8a,b6fa729b1bc531e179aec3f3d7aa14cd8ef2015e,63fb255c894df1ba6d72b50bd0fb02d78bcee2af,0.0,1.0,0.0,0.9526242795543584,True,True,True,simulation_pca50_neighbors30_umap3,4,log1p_if_max_gt|pca|neighbors|umap,51,2000x1000,2000x1000,"{""completed_before_inference"": true, ""input_shape"": [2000, 1000], ""input_x_max"": 9.393057564064714, ""input_x_min"": 0.0, ""model_coordinate_key_ready"": true, ""output_shape"": [2000, 1000], ""plot_coordinate_key_ready"": true, ""profile"": ""simulation_pca50_neighbors30_umap3"", ""random_seed"": 51, ""steps"": [{""operation"": ""log1p_if_max_gt"", ""parameters"": {""threshold"": 100}, ""status"": ""skipped_already_below_threshold""}, {""operation"": ""pca"", ""parameters"": {""n_comps"": 50, ""random_state"": 0, ""svd_solver"": ""arpack"", ""use_highly_variable"": false, ""zero_center"": true}, ""status"": ""applied""}, {""operation"": ""neighbors"", ""parameters"": {""method"": ""umap"", ""metric"": ""euclidean"", ""n_neighbors"": 30, ""n_pcs"": 30, ""random_state"": 0}, ""status"": ""applied""}, {""operation"": ""umap"", ""parameters"": {""a"": 0.5830300204883174, ""b"": 1.3341669924555197, ""n_components"": 3, ""preserve_existing"": false, ""random_state"": 0}, ""status"": ""applied""}]}"
11,52,52,20,gold_reference_simulation,stored_simulation_generating_trajectory,2,79,0.0009676781496734,0.9831917263011932,858,7.270760299999893,40.20610999999917,47.47687029999906,25.55804250000073,911.45703125,61.296875,"[872,1962,1752,860,1469,858,1538,1395,1168,1815,286,1247,1388,1369,249,337,378,751,1452,38,173,1297,1986,165,798,241,133,797,705,723,1552,1594]","[872,1962,1752,860,1469,858,1538,1483,391,1935,1215,1459,799,1693,1754,582,240,1521,1688,1749,420,1473,1763,1323,969,94,202,593,136,1016,1181,926,1944,1512,1269,1159,845,1416,516,1908,856,972,568,1617,729,121,1242,1356,1434,1664,503,527,840,1701]","[872,1962,1752,860,1469,858,1538,1395,1168,1815,286,1247,1388,1369,249,337,378,751,1452,38,173,1297,1986,165,798,241,133,797,705,723,1552,1594]",0.9541725657757084,0.9875008124474688,0.9372315724201103,"[872,1962,1752,860,1469,858,1538,1483,391,1935,1215,1459,799,1693,1754,582,240,1521,1688,1749,420,1473,1763,1323,969,94,202,593,136,1016,1181,926,1944,1512,1269,1159,845,1416,516,1908,856,972,568,1617,729,121,1242,1356,1434,1664,503,527,840,1701]",0.9465727173400484,0.9239737862957044,0.8092289418320107,0.8650143413004913,0.8466213136552875,0.6778930519770333,0.8578320001235007,0.8639563508498842,0.6884217480088973,Simulation scores compare against the stored generating trajectory.,0.9526484736351732,0.680553913768362,0.8683171756054304,0.9533260953086324,0.855911321742149,0.8578320001235007,0.8639563508498842,0.6884217480088973,success,,official R dyneval on exported dynwrap trajectories,"Saelens et al., Nature Biotechnology (2019), doi:10.1038/s41587-019-0071-9",v2.0,4.6.1,0.9.9,1.3.0,1.0.1,1.1.0,daeb26af7d40c21b32283af31beb17a8ee8c3c6f,319bcfe3a0e38af45f368d2a53146165416d1a8a,b6fa729b1bc531e179aec3f3d7aa14cd8ef2015e,63fb255c894df1ba6d72b50bd0fb02d78bcee2af,0.0,1.0,0.0,0.9375847675975784,True,True,True,simulation_pca50_neighbors30_umap3,4,log1p_if_max_gt|pca|neighbors|umap,52,2000x1000,2000x1000,"{""completed_before_inference"": true, ""input_shape"": [2000, 1000], ""input_x_max"": 9.393057564064714, ""input_x_min"": 0.0, ""model_coordinate_key_ready"": true, ""output_shape"": [2000, 1000], ""plot_coordinate_key_ready"": true, ""profile"": ""simulation_pca50_neighbors30_umap3"", ""random_seed"": 52, ""steps"": [{""operation"": ""log1p_if_max_gt"", ""parameters"": {""threshold"": 100}, ""status"": ""skipped_already_below_threshold""}, {""operation"": ""pca"", ""parameters"": {""n_comps"": 50, ""random_state"": 0, ""svd_solver"": ""arpack"", ""use_highly_variable"": false, ""zero_center"": true}, ""status"": ""applied""}, {""operation"": ""neighbors"", ""parameters"": {""method"": ""umap"", ""metric"": ""euclidean"", ""n_neighbors"": 30, ""n_pcs"": 30, ""random_state"": 0}, ""status"": ""applied""}, {""operation"": ""umap"", ""parameters"": {""a"": 0.5830300204883174, ""b"": 1.3341669924555197, ""n_components"": 3, ""preserve_existing"": false, ""random_state"": 0}, ""status"": ""applied""}]}"
12,53,53,20,gold_reference_simulation,stored_simulation_generating_trajectory,2,84,0.0017745203596814,0.9715106362137133,383,7.601485500001218,37.4270777999991,45.02856330000032,24.710978699999032,988.94921875,138.06640625,"[872,385,1716,816,383,858,1538,1135,1021,82,79,410,716,1920,1290,573,1268,668,1295,1385,1351,1305,1490,165,684,1706,797,705,1358,599,886,1594]","[872,385,1716,816,383,858,1538,1483,853,1476,1935,1459,488,1811,1619,616,496,93,1372,1141,1222,592,538,534,615,761,1652,1384,818,1074,1028,1110,464,1944,15,1856,1512,1269,1159,845,1416,856,965,1275,729,515,1214,1809,651,733,397,1732,1044,1546,1507,54,1814,139,1701]","[872,385,1716,816,383,858,1538,1135,1021,82,79,410,716,1920,1290,573,1268,668,1295,1385,1351,1305,1490,165,684,1706,797,705,1358,599,886,1594]",0.9578755490741996,0.9877808675711198,0.9393771416059288,"[872,385,1716,816,383,858,1538,1483,853,1476,1935,1459,488,1811,1619,616,496,93,1372,1141,1222,592,538,534,615,761,1652,1384,818,1074,1028,1110,464,1944,15,1856,1512,1269,1159,845,1416,856,965,1275,729,515,1214,1809,651,733,397,1732,1044,1546,1507,54,1814,139,1701]",0.9494516221935076,0.9401685872647968,0.8369561159745449,0.8927368268800802,0.8821804079117754,0.7267451685661299,0.9058015859378956,0.9038510848002036,0.7384431704042931,Simulation scores compare against the stored generating trajectory.,0.9501559004210212,0.6905480405145732,0.8680548369803714,0.9634064784905678,0.8606694202719261,0.9058015859378956,0.9038510848002036,0.7384431704042931,success,,official R dyneval on exported dynwrap trajectories,"Saelens et al., Nature Biotechnology (2019), doi:10.1038/s41587-019-0071-9",v2.0,4.6.1,0.9.9,1.3.0,1.0.1,1.1.0,daeb26af7d40c21b32283af31beb17a8ee8c3c6f,319bcfe3a0e38af45f368d2a53146165416d1a8a,b6fa729b1bc531e179aec3f3d7aa14cd8ef2015e,63fb255c894df1ba6d72b50bd0fb02d78bcee2af,0.0,1.0,0.0,0.9442117448442044,True,True,True,simulation_pca50_neighbors30_umap3,4,log1p_if_max_gt|pca|neighbors|umap,53,2000x1000,2000x1000,"{""completed_before_inference"": true, ""input_shape"": [2000, 1000], ""input_x_max"": 9.393057564064714, ""input_x_min"": 0.0, ""model_coordinate_key_ready"": true, ""output_shape"": [2000, 1000], ""plot_coordinate_key_ready"": true, ""profile"": ""simulation_pca50_neighbors30_umap3"", ""random_seed"": 53, ""steps"": [{""operation"": ""log1p_if_max_gt"", ""parameters"": {""threshold"": 100}, ""status"": ""skipped_already_below_threshold""}, {""operation"": ""pca"", ""parameters"": {""n_comps"": 50, ""random_state"": 0, ""svd_solver"": ""arpack"", ""use_highly_variable"": false, ""zero_center"": true}, ""status"": ""applied""}, {""operation"": ""neighbors"", ""parameters"": {""method"": ""umap"", ""metric"": ""euclidean"", ""n_neighbors"": 30, ""n_pcs"": 30, ""random_state"": 0}, ""status"": ""applied""}, {""operation"": ""umap"", ""parameters"": {""a"": 0.5830300204883174, ""b"": 1.3341669924555197, ""n_components"": 3, ""preserve_existing"": false, ""random_state"": 0}, ""status"": ""applied""}]}"
13,54,54,20,gold_reference_simulation,stored_simulation_generating_trajectory,2,77,0.0053122926550767,0.9361472983227884,208,7.481419900001128,42.13488299999881,49.61630289999994,25.133301300000312,988.94921875,137.359375,"[872,1336,326,208,383,858,1538,1099,273,1840,1733,921,1082,1220,1290,170,706,767,363,819,1773,1408,1122,9,790,205,1131,1066,1792,703,1575,408,1505,1291,624,1594]","[872,1336,326,208,383,858,1538,1395,908,1947,746,1958,824,1935,258,1915,1811,407,1965,1077,221,922,441,486,93,1689,1786,1764,1825,36,172,1856,1878,1269,845,1416,856,569,1467,51,1465,1526,442,1240,1146,0,1734,1701]","[872,1336,326,208,383,858,1538,1099,273,1840,1733,921,1082,1220,1290,170,706,767,363,819,1773,1408,1122,9,790,205,1131,1066,1792,703,1575,408,1505,1291,624,1594]",0.9362632487883809,0.9872854352783867,0.9310621416427208,"[872,1336,326,208,383,858,1538,1395,908,1947,746,1958,824,1935,258,1915,1811,407,1965,1077,221,922,441,486,93,1689,1786,1764,1825,36,172,1856,1878,1269,845,1416,856,569,1467,51,1465,1526,442,1240,1146,0,1734,1701]",0.8833258497699066,0.849201394526658,0.686805047166878,0.7729851888860677,0.7707881397971672,0.5919964185800258,0.8057391079795416,0.795859620179932,0.6227163315024007,Simulation scores compare against the stored generating trajectory.,0.933999333447693,0.6545491720515192,0.8859233685564646,0.9148486001319264,0.8389934250051918,0.8057391079795416,0.795859620179932,0.6227163315024007,success,,official R dyneval on exported dynwrap trajectories,"Saelens et al., Nature Biotechnology (2019), doi:10.1038/s41587-019-0071-9",v2.0,4.6.1,0.9.9,1.3.0,1.0.1,1.1.0,daeb26af7d40c21b32283af31beb17a8ee8c3c6f,319bcfe3a0e38af45f368d2a53146165416d1a8a,b6fa729b1bc531e179aec3f3d7aa14cd8ef2015e,63fb255c894df1ba6d72b50bd0fb02d78bcee2af,0.0,1.0,0.0,0.8837745340802369,True,True,True,simulation_pca50_neighbors30_umap3,4,log1p_if_max_gt|pca|neighbors|umap,54,2000x1000,2000x1000,"{""completed_before_inference"": true, ""input_shape"": [2000, 1000], ""input_x_max"": 9.393057564064714, ""input_x_min"": 0.0, ""model_coordinate_key_ready"": true, ""output_shape"": [2000, 1000], ""plot_coordinate_key_ready"": true, ""profile"": ""simulation_pca50_neighbors30_umap3"", ""random_seed"": 54, ""steps"": [{""operation"": ""log1p_if_max_gt"", ""parameters"": {""threshold"": 100}, ""status"": ""skipped_already_below_threshold""}, {""operation"": ""pca"", ""parameters"": {""n_comps"": 50, ""random_state"": 0, ""svd_solver"": ""arpack"", ""use_highly_variable"": false, ""zero_center"": true}, ""status"": ""applied""}, {""operation"": ""neighbors"", ""parameters"": {""method"": ""umap"", ""metric"": ""euclidean"", ""n_neighbors"": 30, ""n_pcs"": 30, ""random_state"": 0}, ""status"": ""applied""}, {""operation"": ""umap"", ""parameters"": {""a"": 0.5830300204883174, ""b"": 1.3341669924555197, ""n_components"": 3, ""preserve_existing"": false, ""random_state"": 0}, ""status"": ""applied""}]}"
14,55,55,20,gold_reference_simulation,stored_simulation_generating_trajectory,2,96,0.0006146990156934,0.9894000395623196,208,7.416241599999921,41.96332690000054,49.37956850000046,23.97629589999997,938.38671875,86.796875,"[872,385,699,208,383,858,1538,1135,1021,1923,1840,1407,1857,595,1078,659,573,1268,1267,1587,1351,181,379,1656,684,1706,797,1015,1337,886,1594]","[872,385,699,208,383,858,1538,1602,562,853,597,258,1746,126,478,479,914,1525,669,1902,1589,39,1114,574,231,1557,262,1937,11,1294,1426,873,333,877,1377,1764,814,1016,686,1799,1083,284,1878,1856,1391,1443,427,563,1269,845,1416,1908,1983,1471,647,945,1467,1770,1236,1449,56,189,1687,906,361,1793,1238,827,1444,55,334,1701]","[872,385,699,208,383,858,1538,1135,1021,1923,1840,1407,1857,595,1078,659,573,1268,1267,1587,1351,181,379,1656,684,1706,797,1015,1337,886,1594]",0.9547862705268328,0.983424885889804,0.9243391097896166,"[872,385,699,208,383,858,1538,1602,562,853,597,258,1746,126,478,479,914,1525,669,1902,1589,39,1114,574,231,1557,262,1937,11,1294,1426,873,333,877,1377,1764,814,1016,686,1799,1083,284,1878,1856,1391,1443,427,563,1269,845,1416,1908,1983,1471,647,945,1467,1770,1236,1449,56,189,1687,906,361,1793,1238,827,1444,55,334,1701]",0.9392819145211624,0.9243000043315274,0.8182706579967678,0.8629511905648185,0.8621755966665952,0.6959523083935902,0.8917296042077245,0.8956118181240944,0.7228943987164457,Simulation scores compare against the stored generating trajectory.,0.9469403231221868,0.6681776303528447,0.8377092973922713,0.9660345958079762,0.8459119094956709,0.8917296042077245,0.8956118181240944,0.7228943987164457,success,,official R dyneval on exported dynwrap trajectories,"Saelens et al., Nature Biotechnology (2019), doi:10.1038/s41587-019-0071-9",v2.0,4.6.1,0.9.9,1.3.0,1.0.1,1.1.0,daeb26af7d40c21b32283af31beb17a8ee8c3c6f,319bcfe3a0e38af45f368d2a53146165416d1a8a,b6fa729b1bc531e179aec3f3d7aa14cd8ef2015e,63fb255c894df1ba6d72b50bd0fb02d78bcee2af,0.0,1.0,0.0,0.9656122048710072,True,True,True,simulation_pca50_neighbors30_umap3,4,log1p_if_max_gt|pca|neighbors|umap,55,2000x1000,2000x1000,"{""completed_before_inference"": true, ""input_shape"": [2000, 1000], ""input_x_max"": 9.393057564064714, ""input_x_min"": 0.0, ""model_coordinate_key_ready"": true, ""output_shape"": [2000, 1000], ""plot_coordinate_key_ready"": true, ""profile"": ""simulation_pca50_neighbors30_umap3"", ""random_seed"": 55, ""steps"": [{""operation"": ""log1p_if_max_gt"", ""parameters"": {""threshold"": 100}, ""status"": ""skipped_already_below_threshold""}, {""operation"": ""pca"", ""parameters"": {""n_comps"": 50, ""random_state"": 0, ""svd_solver"": ""arpack"", ""use_highly_variable"": false, ""zero_center"": true}, ""status"": ""applied""}, {""operation"": ""neighbors"", ""parameters"": {""method"": ""umap"", ""metric"": ""euclidean"", ""n_neighbors"": 30, ""n_pcs"": 30, ""random_state"": 0}, ""status"": ""applied""}, {""operation"": ""umap"", ""parameters"": {""a"": 0.5830300204883174, ""b"": 1.3341669924555197, ""n_components"": 3, ""preserve_existing"": false, ""random_state"": 0}, ""status"": ""applied""}]}"
15,56,56,20,gold_reference_simulation,stored_simulation_generating_trajectory,2,90,0.0017578339823039,0.9793886462547672,383,7.327559299999848,39.87317500000063,47.20073430000048,24.89008969999849,959.6015625,107.73046875,"[872,385,1716,816,383,858,1538,96,1071,1923,888,410,716,1370,992,608,1600,767,363,586,1081,288,1228,646,684,1706,1027,1015,1337,886,1594]","[872,385,1716,816,383,858,1538,33,1339,746,401,1622,928,1100,597,725,194,1965,168,26,1946,635,1763,1890,1222,1280,1663,882,775,1016,87,621,172,1944,1443,1206,1243,1616,563,425,1189,875,1091,1195,1578,987,1416,135,552,1460,237,698,17,1995,1282,747,1232,328,1465,1097,442,160,1146,539,324,1701]","[872,385,1716,816,383,858,1538,96,1071,1923,888,410,716,1370,992,608,1600,767,363,586,1081,288,1228,646,684,1706,1027,1015,1337,886,1594]",0.9581707359522768,0.9866516274373076,0.9373742991650096,"[872,385,1716,816,383,858,1538,33,1339,746,401,1622,928,1100,597,725,194,1965,168,26,1946,635,1763,1890,1222,1280,1663,882,775,1016,87,621,172,1944,1443,1206,1243,1616,563,425,1189,875,1091,1195,1578,987,1416,135,552,1460,237,698,17,1995,1282,747,1232,328,1465,1097,442,160,1146,539,324,1701]",0.938260422657299,0.9357168612665464,0.8190965596368501,0.883181374359227,0.8946101802031327,0.7298165990900095,0.9237930488872318,0.933230037483198,0.7862971139824942,Simulation scores compare against the stored generating trajectory.,0.9306546595069284,0.6968400323771607,0.8185503419708475,0.9653832919520192,0.846090278717067,0.9237930488872318,0.933230037483198,0.7862971139824942,success,,official R dyneval on exported dynwrap trajectories,"Saelens et al., Nature Biotechnology (2019), doi:10.1038/s41587-019-0071-9",v2.0,4.6.1,0.9.9,1.3.0,1.0.1,1.1.0,daeb26af7d40c21b32283af31beb17a8ee8c3c6f,319bcfe3a0e38af45f368d2a53146165416d1a8a,b6fa729b1bc531e179aec3f3d7aa14cd8ef2015e,63fb255c894df1ba6d72b50bd0fb02d78bcee2af,0.0,1.0,0.0,0.9433195027730296,True,True,True,simulation_pca50_neighbors30_umap3,4,log1p_if_max_gt|pca|neighbors|umap,56,2000x1000,2000x1000,"{""completed_before_inference"": true, ""input_shape"": [2000, 1000], ""input_x_max"": 9.393057564064714, ""input_x_min"": 0.0, ""model_coordinate_key_ready"": true, ""output_shape"": [2000, 1000], ""plot_coordinate_key_ready"": true, ""profile"": ""simulation_pca50_neighbors30_umap3"", ""random_seed"": 56, ""steps"": [{""operation"": ""log1p_if_max_gt"", ""parameters"": {""threshold"": 100}, ""status"": ""skipped_already_below_threshold""}, {""operation"": ""pca"", ""parameters"": {""n_comps"": 50, ""random_state"": 0, ""svd_solver"": ""arpack"", ""use_highly_variable"": false, ""zero_center"": true}, ""status"": ""applied""}, {""operation"": ""neighbors"", ""parameters"": {""method"": ""umap"", ""metric"": ""euclidean"", ""n_neighbors"": 30, ""n_pcs"": 30, ""random_state"": 0}, ""status"": ""applied""}, {""operation"": ""umap"", ""parameters"": {""a"": 0.5830300204883174, ""b"": 1.3341669924555197, ""n_components"": 3, ""preserve_existing"": false, ""random_state"": 0}, ""status"": ""applied""}]}"
16,57,57,20,gold_reference_simulation,stored_simulation_generating_trajectory,2,88,0.0014795161557338,0.97686130072956,816,7.529410399998596,41.106479100002616,48.63588950000121,34.13321449999785,961.8359375,109.8359375,"[872,1336,1716,816,1702,858,1538,96,477,374,1407,711,1463,545,1930,1268,1267,1081,883,1,81,646,40,241,985,1671,1933,1953,1205,886,1594]","[872,1336,1716,816,1702,858,1538,95,1154,902,391,1318,1915,478,1077,1688,876,93,1910,420,878,333,1720,381,1400,607,24,1475,1109,67,1887,23,213,1335,1379,1906,426,776,1955,393,1024,685,1616,234,1091,425,845,1416,516,355,698,237,1484,1534,1035,1097,666,1648,160,1001,186,1942,13,1701]","[872,1336,1716,816,1702,858,1538,96,477,374,1407,711,1463,545,1930,1268,1267,1081,883,1,81,646,40,241,985,1671,1933,1953,1205,886,1594]",0.9449476434372104,0.9841286093921277,0.9275850838174232,"[872,1336,1716,816,1702,858,1538,95,1154,902,391,1318,1915,478,1077,1688,876,93,1910,420,878,333,1720,381,1400,607,24,1475,1109,67,1887,23,213,1335,1379,1906,426,776,1955,393,1024,685,1616,234,1091,425,845,1416,516,355,698,237,1484,1534,1035,1097,666,1648,160,1001,186,1942,13,1701]",0.9334797305040484,0.9355996886752392,0.8421651120482607,0.8418877964178191,0.8336735046583655,0.675131638519042,0.8908529949354349,0.8939808009554464,0.7360827950576466,Simulation scores compare against the stored generating trajectory.,0.940113896352672,0.6862442818753675,0.8392109958142925,0.9602282971043188,0.8491339774175387,0.8908529949354349,0.8939808009554464,0.7360827950576466,success,,official R dyneval on exported dynwrap trajectories,"Saelens et al., Nature Biotechnology (2019), doi:10.1038/s41587-019-0071-9",v2.0,4.6.1,0.9.9,1.3.0,1.0.1,1.1.0,daeb26af7d40c21b32283af31beb17a8ee8c3c6f,319bcfe3a0e38af45f368d2a53146165416d1a8a,b6fa729b1bc531e179aec3f3d7aa14cd8ef2015e,63fb255c894df1ba6d72b50bd0fb02d78bcee2af,0.0,1.0,0.0,0.960788977674194,True,True,True,simulation_pca50_neighbors30_umap3,4,log1p_if_max_gt|pca|neighbors|umap,57,2000x1000,2000x1000,"{""completed_before_inference"": true, ""input_shape"": [2000, 1000], ""input_x_max"": 9.393057564064714, ""input_x_min"": 0.0, ""model_coordinate_key_ready"": true, ""output_shape"": [2000, 1000], ""plot_coordinate_key_ready"": true, ""profile"": ""simulation_pca50_neighbors30_umap3"", ""random_seed"": 57, ""steps"": [{""operation"": ""log1p_if_max_gt"", ""parameters"": {""threshold"": 100}, ""status"": ""skipped_already_below_threshold""}, {""operation"": ""pca"", ""parameters"": {""n_comps"": 50, ""random_state"": 0, ""svd_solver"": ""arpack"", ""use_highly_variable"": false, ""zero_center"": true}, ""status"": ""applied""}, {""operation"": ""neighbors"", ""parameters"": {""method"": ""umap"", ""metric"": ""euclidean"", ""n_neighbors"": 30, ""n_pcs"": 30, ""random_state"": 0}, ""status"": ""applied""}, {""operation"": ""umap"", ""parameters"": {""a"": 0.5830300204883174, ""b"": 1.3341669924555197, ""n_components"": 3, ""preserve_existing"": false, ""random_state"": 0}, ""status"": ""applied""}]}"
17,58,58,20,gold_reference_simulation,stored_simulation_generating_trajectory,2,78,0.0017542150245044,0.955667920426264,816,12.29550609999933,83.27657069999987,95.5720767999992,44.090302699998574,913.07421875,61.0703125,"[872,1336,964,816,1702,858,1538,174,640,374,1407,711,1078,754,1201,1879,1429,1744,1081,1308,152,1931,1350,684,203,1806,1027,1015,1337,1552,1594]","[872,1336,964,816,1702,858,1538,229,1154,902,151,1493,194,1965,689,874,1607,1719,960,1763,969,107,1396,917,1335,136,370,926,1544,185,1977,1831,1269,1185,721,458,845,1416,1983,1618,961,741,905,1169,1687,1279,1934,1302,1238,1241,1093,0,1734,1701]","[872,1336,964,816,1702,858,1538,174,640,374,1407,711,1078,754,1201,1879,1429,1744,1081,1308,152,1931,1350,684,203,1806,1027,1015,1337,1552,1594]",0.9525779742058494,0.9829123223839328,0.9220164524233752,"[872,1336,964,816,1702,858,1538,229,1154,902,151,1493,194,1965,689,874,1607,1719,960,1763,969,107,1396,917,1335,136,370,926,1544,185,1977,1831,1269,1185,721,458,845,1416,1983,1618,961,741,905,1169,1687,1279,1934,1302,1238,1241,1093,0,1734,1701]",0.9523131055402676,0.9442745726286046,0.8394915434403777,0.8630450115717381,0.8632495667699062,0.6912902085101743,0.8995047160909985,0.8978251252686735,0.726561158005561,Simulation scores compare against the stored generating trajectory.,0.948397507461482,0.6753339987038401,0.8583912173337236,0.965447557512014,0.8535534910123282,0.8995047160909985,0.8978251252686735,0.726561158005561,success,,official R dyneval on exported dynwrap trajectories,"Saelens et al., Nature Biotechnology (2019), doi:10.1038/s41587-019-0071-9",v2.0,4.6.1,0.9.9,1.3.0,1.0.1,1.1.0,daeb26af7d40c21b32283af31beb17a8ee8c3c6f,319bcfe3a0e38af45f368d2a53146165416d1a8a,b6fa729b1bc531e179aec3f3d7aa14cd8ef2015e,63fb255c894df1ba6d72b50bd0fb02d78bcee2af,0.0,1.0,0.0,0.9629834744589664,True,True,True,simulation_pca50_neighbors30_umap3,4,log1p_if_max_gt|pca|neighbors|umap,58,2000x1000,2000x1000,"{""completed_before_inference"": true, ""input_shape"": [2000, 1000], ""input_x_max"": 9.393057564064714, ""input_x_min"": 0.0, ""model_coordinate_key_ready"": true, ""output_shape"": [2000, 1000], ""plot_coordinate_key_ready"": true, ""profile"": ""simulation_pca50_neighbors30_umap3"", ""random_seed"": 58, ""steps"": [{""operation"": ""log1p_if_max_gt"", ""parameters"": {""threshold"": 100}, ""status"": ""skipped_already_below_threshold""}, {""operation"": ""pca"", ""parameters"": {""n_comps"": 50, ""random_state"": 0, ""svd_solver"": ""arpack"", ""use_highly_variable"": false, ""zero_center"": true}, ""status"": ""applied""}, {""operation"": ""neighbors"", ""parameters"": {""method"": ""umap"", ""metric"": ""euclidean"", ""n_neighbors"": 30, ""n_pcs"": 30, ""random_state"": 0}, ""status"": ""applied""}, {""operation"": ""umap"", ""parameters"": {""a"": 0.5830300204883174, ""b"": 1.3341669924555197, ""n_components"": 3, ""preserve_existing"": false, ""random_state"": 0}, ""status"": ""applied""}]}"
18,59,59,20,gold_reference_simulation,stored_simulation_generating_trajectory,2,71,0.0015799008043824,0.9437357985311094,116,12.42606650000016,58.188315800001874,70.61438230000203,23.491906200000813,864.29296875,61.15234375,"[872,891,1913,1662,116,858,1538,1767,1923,79,1866,1857,911,971,1879,1429,934,1385,557,555,70,1317,1019,205,1131,1066,1257,1497,1748,1411,903,1552,1594]","[872,891,1913,1662,116,858,1538,1483,597,1493,806,366,1965,689,421,518,496,93,1689,1208,593,462,197,1799,1134,621,1512,1091,1185,261,1357,1416,1057,1127,984,1383,130,56,255,770,1760,22,779,896,1701]","[872,891,1913,1662,116,858,1538,1767,1923,79,1866,1857,911,971,1879,1429,934,1385,557,555,70,1317,1019,205,1131,1066,1257,1497,1748,1411,903,1552,1594]",0.9361180456404944,0.988527918309892,0.9402515317017088,"[872,891,1913,1662,116,858,1538,1483,597,1493,806,366,1965,689,421,518,496,93,1689,1208,593,462,197,1799,1134,621,1512,1091,1185,261,1357,1416,1057,1127,984,1383,130,56,255,770,1760,22,779,896,1701]",0.95957365245047,0.949324144017441,0.8479115874528088,0.8509679960745066,0.8476818184685361,0.6861351405150192,0.8899531501491984,0.889196824535406,0.7218317387743058,Simulation scores compare against the stored generating trajectory.,0.960608587757525,0.6723156208311297,0.8883027070116208,0.945613471480152,0.858219890579266,0.8899531501491984,0.889196824535406,0.7218317387743058,success,,official R dyneval on exported dynwrap trajectories,"Saelens et al., Nature Biotechnology (2019), doi:10.1038/s41587-019-0071-9",v2.0,4.6.1,0.9.9,1.3.0,1.0.1,1.1.0,daeb26af7d40c21b32283af31beb17a8ee8c3c6f,319bcfe3a0e38af45f368d2a53146165416d1a8a,b6fa729b1bc531e179aec3f3d7aa14cd8ef2015e,63fb255c894df1ba6d72b50bd0fb02d78bcee2af,0.0,1.0,0.0,0.9566041422844426,True,True,True,simulation_pca50_neighbors30_umap3,4,log1p_if_max_gt|pca|neighbors|umap,59,2000x1000,2000x1000,"{""completed_before_inference"": true, ""input_shape"": [2000, 1000], ""input_x_max"": 9.393057564064714, ""input_x_min"": 0.0, ""model_coordinate_key_ready"": true, ""output_shape"": [2000, 1000], ""plot_coordinate_key_ready"": true, ""profile"": ""simulation_pca50_neighbors30_umap3"", ""random_seed"": 59, ""steps"": [{""operation"": ""log1p_if_max_gt"", ""parameters"": {""threshold"": 100}, ""status"": ""skipped_already_below_threshold""}, {""operation"": ""pca"", ""parameters"": {""n_comps"": 50, ""random_state"": 0, ""svd_solver"": ""arpack"", ""use_highly_variable"": false, ""zero_center"": true}, ""status"": ""applied""}, {""operation"": ""neighbors"", ""parameters"": {""method"": ""umap"", ""metric"": ""euclidean"", ""n_neighbors"": 30, ""n_pcs"": 30, ""random_state"": 0}, ""status"": ""applied""}, {""operation"": ""umap"", ""parameters"": {""a"": 0.5830300204883174, ""b"": 1.3341669924555197, ""n_components"": 3, ""preserve_existing"": false, ""random_state"": 0}, ""status"": ""applied""}]}"
19,60,60,20,gold_reference_simulation,stored_simulation_generating_trajectory,2,83,0.0037259292715289,0.9378805632615989,821,7.428057100001752,39.25915100000202,46.68720810000377,24.28960729999744,940.59375,137.36328125,"[872,1962,986,1584,821,858,1538,96,1168,663,79,410,716,1920,1132,911,1201,1879,1429,1785,1929,124,81,646,798,241,1706,930,511,199,1205,624,1594]","[872,1962,986,1584,821,858,1538,1483,597,258,1514,168,415,1374,876,93,1910,420,1543,1141,1210,882,775,1074,818,814,462,370,1150,185,1944,685,1512,1185,261,1218,1030,845,1416,84,1057,1951,1554,1194,1995,1617,1582,1809,651,733,1211,894,867,795,1942,576,1701]","[872,1962,986,1584,821,858,1538,96,1168,663,79,410,716,1920,1132,911,1201,1879,1429,1785,1929,124,81,646,798,241,1706,930,511,199,1205,624,1594]",0.9558050802080866,0.9871860381386904,0.9314990708808598,"[872,1962,986,1584,821,858,1538,1483,597,258,1514,168,415,1374,876,93,1910,420,1543,1141,1210,882,775,1074,818,814,462,370,1150,185,1944,685,1512,1185,261,1218,1030,845,1416,84,1057,1951,1554,1194,1995,1617,1582,1809,651,733,1211,894,867,795,1942,576,1701]",0.9632179907772176,0.9670497088906308,0.8810038488331771,0.9059987085543508,0.9075348796782146,0.7565454041807849,0.9336897247947752,0.9345411479368464,0.7869817036969805,Simulation scores compare against the stored generating trajectory.,0.9607652702096364,0.6931511691657094,0.8639751109438832,0.963777454670937,0.8629404216545706,0.9336897247947752,0.9345411479368464,0.7869817036969805,success,,official R dyneval on exported dynwrap trajectories,"Saelens et al., Nature Biotechnology (2019), doi:10.1038/s41587-019-0071-9",v2.0,4.6.1,0.9.9,1.3.0,1.0.1,1.1.0,daeb26af7d40c21b32283af31beb17a8ee8c3c6f,319bcfe3a0e38af45f368d2a53146165416d1a8a,b6fa729b1bc531e179aec3f3d7aa14cd8ef2015e,63fb255c894df1ba6d72b50bd0fb02d78bcee2af,0.0,1.0,0.0,0.9482873096435316,True,True,True,simulation_pca50_neighbors30_umap3,4,log1p_if_max_gt|pca|neighbors|umap,60,2000x1000,2000x1000,"{""completed_before_inference"": true, ""input_shape"": [2000, 1000], ""input_x_max"": 9.393057564064714, ""input_x_min"": 0.0, ""model_coordinate_key_ready"": true, ""output_shape"": [2000, 1000], ""plot_coordinate_key_ready"": true, ""profile"": ""simulation_pca50_neighbors30_umap3"", ""random_seed"": 60, ""steps"": [{""operation"": ""log1p_if_max_gt"", ""parameters"": {""threshold"": 100}, ""status"": ""skipped_already_below_threshold""}, {""operation"": ""pca"", ""parameters"": {""n_comps"": 50, ""random_state"": 0, ""svd_solver"": ""arpack"", ""use_highly_variable"": false, ""zero_center"": true}, ""status"": ""applied""}, {""operation"": ""neighbors"", ""parameters"": {""method"": ""umap"", ""metric"": ""euclidean"", ""n_neighbors"": 30, ""n_pcs"": 30, ""random_state"": 0}, ""status"": ""applied""}, {""operation"": ""umap"", ""parameters"": {""a"": 0.5830300204883174, ""b"": 1.3341669924555197, ""n_components"": 3, ""preserve_existing"": false, ""random_state"": 0}, ""status"": ""applied""}]}"
20,61,61,20,gold_reference_simulation,stored_simulation_generating_trajectory,2,92,0.0011849949800525,0.9760172240525438,242,7.42590189999828,39.91576709999936,47.34166899999764,24.19832479999968,883.734375,80.49609375,"[872,891,242,1293,1553,858,1538,1099,273,1840,1407,711,1463,1201,490,1080,348,825,359,1385,320,181,1791,683,1969,1993,1066,192,1596,1165,903,624,1594]","[872,891,242,1293,1553,858,1538,229,1445,1192,1624,1634,65,257,1710,1622,1167,1926,1757,1215,1746,1965,168,616,876,93,420,107,882,206,1764,565,1855,426,1292,661,455,621,1878,977,1504,735,58,1458,1847,1239,695,153,875,1189,1578,987,1416,84,1554,1194,1694,1214,328,1526,1434,956,1724,66,13,1701]","[872,891,242,1293,1553,858,1538,1099,273,1840,1407,711,1463,1201,490,1080,348,825,359,1385,320,181,1791,683,1969,1993,1066,192,1596,1165,903,624,1594]",0.9341831454522652,0.9855125814975588,0.9276258938709604,"[872,891,242,1293,1553,858,1538,229,1445,1192,1624,1634,65,257,1710,1622,1167,1926,1757,1215,1746,1965,168,616,876,93,420,107,882,206,1764,565,1855,426,1292,661,455,621,1878,977,1504,735,58,1458,1847,1239,695,153,875,1189,1578,987,1416,84,1554,1194,1694,1214,328,1526,1434,956,1724,66,13,1701]",0.9112265770075976,0.9051671019753952,0.7651300318937009,0.8244818621401602,0.8099589935010673,0.6320841789345749,0.8524033432554035,0.8467440520902156,0.668999834420866,Simulation scores compare against the stored generating trajectory.,0.9392640507521484,0.6543292150785547,0.8450804892538077,0.9628254559232268,0.8409252882842313,0.8524033432554035,0.8467440520902156,0.668999834420866,success,,official R dyneval on exported dynwrap trajectories,"Saelens et al., Nature Biotechnology (2019), doi:10.1038/s41587-019-0071-9",v2.0,4.6.1,0.9.9,1.3.0,1.0.1,1.1.0,daeb26af7d40c21b32283af31beb17a8ee8c3c6f,319bcfe3a0e38af45f368d2a53146165416d1a8a,b6fa729b1bc531e179aec3f3d7aa14cd8ef2015e,63fb255c894df1ba6d72b50bd0fb02d78bcee2af,0.0,1.0,0.0,0.964587883673608,True,True,True,simulation_pca50_neighbors30_umap3,4,log1p_if_max_gt|pca|neighbors|umap,61,2000x1000,2000x1000,"{""completed_before_inference"": true, ""input_shape"": [2000, 1000], ""input_x_max"": 9.393057564064714, ""input_x_min"": 0.0, ""model_coordinate_key_ready"": true, ""output_shape"": [2000, 1000], ""plot_coordinate_key_ready"": true, ""profile"": ""simulation_pca50_neighbors30_umap3"", ""random_seed"": 61, ""steps"": [{""operation"": ""log1p_if_max_gt"", ""parameters"": {""threshold"": 100}, ""status"": ""skipped_already_below_threshold""}, {""operation"": ""pca"", ""parameters"": {""n_comps"": 50, ""random_state"": 0, ""svd_solver"": ""arpack"", ""use_highly_variable"": false, ""zero_center"": true}, ""status"": ""applied""}, {""operation"": ""neighbors"", ""parameters"": {""method"": ""umap"", ""metric"": ""euclidean"", ""n_neighbors"": 30, ""n_pcs"": 30, ""random_state"": 0}, ""status"": ""applied""}, {""operation"": ""umap"", ""parameters"": {""a"": 0.5830300204883174, ""b"": 1.3341669924555197, ""n_components"": 3, ""preserve_existing"": false, ""random_state"": 0}, ""status"": ""applied""}]}"
21,62,62,20,gold_reference_simulation,stored_simulation_generating_trajectory,2,93,0.0004332622189678,0.9919280732913148,858,7.290537899996707,39.44100900000194,46.73154689999865,24.646619800001645,940.609375,137.359375,"[872,891,964,1662,1702,858,1538,96,477,1699,295,1868,1118,330,971,1879,348,668,1785,1081,124,577,1820,62,1583,544,1843,296,942,175,1184,1205,1552,1594]","[872,891,964,1662,1702,858,1538,650,1445,1339,1152,562,746,257,401,1567,902,1100,597,1318,1915,478,1838,874,496,1910,6,1890,1548,1543,107,882,593,136,197,1083,464,172,223,1243,299,690,1859,1518,1173,987,1416,1313,1495,961,1343,741,1503,552,336,1383,1460,237,1682,1035,1300,72,508,1613,840,1701]","[872,891,964,1662,1702,858,1538,96,477,1699,295,1868,1118,330,971,1879,348,668,1785,1081,124,577,1820,62,1583,544,1843,296,942,175,1184,1205,1552,1594]",0.9431370371020956,0.985741848348412,0.9233337671875512,"[872,891,964,1662,1702,858,1538,650,1445,1339,1152,562,746,257,401,1567,902,1100,597,1318,1915,478,1838,874,496,1910,6,1890,1548,1543,107,882,593,136,197,1083,464,172,223,1243,299,690,1859,1518,1173,987,1416,1313,1495,961,1343,741,1503,552,336,1383,1460,237,1682,1035,1300,72,508,1613,840,1701]",0.9135494603305389,0.8895264830630896,0.7536819965852319,0.8118672363754696,0.7972306919719884,0.6161330527248119,0.8476641259627099,0.8431832230596011,0.6621179874427995,Simulation scores compare against the stored generating trajectory.,0.9376137839896348,0.6619494211002878,0.8456313187582412,0.9667711826432984,0.8439921095145991,0.8476641259627099,0.8431832230596011,0.6621179874427995,success,,official R dyneval on exported dynwrap trajectories,"Saelens et al., Nature Biotechnology (2019), doi:10.1038/s41587-019-0071-9",v2.0,4.6.1,0.9.9,1.3.0,1.0.1,1.1.0,daeb26af7d40c21b32283af31beb17a8ee8c3c6f,319bcfe3a0e38af45f368d2a53146165416d1a8a,b6fa729b1bc531e179aec3f3d7aa14cd8ef2015e,63fb255c894df1ba6d72b50bd0fb02d78bcee2af,0.0,1.0,0.0,0.9621834987848998,True,True,True,simulation_pca50_neighbors30_umap3,4,log1p_if_max_gt|pca|neighbors|umap,62,2000x1000,2000x1000,"{""completed_before_inference"": true, ""input_shape"": [2000, 1000], ""input_x_max"": 9.393057564064714, ""input_x_min"": 0.0, ""model_coordinate_key_ready"": true, ""output_shape"": [2000, 1000], ""plot_coordinate_key_ready"": true, ""profile"": ""simulation_pca50_neighbors30_umap3"", ""random_seed"": 62, ""steps"": [{""operation"": ""log1p_if_max_gt"", ""parameters"": {""threshold"": 100}, ""status"": ""skipped_already_below_threshold""}, {""operation"": ""pca"", ""parameters"": {""n_comps"": 50, ""random_state"": 0, ""svd_solver"": ""arpack"", ""use_highly_variable"": false, ""zero_center"": true}, ""status"": ""applied""}, {""operation"": ""neighbors"", ""parameters"": {""method"": ""umap"", ""metric"": ""euclidean"", ""n_neighbors"": 30, ""n_pcs"": 30, ""random_state"": 0}, ""status"": ""applied""}, {""operation"": ""umap"", ""parameters"": {""a"": 0.5830300204883174, ""b"": 1.3341669924555197, ""n_components"": 3, ""preserve_existing"": false, ""random_state"": 0}, ""status"": ""applied""}]}"
22,63,63,20,gold_reference_simulation,stored_simulation_generating_trajectory,2,69,0.0012668994668552,0.9799450096277408,385,7.7077022999983456,45.59829880000325,53.3060011000016,25.764278400001785,927.97265625,124.71484375,"[872,385,1716,816,1553,858,1538,1099,1852,1481,1699,1638,810,254,1448,958,353,1345,1628,154,767,363,1276,38,836,305,1380,1457,1570,1907,1350,684,1706,797,1256,904,673,1205,1552,1594]","[872,385,1716,816,1553,858,1538,1602,562,391,194,1965,1321,1374,93,1144,202,775,1825,166,1954,1970,1159,987,1416,1057,1951,108,64,937,770,1760,823,1338,840,1701]","[872,385,1716,816,1553,858,1538,1099,1852,1481,1699,1638,810,254,1448,958,353,1345,1628,154,767,363,1276,38,836,305,1380,1457,1570,1907,1350,684,1706,797,1256,904,673,1205,1552,1594]",0.9447514148213302,0.987704187916658,0.930901030772833,"[872,385,1716,816,1553,858,1538,1602,562,391,194,1965,1321,1374,93,1144,202,775,1825,166,1954,1970,1159,987,1416,1057,1951,108,64,937,770,1760,823,1338,840,1701]",0.9469083970473652,0.9434190051646292,0.8267637606890176,0.8572432675650231,0.8733372646351709,0.7115589687817306,0.910281719833962,0.9067450760374702,0.7436781581276422,Simulation scores compare against the stored generating trajectory.,0.9265851444328448,0.6990710605038785,0.888239741080084,0.9484716965043356,0.8594889710594147,0.910281719833962,0.9067450760374702,0.7436781581276422,success,,official R dyneval on exported dynwrap trajectories,"Saelens et al., Nature Biotechnology (2019), doi:10.1038/s41587-019-0071-9",v2.0,4.6.1,0.9.9,1.3.0,1.0.1,1.1.0,daeb26af7d40c21b32283af31beb17a8ee8c3c6f,319bcfe3a0e38af45f368d2a53146165416d1a8a,b6fa729b1bc531e179aec3f3d7aa14cd8ef2015e,63fb255c894df1ba6d72b50bd0fb02d78bcee2af,0.0,1.0,0.0,0.9382014578761796,True,True,True,simulation_pca50_neighbors30_umap3,4,log1p_if_max_gt|pca|neighbors|umap,63,2000x1000,2000x1000,"{""completed_before_inference"": true, ""input_shape"": [2000, 1000], ""input_x_max"": 9.393057564064714, ""input_x_min"": 0.0, ""model_coordinate_key_ready"": true, ""output_shape"": [2000, 1000], ""plot_coordinate_key_ready"": true, ""profile"": ""simulation_pca50_neighbors30_umap3"", ""random_seed"": 63, ""steps"": [{""operation"": ""log1p_if_max_gt"", ""parameters"": {""threshold"": 100}, ""status"": ""skipped_already_below_threshold""}, {""operation"": ""pca"", ""parameters"": {""n_comps"": 50, ""random_state"": 0, ""svd_solver"": ""arpack"", ""use_highly_variable"": false, ""zero_center"": true}, ""status"": ""applied""}, {""operation"": ""neighbors"", ""parameters"": {""method"": ""umap"", ""metric"": ""euclidean"", ""n_neighbors"": 30, ""n_pcs"": 30, ""random_state"": 0}, ""status"": ""applied""}, {""operation"": ""umap"", ""parameters"": {""a"": 0.5830300204883174, ""b"": 1.3341669924555197, ""n_components"": 3, ""preserve_existing"": false, ""random_state"": 0}, ""status"": ""applied""}]}"
23,64,64,20,gold_reference_simulation,stored_simulation_generating_trajectory,2,81,0.0038017511619953,0.9284711669653302,208,7.201798800000688,40.9068213999999,48.10862020000059,23.3725857999998,940.75,137.46875,"[872,385,1716,208,383,858,1538,1135,1021,374,82,1329,1979,339,436,1448,219,1290,439,1879,1429,1500,1695,252,833,578,1791,1266,1675,1843,133,1027,1015,86,599,624,1594]","[872,385,1716,208,383,858,1538,1483,391,1100,1576,443,1493,1746,428,1649,478,1321,415,1719,1749,6,969,107,593,895,216,1110,185,1944,284,1560,1269,987,1416,1127,1610,552,1153,1782,696,727,1149,566,1835,1581,850,22,527,840,1701]","[872,385,1716,208,383,858,1538,1135,1021,374,82,1329,1979,339,436,1448,219,1290,439,1879,1429,1500,1695,252,833,578,1791,1266,1675,1843,133,1027,1015,86,599,624,1594]",0.9540406599821388,0.9881720208834168,0.9332619948383448,"[872,385,1716,208,383,858,1538,1483,391,1100,1576,443,1493,1746,428,1649,478,1321,415,1719,1749,6,969,107,593,895,216,1110,185,1944,284,1560,1269,987,1416,1127,1610,552,1153,1782,696,727,1149,566,1835,1581,850,22,527,840,1701]",0.9414115144423312,0.9264164183788984,0.8102071964218973,0.8599263190151735,0.8611907684993996,0.6881413182334927,0.8947297973510724,0.8921248807536352,0.7235749031733711,Simulation scores compare against the stored generating trajectory.,0.9494132985722368,0.6789017106324783,0.8872414082213083,0.9531288822239116,0.8592388625326668,0.8947297973510724,0.8921248807536352,0.7235749031733711,success,,official R dyneval on exported dynwrap trajectories,"Saelens et al., Nature Biotechnology (2019), doi:10.1038/s41587-019-0071-9",v2.0,4.6.1,0.9.9,1.3.0,1.0.1,1.1.0,daeb26af7d40c21b32283af31beb17a8ee8c3c6f,319bcfe3a0e38af45f368d2a53146165416d1a8a,b6fa729b1bc531e179aec3f3d7aa14cd8ef2015e,63fb255c894df1ba6d72b50bd0fb02d78bcee2af,0.0,1.0,0.0,0.925243351436442,True,True,True,simulation_pca50_neighbors30_umap3,4,log1p_if_max_gt|pca|neighbors|umap,64,2000x1000,2000x1000,"{""completed_before_inference"": true, ""input_shape"": [2000, 1000], ""input_x_max"": 9.393057564064714, ""input_x_min"": 0.0, ""model_coordinate_key_ready"": true, ""output_shape"": [2000, 1000], ""plot_coordinate_key_ready"": true, ""profile"": ""simulation_pca50_neighbors30_umap3"", ""random_seed"": 64, ""steps"": [{""operation"": ""log1p_if_max_gt"", ""parameters"": {""threshold"": 100}, ""status"": ""skipped_already_below_threshold""}, {""operation"": ""pca"", ""parameters"": {""n_comps"": 50, ""random_state"": 0, ""svd_solver"": ""arpack"", ""use_highly_variable"": false, ""zero_center"": true}, ""status"": ""applied""}, {""operation"": ""neighbors"", ""parameters"": {""method"": ""umap"", ""metric"": ""euclidean"", ""n_neighbors"": 30, ""n_pcs"": 30, ""random_state"": 0}, ""status"": ""applied""}, {""operation"": ""umap"", ""parameters"": {""a"": 0.5830300204883174, ""b"": 1.3341669924555197, ""n_components"": 3, ""preserve_existing"": false, ""random_state"": 0}, ""status"": ""applied""}]}"
24,65,65,20,gold_reference_simulation,stored_simulation_generating_trajectory,2,96,0.0010631267122679,0.9826196440093832,383,7.094039399999019,53.86667840000155,60.960717800000566,40.657609100002446,940.75,137.359375,"[872,891,1913,830,383,858,1538,236,1168,678,286,1698,179,1369,249,1780,1600,1268,668,1750,745,883,1907,1350,1583,1843,985,930,511,1953,723,1552,1594]","[872,891,1913,830,383,858,1538,1602,1547,1062,1567,391,1894,1382,1398,473,1925,898,243,582,1619,1688,1719,960,441,1959,1557,323,1952,1918,1148,1577,1536,1141,1210,796,565,818,452,311,225,1121,1086,1677,1025,685,1512,1977,1878,1159,987,1416,1908,856,269,945,1232,680,515,328,1694,308,1031,361,1238,1155,827,1444,1813,1701]","[872,891,1913,830,383,858,1538,236,1168,678,286,1698,179,1369,249,1780,1600,1268,668,1750,745,883,1907,1350,1583,1843,985,930,511,1953,723,1552,1594]",0.9570597996053376,0.988772828196561,0.9439901211276904,"[872,891,1913,830,383,858,1538,1602,1547,1062,1567,391,1894,1382,1398,473,1925,898,243,582,1619,1688,1719,960,441,1959,1557,323,1952,1918,1148,1577,1536,1141,1210,796,565,818,452,311,225,1121,1086,1677,1025,685,1512,1977,1878,1159,987,1416,1908,856,269,945,1232,680,515,328,1694,308,1031,361,1238,1155,827,1444,1813,1701]",0.9077582502699936,0.879011890434041,0.7526008564360513,0.8184075230824945,0.7948287403333845,0.6207174624965809,0.8479743873393671,0.8439477580471456,0.66398525438568,Simulation scores compare against the stored generating trajectory.,0.9427941391780402,0.666994774010993,0.8278875066748596,0.95006482522828,0.8386214536573022,0.8479743873393671,0.8439477580471456,0.66398525438568,success,,official R dyneval on exported dynwrap trajectories,"Saelens et al., Nature Biotechnology (2019), doi:10.1038/s41587-019-0071-9",v2.0,4.6.1,0.9.9,1.3.0,1.0.1,1.1.0,daeb26af7d40c21b32283af31beb17a8ee8c3c6f,319bcfe3a0e38af45f368d2a53146165416d1a8a,b6fa729b1bc531e179aec3f3d7aa14cd8ef2015e,63fb255c894df1ba6d72b50bd0fb02d78bcee2af,0.0,1.0,0.0,0.9529404953664856,True,True,True,simulation_pca50_neighbors30_umap3,4,log1p_if_max_gt|pca|neighbors|umap,65,2000x1000,2000x1000,"{""completed_before_inference"": true, ""input_shape"": [2000, 1000], ""input_x_max"": 9.393057564064714, ""input_x_min"": 0.0, ""model_coordinate_key_ready"": true, ""output_shape"": [2000, 1000], ""plot_coordinate_key_ready"": true, ""profile"": ""simulation_pca50_neighbors30_umap3"", ""random_seed"": 65, ""steps"": [{""operation"": ""log1p_if_max_gt"", ""parameters"": {""threshold"": 100}, ""status"": ""skipped_already_below_threshold""}, {""operation"": ""pca"", ""parameters"": {""n_comps"": 50, ""random_state"": 0, ""svd_solver"": ""arpack"", ""use_highly_variable"": false, ""zero_center"": true}, ""status"": ""applied""}, {""operation"": ""neighbors"", ""parameters"": {""method"": ""umap"", ""metric"": ""euclidean"", ""n_neighbors"": 30, ""n_pcs"": 30, ""random_state"": 0}, ""status"": ""applied""}, {""operation"": ""umap"", ""parameters"": {""a"": 0.5830300204883174, ""b"": 1.3341669924555197, ""n_components"": 3, ""preserve_existing"": false, ""random_state"": 0}, ""status"": ""applied""}]}"
25,66,66,20,gold_reference_simulation,stored_simulation_generating_trajectory,2,83,0.0032478965230235,0.9663201267540298,242,8.746741499999189,47.61031749999893,56.35705899999812,25.654343700000027,940.77734375,137.359375,"[872,891,242,816,1702,858,1538,650,480,1349,678,286,1247,276,1309,169,1461,1419,211,748,1532,110,359,836,1446,252,1408,555,18,70,1561,1389,245,1678,683,1354,1513,544,241,203,1806,786,200,476,1707,1014,1751,862,1594]","[872,891,242,816,1702,858,1538,1483,597,151,1592,1746,582,1619,26,1719,93,1689,882,917,426,776,1841,743,685,1512,1185,329,987,1416,1807,1442,747,390,909,113,1760,49,186,13,1701]","[872,891,242,816,1702,858,1538,650,480,1349,678,286,1247,276,1309,169,1461,1419,211,748,1532,110,359,836,1446,252,1408,555,18,70,1561,1389,245,1678,683,1354,1513,544,241,203,1806,786,200,476,1707,1014,1751,862,1594]",0.9449564474705866,0.9938371591873242,0.9544439039326024,"[872,891,242,816,1702,858,1538,1483,597,151,1592,1746,582,1619,26,1719,93,1689,882,917,426,776,1841,743,685,1512,1185,329,987,1416,1807,1442,747,390,909,113,1760,49,186,13,1701]",0.9528188767277936,0.9518258075723864,0.84664565539976,0.8078655226245859,0.8218157327885814,0.6586238641667485,0.8246375214551357,0.8193086586877639,0.642654681774082,Simulation scores compare against the stored generating trajectory.,0.9378876930384592,0.7076191694016394,0.8931556063227541,0.9602278413140716,0.8685862744373003,0.8246375214551357,0.8193086586877639,0.642654681774082,success,,official R dyneval on exported dynwrap trajectories,"Saelens et al., Nature Biotechnology (2019), doi:10.1038/s41587-019-0071-9",v2.0,4.6.1,0.9.9,1.3.0,1.0.1,1.1.0,daeb26af7d40c21b32283af31beb17a8ee8c3c6f,319bcfe3a0e38af45f368d2a53146165416d1a8a,b6fa729b1bc531e179aec3f3d7aa14cd8ef2015e,63fb255c894df1ba6d72b50bd0fb02d78bcee2af,0.0,1.0,0.0,0.8862910246912916,True,True,True,simulation_pca50_neighbors30_umap3,4,log1p_if_max_gt|pca|neighbors|umap,66,2000x1000,2000x1000,"{""completed_before_inference"": true, ""input_shape"": [2000, 1000], ""input_x_max"": 9.393057564064714, ""input_x_min"": 0.0, ""model_coordinate_key_ready"": true, ""output_shape"": [2000, 1000], ""plot_coordinate_key_ready"": true, ""profile"": ""simulation_pca50_neighbors30_umap3"", ""random_seed"": 66, ""steps"": [{""operation"": ""log1p_if_max_gt"", ""parameters"": {""threshold"": 100}, ""status"": ""skipped_already_below_threshold""}, {""operation"": ""pca"", ""parameters"": {""n_comps"": 50, ""random_state"": 0, ""svd_solver"": ""arpack"", ""use_highly_variable"": false, ""zero_center"": true}, ""status"": ""applied""}, {""operation"": ""neighbors"", ""parameters"": {""method"": ""umap"", ""metric"": ""euclidean"", ""n_neighbors"": 30, ""n_pcs"": 30, ""random_state"": 0}, ""status"": ""applied""}, {""operation"": ""umap"", ""parameters"": {""a"": 0.5830300204883174, ""b"": 1.3341669924555197, ""n_components"": 3, ""preserve_existing"": false, ""random_state"": 0}, ""status"": ""applied""}]}"
26,67,67,20,gold_reference_simulation,stored_simulation_generating_trajectory,2,75,0.0043519629053941,0.9409915532541274,383,7.883353299999726,40.20960760000162,48.092960900001344,25.49029020000308,941.1875,137.73828125,"[872,1336,964,1662,383,858,1538,174,1964,1174,888,1462,711,1463,890,629,1628,60,668,1276,745,1048,70,412,1550,1491,1824,1993,1066,35,511,1953,1939,1291,1251,1594]","[872,1336,964,1662,383,858,1538,1747,1128,401,1580,1100,902,391,194,1915,402,415,1719,93,1144,882,1738,1764,1825,36,15,1954,1970,1159,987,1416,587,1057,787,1659,1635,1275,940,104,1355,233,66,139,1586,1701]","[872,1336,964,1662,383,858,1538,174,1964,1174,888,1462,711,1463,890,629,1628,60,668,1276,745,1048,70,412,1550,1491,1824,1993,1066,35,511,1953,1939,1291,1251,1594]",0.9371863741877776,0.9885182770190352,0.936864070030592,"[872,1336,964,1662,383,858,1538,1747,1128,401,1580,1100,902,391,194,1915,402,415,1719,93,1144,882,1738,1764,1825,36,15,1954,1970,1159,987,1416,587,1057,787,1659,1635,1275,940,104,1355,233,66,139,1586,1701]",0.9296277474408056,0.9166067877664652,0.7866092094730713,0.8361228424783312,0.8349462452394067,0.6650205658583529,0.8872756954623919,0.8792501783209747,0.7148561027933444,Simulation scores compare against the stored generating trajectory.,0.9359911206676856,0.670486176725242,0.8900177648894523,0.9449140095297393,0.8523405101890044,0.8872756954623919,0.8792501783209747,0.7148561027933444,success,,official R dyneval on exported dynwrap trajectories,"Saelens et al., Nature Biotechnology (2019), doi:10.1038/s41587-019-0071-9",v2.0,4.6.1,0.9.9,1.3.0,1.0.1,1.1.0,daeb26af7d40c21b32283af31beb17a8ee8c3c6f,319bcfe3a0e38af45f368d2a53146165416d1a8a,b6fa729b1bc531e179aec3f3d7aa14cd8ef2015e,63fb255c894df1ba6d72b50bd0fb02d78bcee2af,0.0,1.0,0.0,0.8851028596914303,True,True,True,simulation_pca50_neighbors30_umap3,4,log1p_if_max_gt|pca|neighbors|umap,67,2000x1000,2000x1000,"{""completed_before_inference"": true, ""input_shape"": [2000, 1000], ""input_x_max"": 9.393057564064714, ""input_x_min"": 0.0, ""model_coordinate_key_ready"": true, ""output_shape"": [2000, 1000], ""plot_coordinate_key_ready"": true, ""profile"": ""simulation_pca50_neighbors30_umap3"", ""random_seed"": 67, ""steps"": [{""operation"": ""log1p_if_max_gt"", ""parameters"": {""threshold"": 100}, ""status"": ""skipped_already_below_threshold""}, {""operation"": ""pca"", ""parameters"": {""n_comps"": 50, ""random_state"": 0, ""svd_solver"": ""arpack"", ""use_highly_variable"": false, ""zero_center"": true}, ""status"": ""applied""}, {""operation"": ""neighbors"", ""parameters"": {""method"": ""umap"", ""metric"": ""euclidean"", ""n_neighbors"": 30, ""n_pcs"": 30, ""random_state"": 0}, ""status"": ""applied""}, {""operation"": ""umap"", ""parameters"": {""a"": 0.5830300204883174, ""b"": 1.3341669924555197, ""n_components"": 3, ""preserve_existing"": false, ""random_state"": 0}, ""status"": ""applied""}]}"
27,68,68,20,gold_reference_simulation,stored_simulation_generating_trajectory,2,73,0.0058385767562721,0.8470830769269436,383,7.742080799998803,39.75483309999981,47.49691389999862,24.907734100001107,947.48046875,143.6484375,"[872,891,1913,830,383,858,1538,174,640,1174,1699,295,1204,921,556,1461,1419,154,348,1380,1457,288,718,829,1186,1675,1843,1759,950,705,723,1552,1594]","[872,891,1913,830,383,858,1538,33,1154,853,151,1592,194,1965,402,268,1394,874,1749,93,1689,882,593,814,216,1650,1110,1181,1083,284,1878,1159,845,1416,516,1057,647,228,1694,727,1627,361,1238,948,536,334,1701]","[872,891,1913,830,383,858,1538,174,640,1174,1699,295,1204,921,556,1461,1419,154,348,1380,1457,288,718,829,1186,1675,1843,1759,950,705,723,1552,1594]",0.955301034711012,0.9882713435223892,0.9372299900345346,"[872,891,1913,830,383,858,1538,33,1154,853,151,1592,194,1965,402,268,1394,874,1749,93,1689,882,593,814,216,1650,1110,1181,1083,284,1878,1159,845,1416,516,1057,647,228,1694,727,1627,361,1238,948,536,334,1701]",0.9351872030171712,0.9287052128263694,0.8065421307105632,0.8583434698808052,0.8514930221899936,0.6831285111756992,0.9163996239292082,0.9226950782765636,0.771712119694754,Simulation scores compare against the stored generating trajectory.,0.9542791078949728,0.6690520693484694,0.8755923408557648,0.9455679068650948,0.8526729837461099,0.9163996239292082,0.9226950782765636,0.771712119694754,success,,official R dyneval on exported dynwrap trajectories,"Saelens et al., Nature Biotechnology (2019), doi:10.1038/s41587-019-0071-9",v2.0,4.6.1,0.9.9,1.3.0,1.0.1,1.1.0,daeb26af7d40c21b32283af31beb17a8ee8c3c6f,319bcfe3a0e38af45f368d2a53146165416d1a8a,b6fa729b1bc531e179aec3f3d7aa14cd8ef2015e,63fb255c894df1ba6d72b50bd0fb02d78bcee2af,0.0,1.0,0.0,0.957408280104044,True,True,True,simulation_pca50_neighbors30_umap3,4,log1p_if_max_gt|pca|neighbors|umap,68,2000x1000,2000x1000,"{""completed_before_inference"": true, ""input_shape"": [2000, 1000], ""input_x_max"": 9.393057564064714, ""input_x_min"": 0.0, ""model_coordinate_key_ready"": true, ""output_shape"": [2000, 1000], ""plot_coordinate_key_ready"": true, ""profile"": ""simulation_pca50_neighbors30_umap3"", ""random_seed"": 68, ""steps"": [{""operation"": ""log1p_if_max_gt"", ""parameters"": {""threshold"": 100}, ""status"": ""skipped_already_below_threshold""}, {""operation"": ""pca"", ""parameters"": {""n_comps"": 50, ""random_state"": 0, ""svd_solver"": ""arpack"", ""use_highly_variable"": false, ""zero_center"": true}, ""status"": ""applied""}, {""operation"": ""neighbors"", ""parameters"": {""method"": ""umap"", ""metric"": ""euclidean"", ""n_neighbors"": 30, ""n_pcs"": 30, ""random_state"": 0}, ""status"": ""applied""}, {""operation"": ""umap"", ""parameters"": {""a"": 0.5830300204883174, ""b"": 1.3341669924555197, ""n_components"": 3, ""preserve_existing"": false, ""random_state"": 0}, ""status"": ""applied""}]}"
28,69,69,20,gold_reference_simulation,stored_simulation_generating_trajectory,2,84,0.0043764521939405,0.9235787434608076,116,7.63887369999793,45.70971809999901,53.34859179999694,32.761164599996846,924.484375,120.65234375,"[872,385,964,1662,116,858,1538,780,1606,1021,82,1069,1733,1857,1568,754,490,1080,1429,668,173,1351,718,152,646,684,241,133,1671,744,915,599,1552,1594]","[872,385,964,1662,116,858,1538,1483,853,85,725,799,137,1111,1330,1261,1525,421,815,635,1763,1426,873,333,1473,1689,190,1786,1764,136,778,1544,497,15,685,1512,563,425,1357,1416,667,787,269,1194,1694,308,1455,1648,666,113,1244,503,50,657,779,576,1701]","[872,385,964,1662,116,858,1538,780,1606,1021,82,1069,1733,1857,1568,754,490,1080,1429,668,173,1351,718,152,646,684,241,133,1671,744,915,599,1552,1594]",0.9546315358189662,0.9885889712526844,0.9381501016722488,"[872,385,964,1662,116,858,1538,1483,853,85,725,799,137,1111,1330,1261,1525,421,815,635,1763,1426,873,333,1473,1689,190,1786,1764,136,778,1544,497,15,685,1512,563,425,1357,1416,667,787,269,1194,1694,308,1455,1648,666,113,1244,503,50,657,779,576,1701]",0.9473141921837034,0.9280509421873632,0.8234374001355187,0.8660247795151316,0.8513423687624266,0.6881592620082609,0.891316201130937,0.8910521023572482,0.7188137300682759,Simulation scores compare against the stored generating trajectory.,0.958105270044642,0.6848018188224374,0.8789193524537071,0.9509693803165872,0.8605446792483987,0.891316201130937,0.8910521023572482,0.7188137300682759,success,,official R dyneval on exported dynwrap trajectories,"Saelens et al., Nature Biotechnology (2019), doi:10.1038/s41587-019-0071-9",v2.0,4.6.1,0.9.9,1.3.0,1.0.1,1.1.0,daeb26af7d40c21b32283af31beb17a8ee8c3c6f,319bcfe3a0e38af45f368d2a53146165416d1a8a,b6fa729b1bc531e179aec3f3d7aa14cd8ef2015e,63fb255c894df1ba6d72b50bd0fb02d78bcee2af,0.0,1.0,0.0,0.9532490456528842,True,True,True,simulation_pca50_neighbors30_umap3,4,log1p_if_max_gt|pca|neighbors|umap,69,2000x1000,2000x1000,"{""completed_before_inference"": true, ""input_shape"": [2000, 1000], ""input_x_max"": 9.393057564064714, ""input_x_min"": 0.0, ""model_coordinate_key_ready"": true, ""output_shape"": [2000, 1000], ""plot_coordinate_key_ready"": true, ""profile"": ""simulation_pca50_neighbors30_umap3"", ""random_seed"": 69, ""steps"": [{""operation"": ""log1p_if_max_gt"", ""parameters"": {""threshold"": 100}, ""status"": ""skipped_already_below_threshold""}, {""operation"": ""pca"", ""parameters"": {""n_comps"": 50, ""random_state"": 0, ""svd_solver"": ""arpack"", ""use_highly_variable"": false, ""zero_center"": true}, ""status"": ""applied""}, {""operation"": ""neighbors"", ""parameters"": {""method"": ""umap"", ""metric"": ""euclidean"", ""n_neighbors"": 30, ""n_pcs"": 30, ""random_state"": 0}, ""status"": ""applied""}, {""operation"": ""umap"", ""parameters"": {""a"": 0.5830300204883174, ""b"": 1.3341669924555197, ""n_components"": 3, ""preserve_existing"": false, ""random_state"": 0}, ""status"": ""applied""}]}"
29,70,70,20,gold_reference_simulation,stored_simulation_generating_trajectory,2,87,0.0011333817124849,0.9843244027211108,816,12.331681800002116,46.9336097000014,59.26529150000352,25.63513349999993,945.4609375,141.62890625,"[872,1336,1716,816,1702,858,1538,780,1349,1071,663,295,974,1448,958,1221,215,581,348,1882,1637,1081,1308,1296,1350,40,241,1140,1478,664,101,1184,1517,1251,1594]","[872,1336,1716,816,1702,858,1538,1483,853,85,639,1493,1746,1111,582,1619,1830,1719,960,1763,420,190,1208,593,136,1016,1181,1110,661,1742,1889,1753,214,1161,180,1439,226,690,691,80,1515,1453,458,987,1416,1057,1631,945,1948,64,940,900,1120,733,1732,1916,1129,896,1701]","[872,1336,1716,816,1702,858,1538,780,1349,1071,663,295,974,1448,958,1221,215,581,348,1882,1637,1081,1308,1296,1350,40,241,1140,1478,664,101,1184,1517,1251,1594]",0.9559370719407516,0.9891196419642768,0.9383103135806954,"[872,1336,1716,816,1702,858,1538,1483,853,85,639,1493,1746,1111,582,1619,1830,1719,960,1763,420,190,1208,593,136,1016,1181,1110,661,1742,1889,1753,214,1161,180,1439,226,690,691,80,1515,1453,458,987,1416,1057,1631,945,1948,64,940,900,1120,733,1732,1916,1129,896,1701]",0.9550096231694104,0.9556545836525768,0.8549372701130997,0.8776362281745171,0.8757980851676302,0.7104026790539736,0.8952661106227134,0.90147212987613,0.7357590496218356,Simulation scores compare against the stored generating trajectory.,0.9559225444227032,0.6884160831727197,0.8700467706390349,0.962344885703034,0.8615624518874261,0.8952661106227134,0.90147212987613,0.7357590496218356,success,,official R dyneval on exported dynwrap trajectories,"Saelens et al., Nature Biotechnology (2019), doi:10.1038/s41587-019-0071-9",v2.0,4.6.1,0.9.9,1.3.0,1.0.1,1.1.0,daeb26af7d40c21b32283af31beb17a8ee8c3c6f,319bcfe3a0e38af45f368d2a53146165416d1a8a,b6fa729b1bc531e179aec3f3d7aa14cd8ef2015e,63fb255c894df1ba6d72b50bd0fb02d78bcee2af,0.0,1.0,0.0,0.9502714399944928,True,True,True,simulation_pca50_neighbors30_umap3,4,log1p_if_max_gt|pca|neighbors|umap,70,2000x1000,2000x1000,"{""completed_before_inference"": true, ""input_shape"": [2000, 1000], ""input_x_max"": 9.393057564064714, ""input_x_min"": 0.0, ""model_coordinate_key_ready"": true, ""output_shape"": [2000, 1000], ""plot_coordinate_key_ready"": true, ""profile"": ""simulation_pca50_neighbors30_umap3"", ""random_seed"": 70, ""steps"": [{""operation"": ""log1p_if_max_gt"", ""parameters"": {""threshold"": 100}, ""status"": ""skipped_already_below_threshold""}, {""operation"": ""pca"", ""parameters"": {""n_comps"": 50, ""random_state"": 0, ""svd_solver"": ""arpack"", ""use_highly_variable"": false, ""zero_center"": true}, ""status"": ""applied""}, {""operation"": ""neighbors"", ""parameters"": {""method"": ""umap"", ""metric"": ""euclidean"", ""n_neighbors"": 30, ""n_pcs"": 30, ""random_state"": 0}, ""status"": ""applied""}, {""operation"": ""umap"", ""parameters"": {""a"": 0.5830300204883174, ""b"": 1.3341669924555197, ""n_components"": 3, ""preserve_existing"": false, ""random_state"": 0}, ""status"": ""applied""}]}"
30,71,71,20,gold_reference_simulation,stored_simulation_generating_trajectory,2,92,0.0046525305083487,0.9513390090333936,858,11.65242009999929,88.40324709999913,100.05566719999842,39.33408930000223,864.91015625,61.07421875,"[872,1962,986,1104,1657,1274,858,1538,1101,477,1699,1638,974,1448,1164,353,1345,581,348,668,1276,745,1643,274,1041,40,241,133,797,1015,1337,886,1511,1594]","[872,1962,986,1104,1657,1274,858,1538,1747,1128,746,150,1580,824,597,258,1649,126,1870,1727,405,371,1414,1386,1033,1394,1374,93,1689,881,796,1475,1384,452,136,185,1825,166,284,1831,1269,261,987,1416,587,1983,1789,1127,1807,844,972,1554,1635,1467,97,1849,104,1242,606,1527,397,504,1156,1666,13,1701]","[872,1962,986,1104,1657,1274,858,1538,1101,477,1699,1638,974,1448,1164,353,1345,581,348,668,1276,745,1643,274,1041,40,241,133,797,1015,1337,886,1511,1594]",0.957973474738434,0.9830863769103728,0.9229653600144616,"[872,1962,986,1104,1657,1274,858,1538,1747,1128,746,150,1580,824,597,258,1649,126,1870,1727,405,371,1414,1386,1033,1394,1374,93,1689,881,796,1475,1384,452,136,185,1825,166,284,1831,1269,261,987,1416,587,1983,1789,1127,1807,844,972,1554,1635,1467,97,1849,104,1242,606,1527,397,504,1156,1666,13,1701]",0.9298738135311284,0.9187103476608812,0.785339451354155,0.8586716966166391,0.8551800773785462,0.6813240960658469,0.8578028858312323,0.867995132490835,0.6960157081616839,Simulation scores compare against the stored generating trajectory.,0.945008571758631,0.6629834771471033,0.838518631836195,0.9563334867820112,0.8419089634354805,0.8578028858312323,0.867995132490835,0.6960157081616839,success,,official R dyneval on exported dynwrap trajectories,"Saelens et al., Nature Biotechnology (2019), doi:10.1038/s41587-019-0071-9",v2.0,4.6.1,0.9.9,1.3.0,1.0.1,1.1.0,daeb26af7d40c21b32283af31beb17a8ee8c3c6f,319bcfe3a0e38af45f368d2a53146165416d1a8a,b6fa729b1bc531e179aec3f3d7aa14cd8ef2015e,63fb255c894df1ba6d72b50bd0fb02d78bcee2af,0.0,1.0,0.0,0.9478983217911288,True,True,True,simulation_pca50_neighbors30_umap3,4,log1p_if_max_gt|pca|neighbors|umap,71,2000x1000,2000x1000,"{""completed_before_inference"": true, ""input_shape"": [2000, 1000], ""input_x_max"": 9.393057564064714, ""input_x_min"": 0.0, ""model_coordinate_key_ready"": true, ""output_shape"": [2000, 1000], ""plot_coordinate_key_ready"": true, ""profile"": ""simulation_pca50_neighbors30_umap3"", ""random_seed"": 71, ""steps"": [{""operation"": ""log1p_if_max_gt"", ""parameters"": {""threshold"": 100}, ""status"": ""skipped_already_below_threshold""}, {""operation"": ""pca"", ""parameters"": {""n_comps"": 50, ""random_state"": 0, ""svd_solver"": ""arpack"", ""use_highly_variable"": false, ""zero_center"": true}, ""status"": ""applied""}, {""operation"": ""neighbors"", ""parameters"": {""method"": ""umap"", ""metric"": ""euclidean"", ""n_neighbors"": 30, ""n_pcs"": 30, ""random_state"": 0}, ""status"": ""applied""}, {""operation"": ""umap"", ""parameters"": {""a"": 0.5830300204883174, ""b"": 1.3341669924555197, ""n_components"": 3, ""preserve_existing"": false, ""random_state"": 0}, ""status"": ""applied""}]}"
31,72,72,20,gold_reference_simulation,stored_simulation_generating_trajectory,2,100,0.0011149027238089,0.980578251964456,383,12.228466600001411,80.27189870000075,92.50036530000216,41.1986324999998,864.91796875,61.06640625,"[872,1336,1913,1246,383,858,1538,1099,273,82,1069,711,911,971,1879,348,110,1750,883,1907,1041,1583,684,1706,797,1256,1337,1552,1594]","[872,1336,1913,1246,383,858,1538,33,1154,1580,217,1100,1054,466,923,1215,76,126,1649,428,1754,417,405,1572,1399,1597,1607,616,26,1946,421,612,93,1372,94,1473,877,1720,381,593,1396,1764,818,1379,419,280,1028,87,621,1504,1253,270,1315,682,16,951,450,679,1402,19,1357,1416,1197,741,90,1471,228,747,1995,390,1042,113,808,119,294,186,576,1701]","[872,1336,1913,1246,383,858,1538,1099,273,82,1069,711,911,971,1879,348,110,1750,883,1907,1041,1583,684,1706,797,1256,1337,1552,1594]",0.9491115451576932,0.979392504680881,0.907407825344221,"[872,1336,1913,1246,383,858,1538,33,1154,1580,217,1100,1054,466,923,1215,76,126,1649,428,1754,417,405,1572,1399,1597,1607,616,26,1946,421,612,93,1372,94,1473,877,1720,381,593,1396,1764,818,1379,419,280,1028,87,621,1504,1253,270,1315,682,16,951,450,679,1402,19,1357,1416,1197,741,90,1471,228,747,1995,390,1042,113,808,119,294,186,576,1701]",0.9052475827507892,0.8846277676290493,0.7521084267096817,0.8142013118618115,0.8036887519153255,0.6283043800691336,0.8413309271208207,0.8448696870349639,0.6674186611988843,Simulation scores compare against the stored generating trajectory.,0.9337613560317216,0.6647547085792805,0.7985565659920946,0.956799135686714,0.8298621263765195,0.8413309271208207,0.8448696870349639,0.6674186611988843,success,,official R dyneval on exported dynwrap trajectories,"Saelens et al., Nature Biotechnology (2019), doi:10.1038/s41587-019-0071-9",v2.0,4.6.1,0.9.9,1.3.0,1.0.1,1.1.0,daeb26af7d40c21b32283af31beb17a8ee8c3c6f,319bcfe3a0e38af45f368d2a53146165416d1a8a,b6fa729b1bc531e179aec3f3d7aa14cd8ef2015e,63fb255c894df1ba6d72b50bd0fb02d78bcee2af,0.0,1.0,0.0,0.9621565318324116,True,True,True,simulation_pca50_neighbors30_umap3,4,log1p_if_max_gt|pca|neighbors|umap,72,2000x1000,2000x1000,"{""completed_before_inference"": true, ""input_shape"": [2000, 1000], ""input_x_max"": 9.393057564064714, ""input_x_min"": 0.0, ""model_coordinate_key_ready"": true, ""output_shape"": [2000, 1000], ""plot_coordinate_key_ready"": true, ""profile"": ""simulation_pca50_neighbors30_umap3"", ""random_seed"": 72, ""steps"": [{""operation"": ""log1p_if_max_gt"", ""parameters"": {""threshold"": 100}, ""status"": ""skipped_already_below_threshold""}, {""operation"": ""pca"", ""parameters"": {""n_comps"": 50, ""random_state"": 0, ""svd_solver"": ""arpack"", ""use_highly_variable"": false, ""zero_center"": true}, ""status"": ""applied""}, {""operation"": ""neighbors"", ""parameters"": {""method"": ""umap"", ""metric"": ""euclidean"", ""n_neighbors"": 30, ""n_pcs"": 30, ""random_state"": 0}, ""status"": ""applied""}, {""operation"": ""umap"", ""parameters"": {""a"": 0.5830300204883174, ""b"": 1.3341669924555197, ""n_components"": 3, ""preserve_existing"": false, ""random_state"": 0}, ""status"": ""applied""}]}"
32,73,73,20,gold_reference_simulation,stored_simulation_generating_trajectory,2,78,0.0024639459423064,0.960941599749669,636,12.474235500001669,97.5526553000018,110.02689080000346,35.25620540000091,941.21484375,137.36328125,"[872,801,636,1487,1662,1702,858,1538,1101,1174,1481,1699,1979,941,1108,847,1698,179,1309,765,247,377,1002,211,748,1076,751,1888,1535,1643,1907,805,1270,544,8,99,2,1933,199,723,1552,1594]","[872,801,636,1487,1662,1702,858,1538,1483,391,218,1592,1746,126,478,1321,1374,93,1144,420,1372,94,206,593,1764,462,166,1206,1443,1970,1159,845,1416,1924,1975,1460,1422,1796,1279,1835,1241,1949,1897,1701]","[872,801,636,1487,1662,1702,858,1538,1101,1174,1481,1699,1979,941,1108,847,1698,179,1309,765,247,377,1002,211,748,1076,751,1888,1535,1643,1907,805,1270,544,8,99,2,1933,199,723,1552,1594]",0.9463660664935688,0.987875236300904,0.9332196370117658,"[872,801,636,1487,1662,1702,858,1538,1483,391,218,1592,1746,126,478,1321,1374,93,1144,420,1372,94,206,593,1764,462,166,1206,1443,1970,1159,845,1416,1924,1975,1460,1422,1796,1279,1835,1241,1949,1897,1701]",0.9379909029614144,0.926371932134064,0.8152637782665874,0.8430942732344834,0.833062174059145,0.671364208742615,0.8840120214687441,0.8847016684943049,0.7086543638049068,Simulation scores compare against the stored generating trajectory.,0.9510349202114124,0.6782636293634273,0.8930842467487979,0.9540482497062636,0.8610223806795338,0.8840120214687441,0.8847016684943049,0.7086543638049068,success,,official R dyneval on exported dynwrap trajectories,"Saelens et al., Nature Biotechnology (2019), doi:10.1038/s41587-019-0071-9",v2.0,4.6.1,0.9.9,1.3.0,1.0.1,1.1.0,daeb26af7d40c21b32283af31beb17a8ee8c3c6f,319bcfe3a0e38af45f368d2a53146165416d1a8a,b6fa729b1bc531e179aec3f3d7aa14cd8ef2015e,63fb255c894df1ba6d72b50bd0fb02d78bcee2af,0.0,1.0,0.0,0.955059168396112,True,True,True,simulation_pca50_neighbors30_umap3,4,log1p_if_max_gt|pca|neighbors|umap,73,2000x1000,2000x1000,"{""completed_before_inference"": true, ""input_shape"": [2000, 1000], ""input_x_max"": 9.393057564064714, ""input_x_min"": 0.0, ""model_coordinate_key_ready"": true, ""output_shape"": [2000, 1000], ""plot_coordinate_key_ready"": true, ""profile"": ""simulation_pca50_neighbors30_umap3"", ""random_seed"": 73, ""steps"": [{""operation"": ""log1p_if_max_gt"", ""parameters"": {""threshold"": 100}, ""status"": ""skipped_already_below_threshold""}, {""operation"": ""pca"", ""parameters"": {""n_comps"": 50, ""random_state"": 0, ""svd_solver"": ""arpack"", ""use_highly_variable"": false, ""zero_center"": true}, ""status"": ""applied""}, {""operation"": ""neighbors"", ""parameters"": {""method"": ""umap"", ""metric"": ""euclidean"", ""n_neighbors"": 30, ""n_pcs"": 30, ""random_state"": 0}, ""status"": ""applied""}, {""operation"": ""umap"", ""parameters"": {""a"": 0.5830300204883174, ""b"": 1.3341669924555197, ""n_components"": 3, ""preserve_existing"": false, ""random_state"": 0}, ""status"": ""applied""}]}"
33,74,74,20,gold_reference_simulation,stored_simulation_generating_trajectory,2,72,0.003696475074005,0.9405991174253888,622,11.256137500000476,80.80125019999832,92.0573876999988,24.70228209999913,942.26171875,138.40625,"[872,1336,964,622,931,1029,858,1538,279,1298,730,1329,810,254,1448,219,992,301,706,1268,1267,1081,1308,1907,1350,40,241,985,1671,744,1953,1291,1552,1594]","[872,1336,964,622,931,1029,858,1538,1483,597,7,1915,988,402,415,1374,93,1473,1208,107,1396,895,197,36,1977,1878,1560,1269,987,1416,84,90,1480,336,1782,1149,501,1455,543,1283,1966,1664,1724,294,13,1701]","[872,1336,964,622,931,1029,858,1538,279,1298,730,1329,810,254,1448,219,992,301,706,1268,1267,1081,1308,1907,1350,40,241,985,1671,744,1953,1291,1552,1594]",0.9668086488473394,0.9828442460884768,0.922755603935665,"[872,1336,964,622,931,1029,858,1538,1483,597,7,1915,988,402,415,1374,93,1473,1208,107,1396,895,197,36,1977,1878,1560,1269,987,1416,84,90,1480,336,1782,1149,501,1455,543,1283,1966,1664,1724,294,13,1701]",0.9613005564721202,0.9612878286162148,0.8637448928111096,0.9056370468127612,0.9122572927718396,0.7588533520796137,0.943399122200104,0.9519676332684002,0.8183843545947789,Simulation scores compare against the stored generating trajectory.,0.9604941160654584,0.6977242281658281,0.8739987006540928,0.966682197840874,0.8674476106550373,0.943399122200104,0.9519676332684002,0.8183843545947789,success,,official R dyneval on exported dynwrap trajectories,"Saelens et al., Nature Biotechnology (2019), doi:10.1038/s41587-019-0071-9",v2.0,4.6.1,0.9.9,1.3.0,1.0.1,1.1.0,daeb26af7d40c21b32283af31beb17a8ee8c3c6f,319bcfe3a0e38af45f368d2a53146165416d1a8a,b6fa729b1bc531e179aec3f3d7aa14cd8ef2015e,63fb255c894df1ba6d72b50bd0fb02d78bcee2af,0.0,1.0,0.0,0.94548628929352,True,True,True,simulation_pca50_neighbors30_umap3,4,log1p_if_max_gt|pca|neighbors|umap,74,2000x1000,2000x1000,"{""completed_before_inference"": true, ""input_shape"": [2000, 1000], ""input_x_max"": 9.393057564064714, ""input_x_min"": 0.0, ""model_coordinate_key_ready"": true, ""output_shape"": [2000, 1000], ""plot_coordinate_key_ready"": true, ""profile"": ""simulation_pca50_neighbors30_umap3"", ""random_seed"": 74, ""steps"": [{""operation"": ""log1p_if_max_gt"", ""parameters"": {""threshold"": 100}, ""status"": ""skipped_already_below_threshold""}, {""operation"": ""pca"", ""parameters"": {""n_comps"": 50, ""random_state"": 0, ""svd_solver"": ""arpack"", ""use_highly_variable"": false, ""zero_center"": true}, ""status"": ""applied""}, {""operation"": ""neighbors"", ""parameters"": {""method"": ""umap"", ""metric"": ""euclidean"", ""n_neighbors"": 30, ""n_pcs"": 30, ""random_state"": 0}, ""status"": ""applied""}, {""operation"": ""umap"", ""parameters"": {""a"": 0.5830300204883174, ""b"": 1.3341669924555197, ""n_components"": 3, ""preserve_existing"": false, ""random_state"": 0}, ""status"": ""applied""}]}"
34,75,75,20,gold_reference_simulation,stored_simulation_generating_trajectory,2,94,0.0022928996098944,0.9608467871634236,816,7.624311100000341,37.63677900000039,45.26109010000073,23.719905000001745,923.39453125,119.515625,"[872,1336,964,816,1029,858,1538,1767,1174,888,1866,1857,585,890,170,1600,1268,110,1750,318,1308,1296,62,684,1706,1027,1015,1337,1552,1594]","[872,1336,964,816,1029,858,1538,1483,902,1100,1054,222,1693,710,366,407,1330,1597,1399,221,1607,405,487,1087,193,612,1686,1910,420,1144,877,195,1210,1941,917,426,1292,1074,686,370,1641,778,1083,172,1306,178,1504,611,458,987,1416,1765,1471,1282,1995,1214,328,747,1617,1582,1465,1849,104,1352,1392,1177,459,795,1942,13,1701]","[872,1336,964,816,1029,858,1538,1767,1174,888,1866,1857,585,890,170,1600,1268,110,1750,318,1308,1296,62,684,1706,1027,1015,1337,1552,1594]",0.9547276570889294,0.9830442980021276,0.9214987983534932,"[872,1336,964,816,1029,858,1538,1483,902,1100,1054,222,1693,710,366,407,1330,1597,1399,221,1607,405,487,1087,193,612,1686,1910,420,1144,877,195,1210,1941,917,426,1292,1074,686,370,1641,778,1083,172,1306,178,1504,611,458,987,1416,1765,1471,1282,1995,1214,328,747,1617,1582,1465,1849,104,1352,1392,1177,459,795,1942,13,1701]",0.9332556458639728,0.9265589895893348,0.8064773015246395,0.8609919232302311,0.8565907738120214,0.6867521649266919,0.8937213173322556,0.8929881586502846,0.7283909750317985,Simulation scores compare against the stored generating trajectory.,0.945303715449864,0.6761187926566563,0.8361309434111117,0.9664771044046656,0.8477446537050246,0.8937213173322556,0.8929881586502846,0.7283909750317985,success,,official R dyneval on exported dynwrap trajectories,"Saelens et al., Nature Biotechnology (2019), doi:10.1038/s41587-019-0071-9",v2.0,4.6.1,0.9.9,1.3.0,1.0.1,1.1.0,daeb26af7d40c21b32283af31beb17a8ee8c3c6f,319bcfe3a0e38af45f368d2a53146165416d1a8a,b6fa729b1bc531e179aec3f3d7aa14cd8ef2015e,63fb255c894df1ba6d72b50bd0fb02d78bcee2af,0.0,1.0,0.0,0.9622327811698316,True,True,True,simulation_pca50_neighbors30_umap3,4,log1p_if_max_gt|pca|neighbors|umap,75,2000x1000,2000x1000,"{""completed_before_inference"": true, ""input_shape"": [2000, 1000], ""input_x_max"": 9.393057564064714, ""input_x_min"": 0.0, ""model_coordinate_key_ready"": true, ""output_shape"": [2000, 1000], ""plot_coordinate_key_ready"": true, ""profile"": ""simulation_pca50_neighbors30_umap3"", ""random_seed"": 75, ""steps"": [{""operation"": ""log1p_if_max_gt"", ""parameters"": {""threshold"": 100}, ""status"": ""skipped_already_below_threshold""}, {""operation"": ""pca"", ""parameters"": {""n_comps"": 50, ""random_state"": 0, ""svd_solver"": ""arpack"", ""use_highly_variable"": false, ""zero_center"": true}, ""status"": ""applied""}, {""operation"": ""neighbors"", ""parameters"": {""method"": ""umap"", ""metric"": ""euclidean"", ""n_neighbors"": 30, ""n_pcs"": 30, ""random_state"": 0}, ""status"": ""applied""}, {""operation"": ""umap"", ""parameters"": {""a"": 0.5830300204883174, ""b"": 1.3341669924555197, ""n_components"": 3, ""preserve_existing"": false, ""random_state"": 0}, ""status"": ""applied""}]}"
35,76,76,20,gold_reference_simulation,stored_simulation_generating_trajectory,2,76,0.001230014796975,0.9739282539999826,383,7.308049300001585,41.8183674000029,49.12641670000448,24.35049489999801,944.98046875,141.03515625,"[872,385,964,816,383,858,1538,236,477,963,79,338,1868,1438,71,992,170,1600,1429,1637,44,124,1296,62,798,241,1683,1671,1933,1953,1205,1552,1594]","[872,385,964,816,383,858,1538,1483,597,194,1965,478,415,1719,960,6,1473,94,206,775,197,216,125,1335,1855,1379,1028,87,621,1970,1185,750,458,845,1416,667,1948,742,515,97,1566,1660,514,1833,1858,445,1224,376,896,1701]","[872,385,964,816,383,858,1538,236,477,963,79,338,1868,1438,71,992,170,1600,1429,1637,44,124,1296,62,798,241,1683,1671,1933,1953,1205,1552,1594]",0.9544110482563206,0.985670453418418,0.93030623827302,"[872,385,964,816,383,858,1538,1483,597,194,1965,478,415,1719,960,6,1473,94,206,775,197,216,125,1335,1855,1379,1028,87,621,1970,1185,750,458,845,1416,667,1948,742,515,97,1566,1660,514,1833,1858,445,1224,376,896,1701]",0.9689622928470296,0.9685764144984492,0.8801068662997741,0.9048641216465098,0.9029738888964656,0.7500420725423597,0.91934571638437,0.9269335798218702,0.7761575138527669,Simulation scores compare against the stored generating trajectory.,0.9592584335392976,0.6995216781135379,0.8721751025524216,0.9603273438916324,0.8658445864601108,0.91934571638437,0.9269335798218702,0.7761575138527669,success,,official R dyneval on exported dynwrap trajectories,"Saelens et al., Nature Biotechnology (2019), doi:10.1038/s41587-019-0071-9",v2.0,4.6.1,0.9.9,1.3.0,1.0.1,1.1.0,daeb26af7d40c21b32283af31beb17a8ee8c3c6f,319bcfe3a0e38af45f368d2a53146165416d1a8a,b6fa729b1bc531e179aec3f3d7aa14cd8ef2015e,63fb255c894df1ba6d72b50bd0fb02d78bcee2af,0.0,1.0,0.0,0.948151209119885,True,True,True,simulation_pca50_neighbors30_umap3,4,log1p_if_max_gt|pca|neighbors|umap,76,2000x1000,2000x1000,"{""completed_before_inference"": true, ""input_shape"": [2000, 1000], ""input_x_max"": 9.393057564064714, ""input_x_min"": 0.0, ""model_coordinate_key_ready"": true, ""output_shape"": [2000, 1000], ""plot_coordinate_key_ready"": true, ""profile"": ""simulation_pca50_neighbors30_umap3"", ""random_seed"": 76, ""steps"": [{""operation"": ""log1p_if_max_gt"", ""parameters"": {""threshold"": 100}, ""status"": ""skipped_already_below_threshold""}, {""operation"": ""pca"", ""parameters"": {""n_comps"": 50, ""random_state"": 0, ""svd_solver"": ""arpack"", ""use_highly_variable"": false, ""zero_center"": true}, ""status"": ""applied""}, {""operation"": ""neighbors"", ""parameters"": {""method"": ""umap"", ""metric"": ""euclidean"", ""n_neighbors"": 30, ""n_pcs"": 30, ""random_state"": 0}, ""status"": ""applied""}, {""operation"": ""umap"", ""parameters"": {""a"": 0.5830300204883174, ""b"": 1.3341669924555197, ""n_components"": 3, ""preserve_existing"": false, ""random_state"": 0}, ""status"": ""applied""}]}"
36,77,77,20,gold_reference_simulation,stored_simulation_generating_trajectory,2,72,0.0025882082789112,0.9715877161814828,816,7.534014799999568,68.5122205000007,76.04623530000026,29.205470799999603,865.01171875,61.06640625,"[872,1336,1716,816,1702,858,1538,236,1021,663,79,1866,677,1438,71,170,1600,1268,1647,163,1535,1643,274,1350,684,1706,1027,1015,1337,1552,1594]","[872,1336,1716,816,1702,858,1538,780,1154,902,1894,1935,1318,366,1649,478,1077,1766,421,1946,93,1144,107,202,917,814,1825,185,1977,1443,1091,425,987,1416,587,1554,972,108,729,940,900,590,1858,1001,186,1338,1897,1701]","[872,1336,1716,816,1702,858,1538,236,1021,663,79,1866,677,1438,71,170,1600,1268,1647,163,1535,1643,274,1350,684,1706,1027,1015,1337,1552,1594]",0.9590355738786756,0.9853444434767532,0.9331423394066608,"[872,1336,1716,816,1702,858,1538,780,1154,902,1894,1935,1318,366,1649,478,1077,1766,421,1946,93,1144,107,202,917,814,1825,185,1977,1443,1091,425,987,1416,587,1554,972,108,729,940,900,590,1858,1001,186,1338,1897,1701]",0.9309852327457264,0.9113924967523304,0.7695598797075024,0.864179562074996,0.8576979625133844,0.6820936905070252,0.888225664903051,0.8865979853260872,0.712864715349858,Simulation scores compare against the stored generating trajectory.,0.9419444888207112,0.6697798480024202,0.8706434688899707,0.9441839931814516,0.8486206422091809,0.888225664903051,0.8865979853260872,0.712864715349858,success,,official R dyneval on exported dynwrap trajectories,"Saelens et al., Nature Biotechnology (2019), doi:10.1038/s41587-019-0071-9",v2.0,4.6.1,0.9.9,1.3.0,1.0.1,1.1.0,daeb26af7d40c21b32283af31beb17a8ee8c3c6f,319bcfe3a0e38af45f368d2a53146165416d1a8a,b6fa729b1bc531e179aec3f3d7aa14cd8ef2015e,63fb255c894df1ba6d72b50bd0fb02d78bcee2af,0.0,1.0,0.0,0.9192140846563466,True,True,True,simulation_pca50_neighbors30_umap3,4,log1p_if_max_gt|pca|neighbors|umap,77,2000x1000,2000x1000,"{""completed_before_inference"": true, ""input_shape"": [2000, 1000], ""input_x_max"": 9.393057564064714, ""input_x_min"": 0.0, ""model_coordinate_key_ready"": true, ""output_shape"": [2000, 1000], ""plot_coordinate_key_ready"": true, ""profile"": ""simulation_pca50_neighbors30_umap3"", ""random_seed"": 77, ""steps"": [{""operation"": ""log1p_if_max_gt"", ""parameters"": {""threshold"": 100}, ""status"": ""skipped_already_below_threshold""}, {""operation"": ""pca"", ""parameters"": {""n_comps"": 50, ""random_state"": 0, ""svd_solver"": ""arpack"", ""use_highly_variable"": false, ""zero_center"": true}, ""status"": ""applied""}, {""operation"": ""neighbors"", ""parameters"": {""method"": ""umap"", ""metric"": ""euclidean"", ""n_neighbors"": 30, ""n_pcs"": 30, ""random_state"": 0}, ""status"": ""applied""}, {""operation"": ""umap"", ""parameters"": {""a"": 0.5830300204883174, ""b"": 1.3341669924555197, ""n_components"": 3, ""preserve_existing"": false, ""random_state"": 0}, ""status"": ""applied""}]}"
37,78,78,20,gold_reference_simulation,stored_simulation_generating_trajectory,2,78,0.0020606239704786,0.9618145331993035,858,7.478392500001064,46.20593609999924,53.6843286000003,37.96440330000041,941.37109375,137.421875,"[872,1235,1716,1662,1702,858,1538,1767,1174,1699,810,990,1448,219,1290,573,1268,668,173,1570,1228,81,731,684,241,133,2,1933,1953,429,1251,1594]","[872,1235,1716,1662,1702,858,1538,1483,391,194,725,799,137,417,1330,1399,922,1431,441,876,161,523,1763,333,190,107,593,895,216,280,172,223,1560,1185,261,1357,987,1416,667,844,569,729,937,702,909,113,167,160,781,0,989,1264,1701]","[872,1235,1716,1662,1702,858,1538,1767,1174,1699,810,990,1448,219,1290,573,1268,668,173,1570,1228,81,731,684,241,133,2,1933,1953,429,1251,1594]",0.9535600285237806,0.986585149598976,0.9352480113131552,"[872,1235,1716,1662,1702,858,1538,1483,391,194,725,799,137,417,1330,1399,922,1431,441,876,161,523,1763,333,190,107,593,895,216,280,172,223,1560,1185,261,1357,987,1416,667,844,569,729,937,702,909,113,167,160,781,0,989,1264,1701]",0.9437834057743364,0.9193988874418492,0.8094200248313298,0.8475563982915038,0.8379904495091941,0.6721415820373062,0.8788232538679304,0.8736225695962053,0.7030606575014368,Simulation scores compare against the stored generating trajectory.,0.950277051795722,0.671734110288373,0.8712603040708436,0.9401351451785188,0.8503475501395124,0.8788232538679304,0.8736225695962053,0.7030606575014368,success,,official R dyneval on exported dynwrap trajectories,"Saelens et al., Nature Biotechnology (2019), doi:10.1038/s41587-019-0071-9",v2.0,4.6.1,0.9.9,1.3.0,1.0.1,1.1.0,daeb26af7d40c21b32283af31beb17a8ee8c3c6f,319bcfe3a0e38af45f368d2a53146165416d1a8a,b6fa729b1bc531e179aec3f3d7aa14cd8ef2015e,63fb255c894df1ba6d72b50bd0fb02d78bcee2af,0.0,1.0,0.0,0.9586485286337276,True,True,True,simulation_pca50_neighbors30_umap3,4,log1p_if_max_gt|pca|neighbors|umap,78,2000x1000,2000x1000,"{""completed_before_inference"": true, ""input_shape"": [2000, 1000], ""input_x_max"": 9.393057564064714, ""input_x_min"": 0.0, ""model_coordinate_key_ready"": true, ""output_shape"": [2000, 1000], ""plot_coordinate_key_ready"": true, ""profile"": ""simulation_pca50_neighbors30_umap3"", ""random_seed"": 78, ""steps"": [{""operation"": ""log1p_if_max_gt"", ""parameters"": {""threshold"": 100}, ""status"": ""skipped_already_below_threshold""}, {""operation"": ""pca"", ""parameters"": {""n_comps"": 50, ""random_state"": 0, ""svd_solver"": ""arpack"", ""use_highly_variable"": false, ""zero_center"": true}, ""status"": ""applied""}, {""operation"": ""neighbors"", ""parameters"": {""method"": ""umap"", ""metric"": ""euclidean"", ""n_neighbors"": 30, ""n_pcs"": 30, ""random_state"": 0}, ""status"": ""applied""}, {""operation"": ""umap"", ""parameters"": {""a"": 0.5830300204883174, ""b"": 1.3341669924555197, ""n_components"": 3, ""preserve_existing"": false, ""random_state"": 0}, ""status"": ""applied""}]}"
38,79,79,20,gold_reference_simulation,stored_simulation_generating_trajectory,2,89,0.0029778141438924,0.9440647335002152,43,12.007223699998576,84.85699459999887,96.86421829999745,40.05162659999769,865.1640625,61.1484375,"[872,1962,434,1827,43,1702,858,1538,1099,1021,82,338,460,1118,1078,659,1879,767,110,1267,1081,124,81,1656,1249,1182,1843,296,942,175,1184,1205,1552,1594]","[872,1962,434,1827,43,1702,858,1538,650,1547,562,1154,853,218,597,194,1965,874,1749,420,94,881,796,1738,213,1335,1016,166,284,1878,1512,427,977,537,1851,261,329,845,1416,1765,90,1919,1534,1465,1042,1809,1392,1242,940,937,1038,1604,949,504,449,1044,1546,1156,50,657,1129,324,1701]","[872,1962,434,1827,43,1702,858,1538,1099,1021,82,338,460,1118,1078,659,1879,767,110,1267,1081,124,81,1656,1249,1182,1843,296,942,175,1184,1205,1552,1594]",0.9460399177093476,0.980066086071896,0.9076712027874886,"[872,1962,434,1827,43,1702,858,1538,650,1547,562,1154,853,218,597,194,1965,874,1749,420,94,881,796,1738,213,1335,1016,166,284,1878,1512,427,977,537,1851,261,329,845,1416,1765,90,1919,1534,1465,1042,1809,1392,1242,940,937,1038,1604,949,504,449,1044,1546,1156,50,657,1129,324,1701]",0.9583280725249818,0.956324634929481,0.8445900034662903,0.9191714303401154,0.9291468333024728,0.7786693617565911,0.9391941626535274,0.9518978519733589,0.8206074237163598,Simulation scores compare against the stored generating trajectory.,0.9470724058032204,0.6571735179140751,0.86092472511206,0.9316668539432548,0.8405668640643017,0.9391941626535274,0.9518978519733589,0.8206074237163598,success,,official R dyneval on exported dynwrap trajectories,"Saelens et al., Nature Biotechnology (2019), doi:10.1038/s41587-019-0071-9",v2.0,4.6.1,0.9.9,1.3.0,1.0.1,1.1.0,daeb26af7d40c21b32283af31beb17a8ee8c3c6f,319bcfe3a0e38af45f368d2a53146165416d1a8a,b6fa729b1bc531e179aec3f3d7aa14cd8ef2015e,63fb255c894df1ba6d72b50bd0fb02d78bcee2af,0.0,1.0,0.0,0.9647508594048396,True,True,True,simulation_pca50_neighbors30_umap3,4,log1p_if_max_gt|pca|neighbors|umap,79,2000x1000,2000x1000,"{""completed_before_inference"": true, ""input_shape"": [2000, 1000], ""input_x_max"": 9.393057564064714, ""input_x_min"": 0.0, ""model_coordinate_key_ready"": true, ""output_shape"": [2000, 1000], ""plot_coordinate_key_ready"": true, ""profile"": ""simulation_pca50_neighbors30_umap3"", ""random_seed"": 79, ""steps"": [{""operation"": ""log1p_if_max_gt"", ""parameters"": {""threshold"": 100}, ""status"": ""skipped_already_below_threshold""}, {""operation"": ""pca"", ""parameters"": {""n_comps"": 50, ""random_state"": 0, ""svd_solver"": ""arpack"", ""use_highly_variable"": false, ""zero_center"": true}, ""status"": ""applied""}, {""operation"": ""neighbors"", ""parameters"": {""method"": ""umap"", ""metric"": ""euclidean"", ""n_neighbors"": 30, ""n_pcs"": 30, ""random_state"": 0}, ""status"": ""applied""}, {""operation"": ""umap"", ""parameters"": {""a"": 0.5830300204883174, ""b"": 1.3341669924555197, ""n_components"": 3, ""preserve_existing"": false, ""random_state"": 0}, ""status"": ""applied""}]}"
39,80,80,20,gold_reference_simulation,stored_simulation_generating_trajectory,2,91,0.0017738545967609,0.9802397691482528,43,12.125026999998228,84.56966269999975,96.69468969999798,40.69350230000055,865.171875,61.06640625,"[872,1178,434,283,43,116,858,1538,1099,963,79,1638,570,1868,1118,98,1201,1879,348,1882,204,1769,181,1986,1820,1583,8,158,1721,37,1015,1337,886,1594]","[872,1178,434,283,43,116,858,1538,780,1154,853,85,1935,7,1915,402,616,1749,1763,1378,1141,1689,195,1738,1652,23,1039,1107,740,1026,235,1841,1436,1989,280,1955,178,537,226,1189,450,1245,841,458,845,1416,1313,1341,893,1075,531,1153,1484,1449,1465,1582,937,1038,1917,472,127,1507,54,13,1701]","[872,1178,434,283,43,116,858,1538,1099,963,79,1638,570,1868,1118,98,1201,1879,348,1882,204,1769,181,1986,1820,1583,8,158,1721,37,1015,1337,886,1594]",0.9572420925899292,0.984993002092073,0.9310056715696526,"[872,1178,434,283,43,116,858,1538,780,1154,853,85,1935,7,1915,402,616,1749,1763,1378,1141,1689,195,1738,1652,23,1039,1107,740,1026,235,1841,1436,1989,280,1955,178,537,226,1189,450,1245,841,458,845,1416,1313,1341,893,1075,531,1153,1484,1449,1465,1582,937,1038,1917,472,127,1507,54,13,1701]",0.9615528530895472,0.9673101600554136,0.8831204412251353,0.8971856037245541,0.9001175478618821,0.747450949257932,0.9240058827663205,0.9363709013501664,0.7920112469597816,Simulation scores compare against the stored generating trajectory.,0.9495848983598136,0.6577432621131934,0.8521459842039653,0.9639622388630764,0.8463325761918759,0.9240058827663205,0.9363709013501664,0.7920112469597816,success,,official R dyneval on exported dynwrap trajectories,"Saelens et al., Nature Biotechnology (2019), doi:10.1038/s41587-019-0071-9",v2.0,4.6.1,0.9.9,1.3.0,1.0.1,1.1.0,daeb26af7d40c21b32283af31beb17a8ee8c3c6f,319bcfe3a0e38af45f368d2a53146165416d1a8a,b6fa729b1bc531e179aec3f3d7aa14cd8ef2015e,63fb255c894df1ba6d72b50bd0fb02d78bcee2af,0.0,1.0,0.0,0.9437277734975028,True,True,True,simulation_pca50_neighbors30_umap3,4,log1p_if_max_gt|pca|neighbors|umap,80,2000x1000,2000x1000,"{""completed_before_inference"": true, ""input_shape"": [2000, 1000], ""input_x_max"": 9.393057564064714, ""input_x_min"": 0.0, ""model_coordinate_key_ready"": true, ""output_shape"": [2000, 1000], ""plot_coordinate_key_ready"": true, ""profile"": ""simulation_pca50_neighbors30_umap3"", ""random_seed"": 80, ""steps"": [{""operation"": ""log1p_if_max_gt"", ""parameters"": {""threshold"": 100}, ""status"": ""skipped_already_below_threshold""}, {""operation"": ""pca"", ""parameters"": {""n_comps"": 50, ""random_state"": 0, ""svd_solver"": ""arpack"", ""use_highly_variable"": false, ""zero_center"": true}, ""status"": ""applied""}, {""operation"": ""neighbors"", ""parameters"": {""method"": ""umap"", ""metric"": ""euclidean"", ""n_neighbors"": 30, ""n_pcs"": 30, ""random_state"": 0}, ""status"": ""applied""}, {""operation"": ""umap"", ""parameters"": {""a"": 0.5830300204883174, ""b"": 1.3341669924555197, ""n_components"": 3, ""preserve_existing"": false, ""random_state"": 0}, ""status"": ""applied""}]}"
40,81,81,20,gold_reference_simulation,stored_simulation_generating_trajectory,2,81,0.0007061250113914,0.9863738745970192,208,11.845243499999924,76.41653849999784,88.26178199999777,37.18397510000068,865.3984375,61.19921875,"[872,1336,699,208,383,858,1538,1767,1923,888,338,1733,1857,711,979,1170,439,581,767,1380,363,173,1297,1305,81,1820,684,1706,1027,1256,1337,1552,1594]","[872,1336,699,208,383,858,1538,1483,597,85,928,433,1398,473,1064,1085,1816,935,1348,471,1959,323,1557,1426,1577,1536,115,561,1573,1375,358,1254,1335,1074,87,621,1878,1269,987,1416,1127,1798,820,1480,1460,237,1687,1900,566,1835,1559,157,989,1731,1701]","[872,1336,699,208,383,858,1538,1767,1923,888,338,1733,1857,711,979,1170,439,581,767,1380,363,173,1297,1305,81,1820,684,1706,1027,1256,1337,1552,1594]",0.944726296827221,0.9853351343323768,0.9284511890926668,"[872,1336,699,208,383,858,1538,1483,597,85,928,433,1398,473,1064,1085,1816,935,1348,471,1959,323,1557,1426,1577,1536,115,561,1573,1375,358,1254,1335,1074,87,621,1878,1269,987,1416,1127,1798,820,1480,1460,237,1687,1900,566,1835,1559,157,989,1731,1701]",0.9321534660266898,0.9126587173538104,0.7983902881817895,0.8324407763164392,0.815213432067014,0.6469452672742182,0.8724768415778147,0.8706439943119455,0.697069732592645,Simulation scores compare against the stored generating trajectory.,0.950763001228216,0.669991517353488,0.8690785924932786,0.9399519926719184,0.8493302172685255,0.8724768415778147,0.8706439943119455,0.697069732592645,success,,official R dyneval on exported dynwrap trajectories,"Saelens et al., Nature Biotechnology (2019), doi:10.1038/s41587-019-0071-9",v2.0,4.6.1,0.9.9,1.3.0,1.0.1,1.1.0,daeb26af7d40c21b32283af31beb17a8ee8c3c6f,319bcfe3a0e38af45f368d2a53146165416d1a8a,b6fa729b1bc531e179aec3f3d7aa14cd8ef2015e,63fb255c894df1ba6d72b50bd0fb02d78bcee2af,0.0,1.0,0.0,0.9609961241346504,True,True,True,simulation_pca50_neighbors30_umap3,4,log1p_if_max_gt|pca|neighbors|umap,81,2000x1000,2000x1000,"{""completed_before_inference"": true, ""input_shape"": [2000, 1000], ""input_x_max"": 9.393057564064714, ""input_x_min"": 0.0, ""model_coordinate_key_ready"": true, ""output_shape"": [2000, 1000], ""plot_coordinate_key_ready"": true, ""profile"": ""simulation_pca50_neighbors30_umap3"", ""random_seed"": 81, ""steps"": [{""operation"": ""log1p_if_max_gt"", ""parameters"": {""threshold"": 100}, ""status"": ""skipped_already_below_threshold""}, {""operation"": ""pca"", ""parameters"": {""n_comps"": 50, ""random_state"": 0, ""svd_solver"": ""arpack"", ""use_highly_variable"": false, ""zero_center"": true}, ""status"": ""applied""}, {""operation"": ""neighbors"", ""parameters"": {""method"": ""umap"", ""metric"": ""euclidean"", ""n_neighbors"": 30, ""n_pcs"": 30, ""random_state"": 0}, ""status"": ""applied""}, {""operation"": ""umap"", ""parameters"": {""a"": 0.5830300204883174, ""b"": 1.3341669924555197, ""n_components"": 3, ""preserve_existing"": false, ""random_state"": 0}, ""status"": ""applied""}]}"
41,82,82,20,gold_reference_simulation,stored_simulation_generating_trajectory,2,92,0.0011554603002424,0.978978832889087,116,12.18995670000004,42.14285369999925,54.33281039999929,25.4726241999997,865.546875,61.09765625,"[872,1336,242,816,116,858,1538,1602,1960,730,1329,1979,1868,1118,98,1201,1879,767,668,701,883,1228,646,798,241,133,854,144,319,1011,1552,1594]","[872,1336,242,816,116,858,1538,279,1339,562,1580,902,218,258,137,1754,1811,402,415,496,612,1686,523,161,1777,1198,873,1577,1555,1141,877,761,1400,998,1887,1109,213,426,303,1955,178,1878,1185,784,1357,1416,667,844,1471,1282,1194,1659,568,1770,1003,747,390,51,1809,1042,1434,53,160,1224,1814,139,1701]","[872,1336,242,816,116,858,1538,1602,1960,730,1329,1979,1868,1118,98,1201,1879,767,668,701,883,1228,646,798,241,133,854,144,319,1011,1552,1594]",0.965824980872874,0.9864013252744744,0.9341714649148336,"[872,1336,242,816,116,858,1538,279,1339,562,1580,902,218,258,137,1754,1811,402,415,496,612,1686,523,161,1777,1198,873,1577,1555,1141,877,761,1400,998,1887,1109,213,426,303,1955,178,1878,1185,784,1357,1416,667,844,1471,1282,1194,1659,568,1770,1003,747,390,51,1809,1042,1434,53,160,1224,1814,139,1701]",0.9277105928140444,0.9019676316427978,0.7885662655457905,0.8538987205897821,0.8376540805964304,0.6673219755602363,0.884679554346958,0.8866147306558088,0.7157924823326188,Simulation scores compare against the stored generating trajectory.,0.946848569682698,0.6834915103001482,0.8489537685934742,0.954197202817914,0.8509106472412793,0.884679554346958,0.8866147306558088,0.7157924823326188,success,,official R dyneval on exported dynwrap trajectories,"Saelens et al., Nature Biotechnology (2019), doi:10.1038/s41587-019-0071-9",v2.0,4.6.1,0.9.9,1.3.0,1.0.1,1.1.0,daeb26af7d40c21b32283af31beb17a8ee8c3c6f,319bcfe3a0e38af45f368d2a53146165416d1a8a,b6fa729b1bc531e179aec3f3d7aa14cd8ef2015e,63fb255c894df1ba6d72b50bd0fb02d78bcee2af,0.0,1.0,0.0,0.9646746965388932,True,True,True,simulation_pca50_neighbors30_umap3,4,log1p_if_max_gt|pca|neighbors|umap,82,2000x1000,2000x1000,"{""completed_before_inference"": true, ""input_shape"": [2000, 1000], ""input_x_max"": 9.393057564064714, ""input_x_min"": 0.0, ""model_coordinate_key_ready"": true, ""output_shape"": [2000, 1000], ""plot_coordinate_key_ready"": true, ""profile"": ""simulation_pca50_neighbors30_umap3"", ""random_seed"": 82, ""steps"": [{""operation"": ""log1p_if_max_gt"", ""parameters"": {""threshold"": 100}, ""status"": ""skipped_already_below_threshold""}, {""operation"": ""pca"", ""parameters"": {""n_comps"": 50, ""random_state"": 0, ""svd_solver"": ""arpack"", ""use_highly_variable"": false, ""zero_center"": true}, ""status"": ""applied""}, {""operation"": ""neighbors"", ""parameters"": {""method"": ""umap"", ""metric"": ""euclidean"", ""n_neighbors"": 30, ""n_pcs"": 30, ""random_state"": 0}, ""status"": ""applied""}, {""operation"": ""umap"", ""parameters"": {""a"": 0.5830300204883174, ""b"": 1.3341669924555197, ""n_components"": 3, ""preserve_existing"": false, ""random_state"": 0}, ""status"": ""applied""}]}"
42,83,83,20,gold_reference_simulation,stored_simulation_generating_trajectory,2,85,0.0019201583994046,0.9737155221336912,383,7.553543800000625,41.01544909999939,48.56899290000001,25.043588500000624,942.08984375,137.4140625,"[872,1235,1716,816,383,858,1538,1101,1174,1840,1407,1857,1078,1112,388,1600,348,1500,305,1324,833,610,1722,1728,1266,1675,8,296,942,1420,1953,903,1552,1594]","[872,1235,1716,816,383,858,1538,1747,1339,1062,1580,1100,151,443,1592,988,126,1965,874,1077,1719,93,635,486,1749,6,492,1543,347,202,593,775,462,778,311,1889,685,1616,750,1453,784,1218,987,1416,667,856,844,945,1467,940,51,1042,770,1244,1724,294,840,1701]","[872,1235,1716,816,383,858,1538,1101,1174,1840,1407,1857,1078,1112,388,1600,348,1500,305,1324,833,610,1722,1728,1266,1675,8,296,942,1420,1953,903,1552,1594]",0.9411497690255064,0.988898004048568,0.9419372450127406,"[872,1235,1716,816,383,858,1538,1747,1339,1062,1580,1100,151,443,1592,988,126,1965,874,1077,1719,93,635,486,1749,6,492,1543,347,202,593,775,462,778,311,1889,685,1616,750,1453,784,1218,987,1416,667,856,844,945,1467,940,51,1042,770,1244,1724,294,840,1701]",0.907815100431923,0.8767928482838028,0.7490966447509657,0.8006644965972891,0.7770648863389664,0.6106868556125297,0.8313183960631592,0.8292238480083651,0.6536778892401024,Simulation scores compare against the stored generating trajectory.,0.9351954829101684,0.668034315950404,0.8607045145218234,0.9028368168456176,0.8347205943276113,0.8313183960631592,0.8292238480083651,0.6536778892401024,success,,official R dyneval on exported dynwrap trajectories,"Saelens et al., Nature Biotechnology (2019), doi:10.1038/s41587-019-0071-9",v2.0,4.6.1,0.9.9,1.3.0,1.0.1,1.1.0,daeb26af7d40c21b32283af31beb17a8ee8c3c6f,319bcfe3a0e38af45f368d2a53146165416d1a8a,b6fa729b1bc531e179aec3f3d7aa14cd8ef2015e,63fb255c894df1ba6d72b50bd0fb02d78bcee2af,0.0,1.0,0.0,0.9433543825164372,True,True,True,simulation_pca50_neighbors30_umap3,4,log1p_if_max_gt|pca|neighbors|umap,83,2000x1000,2000x1000,"{""completed_before_inference"": true, ""input_shape"": [2000, 1000], ""input_x_max"": 9.393057564064714, ""input_x_min"": 0.0, ""model_coordinate_key_ready"": true, ""output_shape"": [2000, 1000], ""plot_coordinate_key_ready"": true, ""profile"": ""simulation_pca50_neighbors30_umap3"", ""random_seed"": 83, ""steps"": [{""operation"": ""log1p_if_max_gt"", ""parameters"": {""threshold"": 100}, ""status"": ""skipped_already_below_threshold""}, {""operation"": ""pca"", ""parameters"": {""n_comps"": 50, ""random_state"": 0, ""svd_solver"": ""arpack"", ""use_highly_variable"": false, ""zero_center"": true}, ""status"": ""applied""}, {""operation"": ""neighbors"", ""parameters"": {""method"": ""umap"", ""metric"": ""euclidean"", ""n_neighbors"": 30, ""n_pcs"": 30, ""random_state"": 0}, ""status"": ""applied""}, {""operation"": ""umap"", ""parameters"": {""a"": 0.5830300204883174, ""b"": 1.3341669924555197, ""n_components"": 3, ""preserve_existing"": false, ""random_state"": 0}, ""status"": ""applied""}]}"
43,84,84,20,gold_reference_simulation,stored_simulation_generating_trajectory,2,85,0.0007339466359681,0.9892297681347731,242,7.51055389999965,40.88486689999991,48.39542079999956,25.587785699997767,910.41015625,105.66796875,"[872,891,242,1293,1553,858,1538,174,1964,374,1407,1868,1118,929,573,1268,1267,1081,124,1296,1820,798,241,203,1806,144,625,944,74,1406,1594]","[872,891,242,1293,1553,858,1538,1602,1062,150,928,1203,461,1994,1816,1519,857,1277,297,1669,1070,312,838,1755,323,873,1836,1378,1141,69,917,895,1074,1110,1134,522,455,939,280,464,1306,1878,1159,987,1416,1127,1765,1471,1194,1130,1003,1449,1796,1627,1179,72,508,157,294,13,1701]","[872,891,242,1293,1553,858,1538,174,1964,374,1407,1868,1118,929,573,1268,1267,1081,124,1296,1820,798,241,203,1806,144,625,944,74,1406,1594]",0.962154725179973,0.9845381860529836,0.929894941978432,"[872,891,242,1293,1553,858,1538,1602,1062,150,928,1203,461,1994,1816,1519,857,1277,297,1669,1070,312,838,1755,323,873,1836,1378,1141,69,917,895,1074,1110,1134,522,455,939,280,464,1306,1878,1159,987,1416,1127,1765,1471,1194,1130,1003,1449,1796,1627,1179,72,508,157,294,13,1701]",0.9265261791096484,0.9057859606341748,0.7785207242281662,0.8270442894199947,0.8164972805249479,0.6379112442898164,0.8426562338956772,0.8416197568910365,0.6646097056260024,Simulation scores compare against the stored generating trajectory.,0.9442124516846032,0.6626381652333716,0.8462001242526653,0.9649163102585744,0.8454291642744663,0.8426562338956772,0.8416197568910365,0.6646097056260024,success,,official R dyneval on exported dynwrap trajectories,"Saelens et al., Nature Biotechnology (2019), doi:10.1038/s41587-019-0071-9",v2.0,4.6.1,0.9.9,1.3.0,1.0.1,1.1.0,daeb26af7d40c21b32283af31beb17a8ee8c3c6f,319bcfe3a0e38af45f368d2a53146165416d1a8a,b6fa729b1bc531e179aec3f3d7aa14cd8ef2015e,63fb255c894df1ba6d72b50bd0fb02d78bcee2af,0.0,1.0,0.0,0.9635178846122012,True,True,True,simulation_pca50_neighbors30_umap3,4,log1p_if_max_gt|pca|neighbors|umap,84,2000x1000,2000x1000,"{""completed_before_inference"": true, ""input_shape"": [2000, 1000], ""input_x_max"": 9.393057564064714, ""input_x_min"": 0.0, ""model_coordinate_key_ready"": true, ""output_shape"": [2000, 1000], ""plot_coordinate_key_ready"": true, ""profile"": ""simulation_pca50_neighbors30_umap3"", ""random_seed"": 84, ""steps"": [{""operation"": ""log1p_if_max_gt"", ""parameters"": {""threshold"": 100}, ""status"": ""skipped_already_below_threshold""}, {""operation"": ""pca"", ""parameters"": {""n_comps"": 50, ""random_state"": 0, ""svd_solver"": ""arpack"", ""use_highly_variable"": false, ""zero_center"": true}, ""status"": ""applied""}, {""operation"": ""neighbors"", ""parameters"": {""method"": ""umap"", ""metric"": ""euclidean"", ""n_neighbors"": 30, ""n_pcs"": 30, ""random_state"": 0}, ""status"": ""applied""}, {""operation"": ""umap"", ""parameters"": {""a"": 0.5830300204883174, ""b"": 1.3341669924555197, ""n_components"": 3, ""preserve_existing"": false, ""random_state"": 0}, ""status"": ""applied""}]}"
44,85,85,20,gold_reference_simulation,stored_simulation_generating_trajectory,2,84,0.0013302614159223,0.9818427697924496,208,7.696298599999864,46.81608650000271,54.512385100002575,24.19684699999925,942.1015625,137.359375,"[872,1410,1788,208,383,858,1538,1602,1547,678,286,1808,282,1309,1004,1780,1327,1930,767,1429,934,204,1750,883,1643,1,129,805,1270,398,8,203,1703,797,744,147,723,1552,411,1594]","[872,1410,1788,208,383,858,1538,1483,391,725,7,799,1459,76,1972,240,1321,1374,1749,420,1890,1543,1141,882,565,818,426,776,1028,1306,1427,537,1831,1185,784,845,1416,1983,90,1919,1442,680,56,1149,248,543,160,1224,1666,840,1701]","[872,1410,1788,208,383,858,1538,1602,1547,678,286,1808,282,1309,1004,1780,1327,1930,767,1429,934,204,1750,883,1643,1,129,805,1270,398,8,203,1703,797,744,147,723,1552,411,1594]",0.9496582651285472,0.991020230870926,0.9464185466903036,"[872,1410,1788,208,383,858,1538,1483,391,725,7,799,1459,76,1972,240,1321,1374,1749,420,1890,1543,1141,882,565,818,426,776,1028,1306,1427,537,1831,1185,784,845,1416,1983,90,1919,1442,680,56,1149,248,543,160,1224,1666,840,1701]",0.9501604313267404,0.946094001985442,0.8466987341338119,0.8365540193133755,0.8357012826312301,0.6645718162408344,0.8625850520161447,0.8539268323452426,0.6771454928671329,Simulation scores compare against the stored generating trajectory.,0.9535466780021634,0.6839942681241241,0.886418921823513,0.9622896930143552,0.8636441149855552,0.8625850520161447,0.8539268323452426,0.6771454928671329,success,,official R dyneval on exported dynwrap trajectories,"Saelens et al., Nature Biotechnology (2019), doi:10.1038/s41587-019-0071-9",v2.0,4.6.1,0.9.9,1.3.0,1.0.1,1.1.0,daeb26af7d40c21b32283af31beb17a8ee8c3c6f,319bcfe3a0e38af45f368d2a53146165416d1a8a,b6fa729b1bc531e179aec3f3d7aa14cd8ef2015e,63fb255c894df1ba6d72b50bd0fb02d78bcee2af,0.0,1.0,0.0,0.9307661127497292,True,True,True,simulation_pca50_neighbors30_umap3,4,log1p_if_max_gt|pca|neighbors|umap,85,2000x1000,2000x1000,"{""completed_before_inference"": true, ""input_shape"": [2000, 1000], ""input_x_max"": 9.393057564064714, ""input_x_min"": 0.0, ""model_coordinate_key_ready"": true, ""output_shape"": [2000, 1000], ""plot_coordinate_key_ready"": true, ""profile"": ""simulation_pca50_neighbors30_umap3"", ""random_seed"": 85, ""steps"": [{""operation"": ""log1p_if_max_gt"", ""parameters"": {""threshold"": 100}, ""status"": ""skipped_already_below_threshold""}, {""operation"": ""pca"", ""parameters"": {""n_comps"": 50, ""random_state"": 0, ""svd_solver"": ""arpack"", ""use_highly_variable"": false, ""zero_center"": true}, ""status"": ""applied""}, {""operation"": ""neighbors"", ""parameters"": {""method"": ""umap"", ""metric"": ""euclidean"", ""n_neighbors"": 30, ""n_pcs"": 30, ""random_state"": 0}, ""status"": ""applied""}, {""operation"": ""umap"", ""parameters"": {""a"": 0.5830300204883174, ""b"": 1.3341669924555197, ""n_components"": 3, ""preserve_existing"": false, ""random_state"": 0}, ""status"": ""applied""}]}"
45,86,86,20,gold_reference_simulation,stored_simulation_generating_trajectory,2,82,0.0035591521021186,0.9413185172873356,263,9.392838700001448,40.43240880000303,49.82524750000448,24.438096400001086,942.1015625,137.359375,"[872,1962,1482,263,620,1499,858,1538,236,477,374,1407,460,71,1170,545,1080,1647,1744,204,557,124,81,646,684,203,859,144,319,1011,1552,1594]","[872,1962,1482,263,620,1499,858,1538,1483,391,1318,1746,582,240,1521,874,26,496,960,1910,969,1543,1222,1141,107,593,1376,895,216,1292,1713,172,1427,1970,1159,987,1416,1908,647,965,569,729,937,121,1275,940,1038,1042,113,1996,543,1155,827,1093,572,1897,1731,1701]","[872,1962,1482,263,620,1499,858,1538,236,477,374,1407,460,71,1170,545,1080,1647,1744,204,557,124,81,646,684,203,859,144,319,1011,1552,1594]",0.9573901295498796,0.9814352039399395,0.921770958743398,"[872,1962,1482,263,620,1499,858,1538,1483,391,1318,1746,582,240,1521,874,26,496,960,1910,969,1543,1222,1141,107,593,1376,895,216,1292,1713,172,1427,1970,1159,987,1416,1908,647,965,569,729,937,121,1275,940,1038,1042,113,1996,543,1155,827,1093,572,1897,1731,1701]",0.9626948596707496,0.9573189945159516,0.8587143034284559,0.8986220915439669,0.902629305999828,0.743674044517453,0.9364975449203808,0.9389228186459831,0.7919934242222418,Simulation scores compare against the stored generating trajectory.,0.9566560290712888,0.6812960502371437,0.8614296499448031,0.9597580982467224,0.8567780295335549,0.9364975449203808,0.9389228186459831,0.7919934242222418,success,,official R dyneval on exported dynwrap trajectories,"Saelens et al., Nature Biotechnology (2019), doi:10.1038/s41587-019-0071-9",v2.0,4.6.1,0.9.9,1.3.0,1.0.1,1.1.0,daeb26af7d40c21b32283af31beb17a8ee8c3c6f,319bcfe3a0e38af45f368d2a53146165416d1a8a,b6fa729b1bc531e179aec3f3d7aa14cd8ef2015e,63fb255c894df1ba6d72b50bd0fb02d78bcee2af,0.0,1.0,0.0,0.9607435118189408,True,True,True,simulation_pca50_neighbors30_umap3,4,log1p_if_max_gt|pca|neighbors|umap,86,2000x1000,2000x1000,"{""completed_before_inference"": true, ""input_shape"": [2000, 1000], ""input_x_max"": 9.393057564064714, ""input_x_min"": 0.0, ""model_coordinate_key_ready"": true, ""output_shape"": [2000, 1000], ""plot_coordinate_key_ready"": true, ""profile"": ""simulation_pca50_neighbors30_umap3"", ""random_seed"": 86, ""steps"": [{""operation"": ""log1p_if_max_gt"", ""parameters"": {""threshold"": 100}, ""status"": ""skipped_already_below_threshold""}, {""operation"": ""pca"", ""parameters"": {""n_comps"": 50, ""random_state"": 0, ""svd_solver"": ""arpack"", ""use_highly_variable"": false, ""zero_center"": true}, ""status"": ""applied""}, {""operation"": ""neighbors"", ""parameters"": {""method"": ""umap"", ""metric"": ""euclidean"", ""n_neighbors"": 30, ""n_pcs"": 30, ""random_state"": 0}, ""status"": ""applied""}, {""operation"": ""umap"", ""parameters"": {""a"": 0.5830300204883174, ""b"": 1.3341669924555197, ""n_components"": 3, ""preserve_existing"": false, ""random_state"": 0}, ""status"": ""applied""}]}"
46,87,87,20,gold_reference_simulation,stored_simulation_generating_trajectory,2,89,0.0017014729310792,0.977974986211872,242,7.507661499999813,39.789269899996725,47.29693139999654,24.32158899999922,940.7578125,136.015625,"[872,891,242,1293,1553,858,1538,174,1964,1840,1733,1857,1220,1828,585,1463,490,1080,1647,1457,883,1907,129,1931,1270,544,8,296,942,1933,1953,1205,1552,1594]","[872,891,242,1293,1553,858,1538,1747,1192,1062,1567,391,194,1965,1811,168,1374,874,1394,914,1902,1589,1114,1874,1010,993,1777,323,873,1294,1012,1867,615,1210,796,1738,67,849,897,303,1955,178,537,524,1453,425,987,1416,516,292,130,1687,1279,1900,566,1835,1581,952,637,1528,1927,1701]","[872,891,242,1293,1553,858,1538,174,1964,1840,1733,1857,1220,1828,585,1463,490,1080,1647,1457,883,1907,129,1931,1270,544,8,296,942,1933,1953,1205,1552,1594]",0.9397899083712478,0.9850724840771038,0.9246793175910376,"[872,891,242,1293,1553,858,1538,1747,1192,1062,1567,391,194,1965,1811,168,1374,874,1394,914,1902,1589,1114,1874,1010,993,1777,323,873,1294,1012,1867,615,1210,796,1738,67,849,897,303,1955,178,537,524,1453,425,987,1416,516,292,130,1687,1279,1900,566,1835,1581,952,637,1528,1927,1701]",0.8947308320082124,0.8644386163682927,0.7445841660402107,0.7815638267210064,0.7597348634503033,0.5957097247547578,0.8112128472692914,0.8061130373816662,0.6220385670915811,Simulation scores compare against the stored generating trajectory.,0.9443546431344272,0.6619494211002878,0.8546442457356956,0.9330912795556008,0.8402670963884645,0.8112128472692914,0.8061130373816662,0.6220385670915811,success,,official R dyneval on exported dynwrap trajectories,"Saelens et al., Nature Biotechnology (2019), doi:10.1038/s41587-019-0071-9",v2.0,4.6.1,0.9.9,1.3.0,1.0.1,1.1.0,daeb26af7d40c21b32283af31beb17a8ee8c3c6f,319bcfe3a0e38af45f368d2a53146165416d1a8a,b6fa729b1bc531e179aec3f3d7aa14cd8ef2015e,63fb255c894df1ba6d72b50bd0fb02d78bcee2af,0.0,1.0,0.0,0.9405225556200052,True,True,True,simulation_pca50_neighbors30_umap3,4,log1p_if_max_gt|pca|neighbors|umap,87,2000x1000,2000x1000,"{""completed_before_inference"": true, ""input_shape"": [2000, 1000], ""input_x_max"": 9.393057564064714, ""input_x_min"": 0.0, ""model_coordinate_key_ready"": true, ""output_shape"": [2000, 1000], ""plot_coordinate_key_ready"": true, ""profile"": ""simulation_pca50_neighbors30_umap3"", ""random_seed"": 87, ""steps"": [{""operation"": ""log1p_if_max_gt"", ""parameters"": {""threshold"": 100}, ""status"": ""skipped_already_below_threshold""}, {""operation"": ""pca"", ""parameters"": {""n_comps"": 50, ""random_state"": 0, ""svd_solver"": ""arpack"", ""use_highly_variable"": false, ""zero_center"": true}, ""status"": ""applied""}, {""operation"": ""neighbors"", ""parameters"": {""method"": ""umap"", ""metric"": ""euclidean"", ""n_neighbors"": 30, ""n_pcs"": 30, ""random_state"": 0}, ""status"": ""applied""}, {""operation"": ""umap"", ""parameters"": {""a"": 0.5830300204883174, ""b"": 1.3341669924555197, ""n_components"": 3, ""preserve_existing"": false, ""random_state"": 0}, ""status"": ""applied""}]}"
47,88,88,20,gold_reference_simulation,stored_simulation_generating_trajectory,2,70,0.0017269851558388,0.9620290353849468,816,7.369430999999167,44.60349859999769,51.97292959999686,25.33439869999711,942.10546875,137.36328125,"[872,1336,964,816,1029,858,1538,279,1606,477,273,888,1866,1868,1118,356,219,992,1780,215,1879,1268,668,1888,586,1213,173,1297,1986,165,1350,798,241,133,1027,1015,1337,1552,1594]","[872,1336,964,816,1029,858,1538,1483,597,194,988,402,1838,1522,1910,1763,1548,94,1396,1376,462,166,223,1878,1269,987,1416,667,342,64,51,1465,770,1760,823,527,840,1701]","[872,1336,964,816,1029,858,1538,279,1606,477,273,888,1866,1868,1118,356,219,992,1780,215,1879,1268,668,1888,586,1213,173,1297,1986,165,1350,798,241,133,1027,1015,1337,1552,1594]",0.9474994335182996,0.9905636263640324,0.9442542345042556,"[872,1336,964,816,1029,858,1538,1483,597,194,988,402,1838,1522,1910,1763,1548,94,1396,1376,462,166,223,1878,1269,987,1416,667,342,64,51,1465,770,1760,823,527,840,1701]",0.9543274933569296,0.9451777766248132,0.8488474183835297,0.85073198986238,0.8575241999299824,0.7005726009071701,0.9134525385506184,0.918609744960624,0.7650446144131918,Simulation scores compare against the stored generating trajectory.,0.9396301756471164,0.6998974309001355,0.8784634124577377,0.9439343884977756,0.8593383828814778,0.9134525385506184,0.918609744960624,0.7650446144131918,success,,official R dyneval on exported dynwrap trajectories,"Saelens et al., Nature Biotechnology (2019), doi:10.1038/s41587-019-0071-9",v2.0,4.6.1,0.9.9,1.3.0,1.0.1,1.1.0,daeb26af7d40c21b32283af31beb17a8ee8c3c6f,319bcfe3a0e38af45f368d2a53146165416d1a8a,b6fa729b1bc531e179aec3f3d7aa14cd8ef2015e,63fb255c894df1ba6d72b50bd0fb02d78bcee2af,0.0,1.0,0.0,0.926974604991446,True,True,True,simulation_pca50_neighbors30_umap3,4,log1p_if_max_gt|pca|neighbors|umap,88,2000x1000,2000x1000,"{""completed_before_inference"": true, ""input_shape"": [2000, 1000], ""input_x_max"": 9.393057564064714, ""input_x_min"": 0.0, ""model_coordinate_key_ready"": true, ""output_shape"": [2000, 1000], ""plot_coordinate_key_ready"": true, ""profile"": ""simulation_pca50_neighbors30_umap3"", ""random_seed"": 88, ""steps"": [{""operation"": ""log1p_if_max_gt"", ""parameters"": {""threshold"": 100}, ""status"": ""skipped_already_below_threshold""}, {""operation"": ""pca"", ""parameters"": {""n_comps"": 50, ""random_state"": 0, ""svd_solver"": ""arpack"", ""use_highly_variable"": false, ""zero_center"": true}, ""status"": ""applied""}, {""operation"": ""neighbors"", ""parameters"": {""method"": ""umap"", ""metric"": ""euclidean"", ""n_neighbors"": 30, ""n_pcs"": 30, ""random_state"": 0}, ""status"": ""applied""}, {""operation"": ""umap"", ""parameters"": {""a"": 0.5830300204883174, ""b"": 1.3341669924555197, ""n_components"": 3, ""preserve_existing"": false, ""random_state"": 0}, ""status"": ""applied""}]}"
48,89,89,20,gold_reference_simulation,stored_simulation_generating_trajectory,2,77,0.0017135764321028,0.9750244282362448,858,7.6625028000016755,41.98104859999876,49.64355140000043,25.245260799998505,916.42578125,111.6796875,"[872,891,1716,1662,1702,858,1538,1767,1174,888,1733,1857,1078,1417,573,439,706,1212,751,836,1957,1385,18,718,1823,1656,684,1706,797,744,673,1205,624,1594]","[872,891,1716,1662,1702,858,1538,1602,1062,1580,1100,639,1493,428,1811,478,582,405,1607,1087,1394,1522,1910,969,420,107,593,895,1379,1110,1083,1977,1560,1185,784,1218,1357,1416,1983,698,21,1682,1796,307,1835,1241,781,186,13,1701]","[872,891,1716,1662,1702,858,1538,1767,1174,888,1733,1857,1078,1417,573,439,706,1212,751,836,1957,1385,18,718,1823,1656,684,1706,797,744,673,1205,624,1594]",0.9404639876355964,0.9865196576473884,0.9317901537925803,"[872,891,1716,1662,1702,858,1538,1602,1062,1580,1100,639,1493,428,1811,478,582,405,1607,1087,1394,1522,1910,969,420,107,593,895,1379,1110,1083,1977,1560,1185,784,1218,1357,1416,1983,698,21,1682,1796,307,1835,1241,781,186,13,1701]",0.91246180660406,0.8830312021645452,0.7488144972359507,0.788516900932978,0.7765894569430891,0.6017458130342691,0.8199433329463255,0.8168706524881806,0.6338614452363373,Simulation scores compare against the stored generating trajectory.,0.952501098618602,0.6605964396876393,0.879349049068155,0.9458199694263612,0.8505363377616028,0.8199433329463255,0.8168706524881806,0.6338614452363373,success,,official R dyneval on exported dynwrap trajectories,"Saelens et al., Nature Biotechnology (2019), doi:10.1038/s41587-019-0071-9",v2.0,4.6.1,0.9.9,1.3.0,1.0.1,1.1.0,daeb26af7d40c21b32283af31beb17a8ee8c3c6f,319bcfe3a0e38af45f368d2a53146165416d1a8a,b6fa729b1bc531e179aec3f3d7aa14cd8ef2015e,63fb255c894df1ba6d72b50bd0fb02d78bcee2af,0.0,1.0,0.0,0.9400486337386637,True,True,True,simulation_pca50_neighbors30_umap3,4,log1p_if_max_gt|pca|neighbors|umap,89,2000x1000,2000x1000,"{""completed_before_inference"": true, ""input_shape"": [2000, 1000], ""input_x_max"": 9.393057564064714, ""input_x_min"": 0.0, ""model_coordinate_key_ready"": true, ""output_shape"": [2000, 1000], ""plot_coordinate_key_ready"": true, ""profile"": ""simulation_pca50_neighbors30_umap3"", ""random_seed"": 89, ""steps"": [{""operation"": ""log1p_if_max_gt"", ""parameters"": {""threshold"": 100}, ""status"": ""skipped_already_below_threshold""}, {""operation"": ""pca"", ""parameters"": {""n_comps"": 50, ""random_state"": 0, ""svd_solver"": ""arpack"", ""use_highly_variable"": false, ""zero_center"": true}, ""status"": ""applied""}, {""operation"": ""neighbors"", ""parameters"": {""method"": ""umap"", ""metric"": ""euclidean"", ""n_neighbors"": 30, ""n_pcs"": 30, ""random_state"": 0}, ""status"": ""applied""}, {""operation"": ""umap"", ""parameters"": {""a"": 0.5830300204883174, ""b"": 1.3341669924555197, ""n_components"": 3, ""preserve_existing"": false, ""random_state"": 0}, ""status"": ""applied""}]}"
49,90,90,20,gold_reference_simulation,stored_simulation_generating_trajectory,2,75,0.0014948957373855,0.9776832392301807,116,7.3226628999982495,47.22871590000068,54.55137879999893,24.755431900000985,942.10546875,137.359375,"[872,891,1487,1293,116,858,1538,1767,640,374,295,1866,711,1463,659,1879,1600,1429,1268,1267,163,38,173,1297,1986,1656,798,1675,1843,1072,27,175,1184,1205,1251,1594]","[872,891,1487,1293,116,858,1538,1602,1192,1580,1476,218,7,988,478,1077,421,518,523,1143,1836,1577,1334,1210,1738,213,136,1150,1944,1206,1878,1159,987,1416,856,1768,742,97,1809,651,1833,1090,1916,1942,576,1701]","[872,891,1487,1293,116,858,1538,1767,640,374,295,1866,711,1463,659,1879,1600,1429,1268,1267,163,38,173,1297,1986,1656,798,1675,1843,1072,27,175,1184,1205,1251,1594]",0.9276539353139488,0.981599366482803,0.9180174881696178,"[872,891,1487,1293,116,858,1538,1602,1192,1580,1476,218,7,988,478,1077,421,518,523,1143,1836,1577,1334,1210,1738,213,136,1150,1944,1206,1878,1159,987,1416,856,1768,742,97,1809,651,1833,1090,1916,1942,576,1701]",0.9302384016798038,0.888604151589686,0.7611858131111466,0.8180238428204734,0.7974274416430596,0.6295769623373096,0.8568625521703056,0.8529671712613227,0.6794291797937979,Simulation scores compare against the stored generating trajectory.,0.9355182206069124,0.6647547085792805,0.8922137834741841,0.9282168074955292,0.847145498046392,0.8568625521703056,0.8529671712613227,0.6794291797937979,success,,official R dyneval on exported dynwrap trajectories,"Saelens et al., Nature Biotechnology (2019), doi:10.1038/s41587-019-0071-9",v2.0,4.6.1,0.9.9,1.3.0,1.0.1,1.1.0,daeb26af7d40c21b32283af31beb17a8ee8c3c6f,319bcfe3a0e38af45f368d2a53146165416d1a8a,b6fa729b1bc531e179aec3f3d7aa14cd8ef2015e,63fb255c894df1ba6d72b50bd0fb02d78bcee2af,0.0,1.0,0.0,0.9220141260793048,True,True,True,simulation_pca50_neighbors30_umap3,4,log1p_if_max_gt|pca|neighbors|umap,90,2000x1000,2000x1000,"{""completed_before_inference"": true, ""input_shape"": [2000, 1000], ""input_x_max"": 9.393057564064714, ""input_x_min"": 0.0, ""model_coordinate_key_ready"": true, ""output_shape"": [2000, 1000], ""plot_coordinate_key_ready"": true, ""profile"": ""simulation_pca50_neighbors30_umap3"", ""random_seed"": 90, ""steps"": [{""operation"": ""log1p_if_max_gt"", ""parameters"": {""threshold"": 100}, ""status"": ""skipped_already_below_threshold""}, {""operation"": ""pca"", ""parameters"": {""n_comps"": 50, ""random_state"": 0, ""svd_solver"": ""arpack"", ""use_highly_variable"": false, ""zero_center"": true}, ""status"": ""applied""}, {""operation"": ""neighbors"", ""parameters"": {""method"": ""umap"", ""metric"": ""euclidean"", ""n_neighbors"": 30, ""n_pcs"": 30, ""random_state"": 0}, ""status"": ""applied""}, {""operation"": ""umap"", ""parameters"": {""a"": 0.5830300204883174, ""b"": 1.3341669924555197, ""n_components"": 3, ""preserve_existing"": false, ""random_state"": 0}, ""status"": ""applied""}]}"
50,91,91,20,gold_reference_simulation,stored_simulation_generating_trajectory,2,96,0.0013053908225423,0.9835082243375272,816,7.622484700001223,41.03697269999975,48.659457400000974,24.48579329999848,942.10546875,137.359375,"[872,891,1788,1716,816,1553,858,1538,1099,963,1699,338,410,1353,169,958,1828,1633,105,60,1452,1957,1591,1690,181,829,1266,544,1182,8,1140,1136,91,915,599,624,1594]","[872,891,1788,1716,816,1553,858,1538,279,1445,562,391,1935,194,1915,1649,478,1321,1607,689,1521,240,914,1982,1525,1522,518,421,486,93,1372,1473,1689,1208,775,197,87,464,1856,1944,406,284,1831,1091,425,1218,845,1416,1765,1631,856,1875,647,342,1593,937,1042,1434,808,734,127,445,1001,871,376,1586,1701]","[872,891,1788,1716,816,1553,858,1538,1099,963,1699,338,410,1353,169,958,1828,1633,105,60,1452,1957,1591,1690,181,829,1266,544,1182,8,1140,1136,91,915,599,624,1594]",0.951692114089898,0.9872852775173208,0.934195792316662,"[872,891,1788,1716,816,1553,858,1538,279,1445,562,391,1935,194,1915,1649,478,1321,1607,689,1521,240,914,1982,1525,1522,518,421,486,93,1372,1473,1689,1208,775,197,87,464,1856,1944,406,284,1831,1091,425,1218,845,1416,1765,1631,856,1875,647,342,1593,937,1042,1434,808,734,127,445,1001,871,376,1586,1701]",0.9285791631628256,0.9052941997611657,0.7717188740218037,0.8500463252748343,0.843939862931082,0.6694075502820621,0.8553177228247665,0.8643296087346132,0.6867793398200912,Simulation scores compare against the stored generating trajectory.,0.9418897914675812,0.6639352692480952,0.8565122250259456,0.9399885304333532,0.8423556389793406,0.8553177228247665,0.8643296087346132,0.6867793398200912,success,,official R dyneval on exported dynwrap trajectories,"Saelens et al., Nature Biotechnology (2019), doi:10.1038/s41587-019-0071-9",v2.0,4.6.1,0.9.9,1.3.0,1.0.1,1.1.0,daeb26af7d40c21b32283af31beb17a8ee8c3c6f,319bcfe3a0e38af45f368d2a53146165416d1a8a,b6fa729b1bc531e179aec3f3d7aa14cd8ef2015e,63fb255c894df1ba6d72b50bd0fb02d78bcee2af,0.0,1.0,0.0,0.9264737156078566,True,True,True,simulation_pca50_neighbors30_umap3,4,log1p_if_max_gt|pca|neighbors|umap,91,2000x1000,2000x1000,"{""completed_before_inference"": true, ""input_shape"": [2000, 1000], ""input_x_max"": 9.393057564064714, ""input_x_min"": 0.0, ""model_coordinate_key_ready"": true, ""output_shape"": [2000, 1000], ""plot_coordinate_key_ready"": true, ""profile"": ""simulation_pca50_neighbors30_umap3"", ""random_seed"": 91, ""steps"": [{""operation"": ""log1p_if_max_gt"", ""parameters"": {""threshold"": 100}, ""status"": ""skipped_already_below_threshold""}, {""operation"": ""pca"", ""parameters"": {""n_comps"": 50, ""random_state"": 0, ""svd_solver"": ""arpack"", ""use_highly_variable"": false, ""zero_center"": true}, ""status"": ""applied""}, {""operation"": ""neighbors"", ""parameters"": {""method"": ""umap"", ""metric"": ""euclidean"", ""n_neighbors"": 30, ""n_pcs"": 30, ""random_state"": 0}, ""status"": ""applied""}, {""operation"": ""umap"", ""parameters"": {""a"": 0.5830300204883174, ""b"": 1.3341669924555197, ""n_components"": 3, ""preserve_existing"": false, ""random_state"": 0}, ""status"": ""applied""}]}"
