cell_id,random_seed,K,cell_type,global_path_pseudotime,QLearning_pseudotime
rna_AAACCCACAGAGTTGG-1,42,20,0,-1.0,0.09283527202399383
rna_AAACGAAAGACGTCGA-1,42,20,0,-1.0,0.16955065992212906
rna_AAACGAAAGGAGTCTG-1,42,20,1,-1.0,0.4359380784965757
rna_AAACGCTAGAGGTTTA-1,42,20,0,-1.0,0.16093039026083275
rna_AAACGCTAGGTTAAAC-1,42,20,0,-1.0,0.1006523220052809
rna_AAACGCTGTCTACATG-1,42,20,1,-1.0,0.3252618447595488
rna_AAAGAACGTATTCCGA-1,42,20,2,-1.0,0.8339828306537066
rna_AAAGGATAGCAGTAAT-1,42,20,0,-1.0,0.2872011716477062
rna_AAAGGATAGTGAATAC-1,42,20,0,-1.0,0.242234594102705
rna_AAAGGATTCATTGTTC-1,42,20,1,-1.0,0.4320559312898134
rna_AAAGGATTCCTAACAG-1,42,20,0,-1.0,0.20084113584188304
rna_AAAGGATTCTTTGCAT-1,42,20,0,-1.0,0.10776619069080884
rna_AAAGGGCGTTACGTAC-1,42,20,2,-1.0,0.8925617297944676
rna_AAAGGGCTCATTTGGG-1,42,20,1,-1.0,0.5516588565514061
rna_AAAGGGCTCTCAAAGC-1,42,20,0,-1.0,0.18725100991072224
rna_AAAGGGCTCTTCCACG-1,42,20,0,-1.0,0.28679087611337345
rna_AAAGGTAAGGGTCACA-1,42,20,0,-1.0,0.14830197354005498
rna_AAAGTCCAGACCAAGC-1,42,20,1,-1.0,0.6702812330656794
rna_AAAGTCCAGCAGGCTA-1,42,20,2,-1.0,0.7468586860202141
rna_AAAGTCCCAAGTGGTG-1,42,20,0,-1.0,0.28510575198939053
rna_AAAGTCCGTCGAAACG-1,42,20,0,-1.0,0.25468698766574793
rna_AAAGTCCGTTCGGTTA-1,42,20,0,-1.0,0.10061707532553679
rna_AAAGTCCTCTGGGTCG-1,42,20,1,-1.0,0.5357016860622951
rna_AAAGTGAAGAGTGGCT-1,42,20,0,-1.0,0.06959974237917997
rna_AAAGTGAAGGTACATA-1,42,20,0,-1.0,0.07132463087909485
rna_AAAGTGACATGACGGA-1,42,20,2,-1.0,0.9346384443306242
rna_AAAGTGATCGAAGTGG-1,42,20,0,-1.0,0.09809106074602499
rna_AAATGGATCGTAGGGA-1,42,20,0,-1.0,0.06471548019796758
rna_AACAAAGGTCCAATCA-1,42,20,1,-1.0,0.5453741207725569
rna_AACAAAGTCGAGGCAA-1,42,20,0,-1.0,0.14770414461539907
rna_AACAACCAGTAGGTTA-1,42,20,0,-1.0,0.07058747103237474
rna_AACAACCCATGAGAAT-1,42,20,0,-1.0,0.07961450897290975
rna_AACAACCGTAAGCGGT-1,42,20,1,-1.0,0.5062696313588461
rna_AACAACCGTACCACGC-1,42,20,2,-1.0,0.7053476763993268
rna_AACAACCTCACCTACC-1,42,20,0,-1.0,0.16445300296901738
rna_AACAACCTCCAATCCC-1,42,20,1,-1.0,0.43563857871968137
rna_AACAAGAAGCTTAAGA-1,42,20,1,-1.0,0.29732186703462327
rna_AACAAGACAACGACTT-1,42,20,1,-1.0,0.3899052985403685
rna_AACAAGACACAAGCCC-1,42,20,1,-1.0,0.5997586608686595
rna_AACAAGACACCTAAAC-1,42,20,0,-1.0,0.1016272200706178
rna_AACAAGATCTAGAACC-1,42,20,1,-1.0,0.3781511341219045
rna_AACACACAGCCTGAAG-1,42,20,0,-1.0,0.16675684497601517
rna_AACACACAGGTCGTCC-1,42,20,1,-1.0,0.6129969683042357
rna_AACACACAGTCATCCA-1,42,20,1,-1.0,0.5451091542569987
rna_AACACACCACGTTGGC-1,42,20,2,-1.0,0.9321499387188072
rna_AACACACTCAGCTTGA-1,42,20,2,-1.0,0.8316969104966351
rna_AACACACTCTAGCATG-1,42,20,1,-1.0,0.4553145251089619
rna_AACCAACAGCGAACTG-1,42,20,0,-1.0,0.15853708754214124
rna_AACCAACAGGTAAACT-1,42,20,0,-1.0,0.18992758766927964
rna_AACCAACAGTCGAATA-1,42,20,0,-1.0,0.3612941415080697
rna_AACCAACCAAGATGTA-1,42,20,2,-1.0,0.8024273272310464
rna_AACCAACCACAAAGCG-1,42,20,0,-1.0,0.22580796181317428
rna_AACCAACGTCGATTCA-1,42,20,1,-1.0,0.29597781458710276
rna_AACCACAGTACTAAGA-1,42,20,0,-1.0,0.2142665537609457
rna_AACCACAGTGGTCTCG-1,42,20,1,-1.0,0.5700287974883852
rna_AACCACATCGACCAAT-1,42,20,0,-1.0,0.2264255063108184
rna_AACCATGAGGTGCCTC-1,42,20,0,-1.0,0.151287491567828
rna_AACCATGCAAACTCGT-1,42,20,0,-1.0,0.18517800983310578
rna_AACCATGCAGCTGCCA-1,42,20,0,-1.0,0.09957052764950669
rna_AACCATGCAGTCTCTC-1,42,20,0,-1.0,0.17434309409891394
rna_AACCATGTCTCGCTCA-1,42,20,0,-1.0,0.19284034739255848
rna_AACCCAAAGATGGCGT-1,42,20,0,-1.0,0.2503069735601769
rna_AACCCAAGTACCAATC-1,42,20,0,-1.0,0.15934563559627843
rna_AACCCAATCAAGTCTG-1,42,20,0,-1.0,0.16436129923628623
rna_AACCTGACAATCGCCG-1,42,20,0,-1.0,0.13000137943469933
rna_AACCTGAGTCTGTGCG-1,42,20,0,-1.0,0.31585484683243853
rna_AACCTTTGTCGCATGC-1,42,20,0,-1.0,0.23281365966047382
rna_AACCTTTTCCTAAGTG-1,42,20,0,-1.0,0.1101477869030398
rna_AACCTTTTCTTCGCTG-1,42,20,0,0.0,0.0
rna_AACGAAACACCCTAAA-1,42,20,1,-1.0,0.7160211466989587
rna_AACGAAACAGGTTCCG-1,42,20,1,-1.0,0.667346987853152
rna_AACGAAAGTTCGGCGT-1,42,20,1,-1.0,0.30581591406264613
rna_AACGAAATCTCTGCTG-1,42,20,0,-1.0,0.22876924415240216
rna_AACGGGACAATTCGTG-1,42,20,1,-1.0,0.5785544897225262
rna_AACGTCAAGTGATAAC-1,42,20,0,-1.0,0.21784582178316828
rna_AACGTCACATCTCATT-1,42,20,0,-1.0,0.4282351695383412
rna_AACGTCAGTACGTGTT-1,42,20,1,-1.0,0.47900254323037844
rna_AACGTCAGTTCATCTT-1,42,20,1,-1.0,0.5285740170820964
rna_AACGTCATCACACCGG-1,42,20,1,-1.0,0.3269551282012835
rna_AACGTCATCAGACATC-1,42,20,0,-1.0,0.1834864655766222
rna_AACGTCATCGTGGACC-1,42,20,0,-1.0,0.3143478393992778
rna_AACTTCTGTAGGACCA-1,42,20,0,-1.0,0.09630276559347223
rna_AAGAACAAGCGTTCAT-1,42,20,1,-1.0,0.5969424121284274
rna_AAGAACACAACACAAA-1,42,20,1,-1.0,0.2951477849167505
rna_AAGAACACAGCGTTGC-1,42,20,2,-1.0,0.9002864277991022
rna_AAGAACACATGTGGTT-1,42,20,0,-1.0,0.16896992829852994
rna_AAGAACACATTCGATG-1,42,20,1,-1.0,0.34048410022197456
rna_AAGAACAGTCCAGCGT-1,42,20,0,-1.0,0.2089643939386584
rna_AAGAACAGTGAGTGAC-1,42,20,3,-1.0,0.7793869283105889
rna_AAGAACATCCAGTTCC-1,42,20,0,-1.0,0.2662894263858322
rna_AAGAACATCCGCACTT-1,42,20,3,-1.0,0.782089426156193
rna_AAGAACATCGCCGAAC-1,42,20,0,-1.0,0.36861897924674736
rna_AAGAACATCTGCGGGT-1,42,20,1,-1.0,0.43422505509741016
rna_AAGACAACAACACGAG-1,42,20,1,-1.0,0.28971851455281294
rna_AAGACAACACGCTGTG-1,42,20,0,-1.0,0.1750887206118322
rna_AAGACTCTCAGTCCGG-1,42,20,1,-1.0,0.37975181932895197
rna_AAGATAGCAGGCTCTG-1,42,20,0,-1.0,0.10755747043293347
rna_AAGATAGTCTTAATCC-1,42,20,1,-1.0,0.35829355979886
rna_AAGATAGTCTTACCAT-1,42,20,0,-1.0,0.1204798486092911
rna_AAGATAGTCTTCCCAG-1,42,20,2,-1.0,0.9041890330133913
rna_AAGCATCAGTATGAGT-1,42,20,1,-1.0,0.5294610273524564
rna_AAGCATCGTCAAAGTA-1,42,20,1,-1.0,0.3742988517196877
rna_AAGCATCGTCAGACGA-1,42,20,0,-1.0,0.3885009480314478
rna_AAGCATCGTTTGACAC-1,42,20,2,-1.0,0.9285241176598583
rna_AAGCATCTCTTGAGCA-1,42,20,0,-1.0,0.12772030715984364
rna_AAGCCATAGTTAACAG-1,42,20,0,-1.0,0.18724874991021817
rna_AAGCCATGTCGGTGAA-1,42,20,1,-1.0,0.5298506785715066
rna_AAGCGAGAGCGCCTAC-1,42,20,0,-1.0,0.251144741083813
rna_AAGCGAGCATGGTGGA-1,42,20,0,-1.0,0.10629832367591616
rna_AAGCGAGTCCGTGCGA-1,42,20,0,-1.0,0.10401444844799894
rna_AAGCGAGTCCTATGGA-1,42,20,1,-1.0,0.3898048685798569
rna_AAGCGTTAGTGACCTT-1,42,20,0,-1.0,0.09553606556850434
rna_AAGCGTTCATGGAAGC-1,42,20,1,-1.0,0.574704194541628
rna_AAGCGTTGTACCCACG-1,42,20,0,-1.0,0.14901853557275457
rna_AAGCGTTGTCGACTTA-1,42,20,0,-1.0,0.2884038104494397
rna_AAGCGTTTCACGATAC-1,42,20,0,-1.0,0.06280991970427659
rna_AAGGAATAGGATAATC-1,42,20,0,-1.0,0.22279117840949808
rna_AAGGAATCACGCAGTC-1,42,20,0,-1.0,0.2693379465545868
rna_AAGGAATGTAGCACGA-1,42,20,1,-1.0,0.559628244529544
rna_AAGGAATTCGGCAGTC-1,42,20,0,-1.0,0.08848974372493101
rna_AAGGAATTCGTCAACA-1,42,20,2,-1.0,0.9321499387188072
rna_AAGGAATTCTATGCCC-1,42,20,1,-1.0,0.49107609068129254
rna_AAGGTAAAGATACGAT-1,42,20,0,-1.0,0.16464330521585155
rna_AAGGTAAAGTGCCAGA-1,42,20,1,-1.0,0.5293886078280124
rna_AAGGTAAAGTGTTCCA-1,42,20,1,0.6015439,0.5873134361659464
rna_AAGGTAACAGTTCACA-1,42,20,1,-1.0,0.32579366445514024
rna_AAGGTAATCAGGAGAC-1,42,20,2,-1.0,0.8649766329107181
rna_AAGTACCGTCAAGCGA-1,42,20,0,-1.0,0.15295087444295158
rna_AAGTACCGTGCAACAG-1,42,20,0,-1.0,0.45741530984140477
rna_AAGTACCGTTATGTCG-1,42,20,1,-1.0,0.3061071637685942
rna_AAGTCGTGTGGACTAG-1,42,20,0,-1.0,0.06465125285094188
rna_AAGTCGTGTGGCCCAT-1,42,20,2,-1.0,0.837556739973644
rna_AAGTCGTTCATGGTAC-1,42,20,2,-1.0,0.9086342310440901
rna_AAGTGAAAGCAACAAT-1,42,20,0,-1.0,0.3242473738768943
rna_AAGTGAACAGAGATGC-1,42,20,0,-1.0,0.08495481510226066
rna_AAGTTCGAGGCCTGCT-1,42,20,0,-1.0,0.060776575895861544
rna_AAGTTCGCAACTTGCA-1,42,20,1,-1.0,0.2696296466287032
rna_AATAGAGAGAGCCCAA-1,42,20,1,-1.0,0.6108690161635242
rna_AATAGAGGTAGCTGTT-1,42,20,0,-1.0,0.08623059712469368
rna_AATAGAGGTAGGGTAC-1,42,20,0,-1.0,0.3735492662572306
rna_AATCGACAGTGATGGC-1,42,20,0,-1.0,0.06612064922513027
rna_AATCGACCAAAGGCGT-1,42,20,1,-1.0,0.3545356478915212
rna_AATCGACGTAAGCAAT-1,42,20,1,-1.0,0.5458658375101053
rna_AATCGACGTTGTACGT-1,42,20,1,-1.0,0.5453685465280429
rna_AATCGTGCACGAAGAC-1,42,20,1,-1.0,0.40652274273217665
rna_AATCGTGCAGCCGTTG-1,42,20,0,-1.0,0.211832717304458
rna_AATCGTGTCAAGCTGT-1,42,20,1,-1.0,0.609712908514317
rna_AATGAAGAGGCGTTGA-1,42,20,0,-1.0,0.11131327824558435
rna_AATGAAGGTACAACGG-1,42,20,0,-1.0,0.19891744852105958
rna_AATGAAGGTTGCATTG-1,42,20,1,-1.0,0.40445525402809296
rna_AATGAAGTCACCGGTG-1,42,20,0,-1.0,0.07271376172749563
rna_AATGAAGTCCATTTGT-1,42,20,0,-1.0,0.06884863308430575
rna_AATGAAGTCTCGGCTT-1,42,20,0,-1.0,0.06736357150864714
rna_AATGACCCATATGCGT-1,42,20,1,-1.0,0.26382979124201267
rna_AATGACCCATGACTCA-1,42,20,1,-1.0,0.5932538167502175
rna_AATGACCCATTCAGCA-1,42,20,2,-1.0,0.8483872186943654
rna_AATGACCTCAAGGTGG-1,42,20,0,-1.0,0.1981614828071454
rna_AATGCCAAGCTAGATA-1,42,20,1,-1.0,0.3920900154064285
rna_AATGCCATCACCTACC-1,42,20,0,-1.0,0.14530098992531437
rna_AATGCCATCGCAACAT-1,42,20,0,-1.0,0.09506610938366349
rna_AATGGAAGTAGCGTCC-1,42,20,1,-1.0,0.5545128659768215
rna_AATGGAAGTCAGACGA-1,42,20,0,-1.0,0.133467497715586
rna_AATGGAAGTTAAGTCC-1,42,20,2,-1.0,0.8696031267883163
rna_AATGGAAGTTTACGAC-1,42,20,1,-1.0,0.6686718385898618
rna_AATGGAAGTTTCTTAC-1,42,20,0,-1.0,0.1136272531420302
rna_AATGGAATCTAGCATG-1,42,20,2,-1.0,0.9154762257012563
rna_AATGGAATCTATCCAT-1,42,20,0,-1.0,0.09331604466867438
rna_AATGGAATCTGATGGT-1,42,20,1,-1.0,0.5327936630103183
rna_AATGGCTGTACACGTT-1,42,20,1,-1.0,0.47104506963946746
rna_AATGGCTGTGAAAGTT-1,42,20,0,-1.0,0.1414896134259031
rna_AATTCCTCATGCGTGC-1,42,20,1,-1.0,0.3435770394511541
rna_AATTCCTGTCCAAAGG-1,42,20,0,-1.0,0.21848056081644007
rna_AATTCCTTCCCAATAG-1,42,20,1,-1.0,0.4786303245324702
rna_AATTCCTTCGTTGTGA-1,42,20,0,-1.0,0.1536897127176487
rna_AATTTCCCAGACCAAG-1,42,20,1,-1.0,0.48347804374283276
rna_AATTTCCTCTAGTTCT-1,42,20,1,-1.0,0.5277120181608885
rna_ACAAAGAAGAGTTGTA-1,42,20,2,-1.0,0.936458846669725
rna_ACAAAGACAACTCCCT-1,42,20,0,-1.0,0.07790916481135886
rna_ACAAAGACATGCCGCA-1,42,20,1,-1.0,0.571670874085003
rna_ACAACCACAACACAAA-1,42,20,0,-1.0,0.24819286443572486
rna_ACAACCACAATTCACG-1,42,20,1,-1.0,0.36709091756108486
rna_ACAACCAGTGAGAGGG-1,42,20,1,-1.0,0.33544200971051447
rna_ACAACCAGTGGCTCTG-1,42,20,1,-1.0,0.4838345782329875
rna_ACAACCATCTCTTGCG-1,42,20,0,-1.0,0.2947678005984127
rna_ACAAGCTAGGGTGAGG-1,42,20,0,-1.0,0.20588701067558893
rna_ACAAGCTCAAGCACCC-1,42,20,2,-1.0,0.936458846669725
rna_ACAAGCTCAATCACGT-1,42,20,3,-1.0,0.7658342199210851
rna_ACAAGCTGTTAAGGAT-1,42,20,1,-1.0,0.37216926388522326
rna_ACAAGCTTCAAGCCGC-1,42,20,0,-1.0,0.3151264056208218
rna_ACACAGTAGTAAGGGA-1,42,20,1,-1.0,0.5553362520929817
rna_ACACAGTCAAACAGGC-1,42,20,0,-1.0,0.3417200132770911
rna_ACACAGTCAATTGAGA-1,42,20,3,0.7734944,0.7742674961491005
rna_ACACAGTCATGGATCT-1,42,20,1,-1.0,0.3496197873574007
rna_ACACAGTTCCTCTAAT-1,42,20,0,-1.0,0.13548364210285485
rna_ACACCAACAATCGTCA-1,42,20,1,-1.0,0.42772533794468826
rna_ACACCAACACTGTTCC-1,42,20,0,-1.0,0.28510575198939053
rna_ACACCAACATCAGTGT-1,42,20,0,-1.0,0.06224597227004992
rna_ACACCAAGTACGGGAT-1,42,20,1,-1.0,0.5752929930878752
rna_ACACGCGGTCTAGTGT-1,42,20,0,-1.0,0.204204925642615
rna_ACACTGAAGATCGCTT-1,42,20,0,-1.0,0.23987036508188717
rna_ACACTGAGTAATGCTC-1,42,20,1,-1.0,0.5574347204633626
rna_ACACTGAGTAGTACGG-1,42,20,0,-1.0,0.16195277372978606
rna_ACAGAAAAGCACTCGC-1,42,20,1,-1.0,0.4566581488356645
rna_ACAGAAACAAGATTGA-1,42,20,1,-1.0,0.43990414002218414
rna_ACAGAAACAGTTTCGA-1,42,20,0,-1.0,0.2784870982997061
rna_ACAGAAATCTTGGATG-1,42,20,1,-1.0,0.5002309520652015
rna_ACAGCCGAGATAGCTA-1,42,20,2,-1.0,0.9272888957381703
rna_ACAGCCGGTGCATGAG-1,42,20,0,-1.0,0.18137595124846848
rna_ACAGCCGGTTCTAACG-1,42,20,0,-1.0,0.14657793342428543
rna_ACAGCCGTCATGCCAA-1,42,20,1,-1.0,0.5510123234632683
rna_ACAGGGAAGTTGAAGT-1,42,20,1,-1.0,0.4225676807907839
rna_ACAGGGACATGGCTGC-1,42,20,0,-1.0,0.2150343499093479
rna_ACAGGGATCCAGGACC-1,42,20,1,-1.0,0.49392405130057826
rna_ACAGGGATCGTGTTCC-1,42,20,0,-1.0,0.14561284416391404
rna_ACATCCCAGGACAGTC-1,42,20,1,-1.0,0.4140139879584165
rna_ACATCCCGTGGCTTGC-1,42,20,1,-1.0,0.29888372181068423
rna_ACATCGAAGAGCAGTC-1,42,20,1,-1.0,0.5911830104479691
rna_ACATCGAAGCGTACAG-1,42,20,0,-1.0,0.09274116871165226
rna_ACATCGACAGAGAATT-1,42,20,1,-1.0,0.38913408534828975
rna_ACATGCAGTACCCGAC-1,42,20,1,-1.0,0.44317870896345096
rna_ACATGCAGTGCAAGAC-1,42,20,1,-1.0,0.5371882356450414
rna_ACATGCATCACGAACT-1,42,20,1,-1.0,0.5185301237162497
rna_ACATTTCGTCGCCTAG-1,42,20,1,-1.0,0.4800341663735489
rna_ACATTTCGTCTCTCAC-1,42,20,0,-1.0,0.24613720735839562
rna_ACATTTCGTCTTTATC-1,42,20,0,-1.0,0.09336076496679714
rna_ACATTTCTCAAAGAAC-1,42,20,1,-1.0,0.7116659630894192
rna_ACCAAACAGGAACTCG-1,42,20,1,-1.0,0.4284523153641513
rna_ACCAAACGTACAGTCT-1,42,20,0,-1.0,0.3212016053010177
rna_ACCAAACGTGATCGTT-1,42,20,1,-1.0,0.3536720041150218
rna_ACCAAACGTTGATCGT-1,42,20,1,-1.0,0.42867882624032
rna_ACCAAACTCAGTGTGT-1,42,20,1,-1.0,0.3977796923588842
rna_ACCAAACTCCTCTAAT-1,42,20,0,-1.0,0.1324610085034639
rna_ACCAACAAGCTGCCTG-1,42,20,1,-1.0,0.5775907724948134
rna_ACCAACAAGGTGTGAC-1,42,20,0,-1.0,0.1728625084092132
rna_ACCAACACAGAACCGA-1,42,20,0,0.0,0.06000898077619068
rna_ACCAACACAGAAGCTG-1,42,20,1,-1.0,0.2759489023747207
rna_ACCAACATCGAGTGAG-1,42,20,0,-1.0,0.20112055852454871
rna_ACCAACATCTGAGAGG-1,42,20,0,-1.0,0.06600785974829294
rna_ACCAACATCTTCCAGC-1,42,20,0,-1.0,0.10393959100931761
rna_ACCACAAAGGCGCTCT-1,42,20,3,-1.0,0.6990569388922004
rna_ACCACAAGTATGATCC-1,42,20,1,-1.0,0.24901473423076875
rna_ACCACAATCCATTCGC-1,42,20,1,-1.0,0.5757431974579158
rna_ACCACAATCGGTCTAA-1,42,20,1,-1.0,0.510693116262023
rna_ACCATTTCAACGGTAG-1,42,20,0,-1.0,0.073538646681286
rna_ACCATTTCATCCGAGC-1,42,20,0,-1.0,0.168854261921704
rna_ACCCAAAAGCGCCTAC-1,42,20,0,-1.0,0.2375963965609581
rna_ACCCAAATCCAGTGTA-1,42,20,3,-1.0,0.7667120364640683
rna_ACCCAAATCCTCCACA-1,42,20,1,-1.0,0.4187703057416375
rna_ACCCAAATCGTAACTG-1,42,20,0,0.11278949,0.12296021016804674
rna_ACCCTCAAGGTTTACC-1,42,20,1,-1.0,0.5831446533777506
rna_ACCCTCACACACAGAG-1,42,20,1,-1.0,0.5445587465727237
rna_ACCCTTGAGACCCGCT-1,42,20,0,-1.0,0.2727447858010935
rna_ACCCTTGCAAATGGTA-1,42,20,0,-1.0,0.293034038179868
rna_ACCCTTGCAACTCATG-1,42,20,1,-1.0,0.4452002435218663
rna_ACCGTTCCAGTAGATA-1,42,20,2,-1.0,0.9346384443306242
rna_ACCTACCGTTGCTAGT-1,42,20,1,-1.0,0.3429282659144426
rna_ACCTACCTCTTACACT-1,42,20,0,-1.0,0.2370687306915439
rna_ACCTGAAGTGTTTACG-1,42,20,0,-1.0,0.23529444640870426
rna_ACCTGAAGTTCTTCAT-1,42,20,2,-1.0,0.9135954786089894
rna_ACCTGAAGTTTCAGAC-1,42,20,0,-1.0,0.32198113275527385
rna_ACCTGTCGTCTTTCTA-1,42,20,2,-1.0,0.9018472170026983
rna_ACCTGTCTCGATACGT-1,42,20,0,-1.0,0.09802123869350174
rna_ACGATCACACTACAGT-1,42,20,0,-1.0,0.08855311305276188
rna_ACGATCAGTTGCGTAT-1,42,20,1,-1.0,0.2520968135813886
rna_ACGATGTAGGCGACAT-1,42,20,0,-1.0,0.09708759242536434
rna_ACGATGTGTATTCCGA-1,42,20,1,-1.0,0.45449788837276756
rna_ACGCACGGTGCAGATG-1,42,20,0,-1.0,0.268843251922153
rna_ACGCACGTCCTTGAAG-1,42,20,0,-1.0,0.19459237567850554
rna_ACGGAAGAGCCTATCA-1,42,20,0,-1.0,0.12779184504120888
rna_ACGGAAGAGGCGCTCT-1,42,20,0,-1.0,0.1315687263696824
rna_ACGGAAGAGTCGCTAT-1,42,20,0,-1.0,0.2424064786490161
rna_ACGGAAGCAAACACCT-1,42,20,1,-1.0,0.4462985144196048
rna_ACGGGTCCAATGACCT-1,42,20,1,-1.0,0.6253210313578564
rna_ACGGGTCGTACTAACC-1,42,20,1,-1.0,0.5817258589157854
rna_ACGGGTCTCCAACTAG-1,42,20,1,-1.0,0.4070773640256078
rna_ACGGGTCTCCTACGGG-1,42,20,1,-1.0,0.5833535982391286
rna_ACGGTCGGTACTAAGA-1,42,20,0,-1.0,0.22823162907678668
rna_ACGGTTAAGCCTGACC-1,42,20,1,-1.0,0.623716523821096
rna_ACGGTTAAGTCATAGA-1,42,20,0,-1.0,0.17979204475582541
rna_ACGGTTAAGTCATTGC-1,42,20,1,-1.0,0.49367478127192166
rna_ACGGTTAAGTTCCGGC-1,42,20,1,-1.0,0.4978064985372243
rna_ACGGTTACACGTTGGC-1,42,20,1,-1.0,0.3724955411234152
rna_ACGGTTACAGAGTAAT-1,42,20,0,-1.0,0.07271376172749563
rna_ACGGTTACATGTTTGG-1,42,20,0,-1.0,0.2602331196163293
rna_ACGTAACCACAAATCC-1,42,20,1,-1.0,0.515423910467427
rna_ACGTACACAACAACAA-1,42,20,1,-1.0,0.3572598747133558
rna_ACGTACACAACATCGT-1,42,20,2,-1.0,0.915517304598479
rna_ACGTACACAGTCGTTA-1,42,20,0,-1.0,0.1536897127176487
rna_ACGTACAGTCATCGCG-1,42,20,0,-1.0,0.15529617965493409
rna_ACGTACAGTCTTTATC-1,42,20,1,-1.0,0.32740659730447624
rna_ACGTAGTAGAGAGCCT-1,42,20,1,-1.0,0.5838718312183638
rna_ACGTAGTAGGACAGTC-1,42,20,0,-1.0,0.24072504259234584
rna_ACGTAGTCAATGTGGG-1,42,20,0,-1.0,0.0991675216921176
rna_ACGTAGTGTCGTCTCT-1,42,20,1,-1.0,0.3053028774465854
rna_ACGTCCTAGTCCGCCA-1,42,20,1,-1.0,0.3133215963540982
rna_ACGTCCTGTCTGTCCT-1,42,20,0,-1.0,0.20942441575813092
rna_ACGTCCTTCCACTAGA-1,42,20,1,-1.0,0.4192800986560444
rna_ACGTTCCAGTAAAGCT-1,42,20,2,-1.0,0.9108220389609754
rna_ACGTTCCCACACCAGC-1,42,20,1,-1.0,0.3061191736761155
rna_ACGTTCCGTCTACGTA-1,42,20,1,-1.0,0.41980101833823646
rna_ACTACGAAGCTGGAGT-1,42,20,0,-1.0,0.2404521038847576
rna_ACTACGAAGTAACGTA-1,42,20,1,-1.0,0.5188676951381835
rna_ACTACGAAGTCACGCC-1,42,20,0,-1.0,0.2079644414372259
rna_ACTACGACAGTCAGAG-1,42,20,1,-1.0,0.42950430762333186
rna_ACTACGAGTGATCATC-1,42,20,1,-1.0,0.5369044971167665
rna_ACTACGATCTGGGCAC-1,42,20,1,-1.0,0.6290587296552342
rna_ACTATCTAGCCAAGGT-1,42,20,1,-1.0,0.3376069166742285
rna_ACTATCTAGCCATGCC-1,42,20,1,-1.0,0.29062169656638676
rna_ACTATCTAGTAGAATC-1,42,20,1,-1.0,0.47740964357401167
rna_ACTATCTCAACCACAT-1,42,20,0,-1.0,0.08708132953538984
rna_ACTATCTCACGCGGTT-1,42,20,0,-1.0,0.3524382883188803
rna_ACTATCTGTCGTGGAA-1,42,20,1,-1.0,0.20546783219985962
rna_ACTATGGAGAGTGTTA-1,42,20,0,-1.0,0.07054897936750647
rna_ACTATGGAGCAACCAG-1,42,20,0,-1.0,0.1598155917811193
rna_ACTATGGCAGCATACT-1,42,20,1,-1.0,0.5195121465835659
rna_ACTATGGGTCGCTTGG-1,42,20,0,-1.0,0.06601009762558405
rna_ACTATGGTCTCTCCGA-1,42,20,0,-1.0,0.06134052333008822
rna_ACTATTCAGCACTTTG-1,42,20,2,-1.0,0.9073910039539358
rna_ACTATTCCAAAGAACT-1,42,20,1,-1.0,0.6104158211983148
rna_ACTATTCCAATATCCG-1,42,20,1,-1.0,0.31245631388525374
rna_ACTATTCGTAAGGAGA-1,42,20,2,-1.0,0.8876399903776498
rna_ACTATTCTCTAGGCCG-1,42,20,1,-1.0,0.5429454670846086
rna_ACTCCCAAGCGGATCA-1,42,20,0,-1.0,0.16684039255633717
rna_ACTCCCATCTTAATCC-1,42,20,1,-1.0,0.38690091445870567
rna_ACTCTCGAGAAGGTAG-1,42,20,0,-1.0,0.09783776944823973
rna_ACTCTCGTCTTGCAAG-1,42,20,1,-1.0,0.26491990433033874
rna_ACTGATGTCTGACAGT-1,42,20,0,-1.0,0.23251748000472003
rna_ACTGATGTCTGATGGT-1,42,20,1,0.69207394,0.6587859088841388
rna_ACTGCAAAGGCCACTC-1,42,20,1,-1.0,0.4477536971967019
rna_ACTGCAACACCTCAGG-1,42,20,1,-1.0,0.40635410086361184
rna_ACTGCAATCGCATTGA-1,42,20,0,-1.0,0.17593650137072817
rna_ACTGTCCCACACACGC-1,42,20,0,-1.0,0.1342767176768328
rna_ACTGTCCGTGGCTACC-1,42,20,1,-1.0,0.2743398403608948
rna_ACTGTGACACTACAGT-1,42,20,1,-1.0,0.4115040529994737
rna_ACTTAGGAGATGCGAC-1,42,20,0,-1.0,0.09408975680215309
rna_ACTTAGGTCTAGGCAT-1,42,20,1,-1.0,0.5244665832827605
rna_ACTTAGGTCTCGGGAC-1,42,20,2,-1.0,0.7048154303716528
rna_ACTTATCAGGTCATAA-1,42,20,1,-1.0,0.3567085768383899
rna_ACTTATCCAAGCAGGT-1,42,20,0,-1.0,0.173833648885896
rna_ACTTATCGTGCAACAG-1,42,20,1,-1.0,0.590745122899988
rna_ACTTCCGAGGTAGATT-1,42,20,1,-1.0,0.5652956654054755
rna_ACTTCCGCACGTACAT-1,42,20,1,-1.0,0.6226496876408636
rna_ACTTCCGGTTGTAGCT-1,42,20,0,-1.0,0.13089057141217944
rna_ACTTCGCAGCCTAGGA-1,42,20,2,-1.0,0.8751660000524804
rna_ACTTCGCCAACGGCCT-1,42,20,0,-1.0,0.068851766100072
rna_ACTTCGCCACACCGCA-1,42,20,1,-1.0,0.5293489373797499
rna_ACTTCGCCAGCGCTTG-1,42,20,0,-1.0,0.14024255053693835
rna_ACTTTCAAGCCATTCA-1,42,20,0,-1.0,0.23173695210491618
rna_ACTTTCAAGCGTTAGG-1,42,20,0,-1.0,0.07306869049644513
rna_ACTTTCACACGTAGTT-1,42,20,1,-1.0,0.537388976792102
rna_ACTTTCAGTGGAGAAA-1,42,20,3,-1.0,0.7769699939947047
rna_ACTTTCAGTGTAAACA-1,42,20,1,-1.0,0.4942166539714451
rna_ACTTTCATCATGCCAA-1,42,20,1,-1.0,0.28789747889674744
rna_ACTTTGTCAATCTGCA-1,42,20,0,-1.0,0.09810646488487215
rna_ACTTTGTCACTGGATT-1,42,20,0,-1.0,0.22055412041165284
rna_ACTTTGTCAGAGTGTG-1,42,20,0,-1.0,0.3210548799676413
rna_ACTTTGTCATGTTTGG-1,42,20,0,-1.0,0.2120803395667897
rna_AGAAATGCACGCAAAG-1,42,20,0,-1.0,0.19716607845573145
rna_AGAAATGGTATGGGAC-1,42,20,0,-1.0,0.22015982696171893
rna_AGAAATGTCTCTCTAA-1,42,20,0,-1.0,0.1336341330269204
rna_AGAACCTAGCAGGCAT-1,42,20,1,-1.0,0.33474034737657427
rna_AGAACCTCAATCAGCT-1,42,20,1,-1.0,0.5881600065224439
rna_AGAACCTGTTCGTAAC-1,42,20,1,-1.0,0.3987144715601274
rna_AGAAGCGAGGAACTCG-1,42,20,0,-1.0,0.12916165541332686
rna_AGAAGCGGTACAGTAA-1,42,20,1,-1.0,0.4490400874975125
rna_AGAAGCGGTACGCTTA-1,42,20,2,-1.0,0.9090734758799495
rna_AGAAGCGGTGAGTTGG-1,42,20,1,-1.0,0.346569421685552
rna_AGAAGCGTCACTGTCC-1,42,20,0,-1.0,0.1660331127327084
rna_AGAAGTAAGGCCTTCG-1,42,20,0,-1.0,0.24256718101294805
rna_AGAAGTACAAGATGTA-1,42,20,1,-1.0,0.6231537953333937
rna_AGAAGTATCGACGTCG-1,42,20,0,-1.0,0.11610865922828037
rna_AGACAAAAGGTACAGC-1,42,20,1,-1.0,0.3139659502303139
rna_AGACAAACAAGTGGCA-1,42,20,0,-1.0,0.23351272889205238
rna_AGACAAATCGCAATTG-1,42,20,0,-1.0,0.09506610938366349
rna_AGACACTCACGCGCTA-1,42,20,1,-1.0,0.6954923493717874
rna_AGACAGGCAACAAGTA-1,42,20,0,-1.0,0.23747685669941304
rna_AGACAGGCACGATTCA-1,42,20,0,-1.0,0.3037574243242564
rna_AGACAGGCAGCTACCG-1,42,20,2,-1.0,0.7187056874555969
rna_AGACCATCACGCTGTG-1,42,20,0,-1.0,0.18726857731877164
rna_AGACCATGTGCTAGCC-1,42,20,1,-1.0,0.5362207461322939
rna_AGACCATGTGTGAGCA-1,42,20,1,-1.0,0.5511836373376919
rna_AGACCATTCGATACTG-1,42,20,0,-1.0,0.1236586171199774
rna_AGACCCGCAACCAATC-1,42,20,2,-1.0,0.7930942386096675
rna_AGACCCGTCTTAGCAG-1,42,20,0,-1.0,0.09809106074602499
rna_AGACTCAAGGACTGGT-1,42,20,0,-1.0,0.17837058135162312
rna_AGACTCACATGGGATG-1,42,20,1,-1.0,0.36605477569648437
rna_AGACTCAGTCGTCATA-1,42,20,0,-1.0,0.1696418039631099
rna_AGACTCATCACGATAC-1,42,20,0,-1.0,0.19545539254516303
rna_AGAGAATGTCCAGCAC-1,42,20,1,-1.0,0.2706870490323071
rna_AGAGAATTCAAGTAAG-1,42,20,3,-1.0,0.7767957149593844
rna_AGAGAGCGTGGAGAAA-1,42,20,0,-1.0,0.2207537167095653
rna_AGAGAGCGTGTGGTCC-1,42,20,2,-1.0,0.8021815319260074
rna_AGAGCAGAGGAGACCT-1,42,20,1,-1.0,0.4705382848567375
rna_AGAGCAGTCACGGACC-1,42,20,0,-1.0,0.14893629240361408
rna_AGAGCAGTCCAACTAG-1,42,20,0,-1.0,0.21777605987594487
rna_AGAGCAGTCGCTATTT-1,42,20,0,-1.0,0.19726523932109463
rna_AGAGCCCAGTATGCAA-1,42,20,0,-1.0,0.1330915327666785
rna_AGAGCCCAGTGCCCGT-1,42,20,0,-1.0,0.1201377503083102
rna_AGAGCCCCAAAGCTCT-1,42,20,2,-1.0,0.8784313709387213
rna_AGAGCCCGTCATCAGT-1,42,20,0,-1.0,0.19852344637912597
rna_AGAGCCCGTGCGGATA-1,42,20,1,-1.0,0.584342578382031
rna_AGAGCCCGTGTTGAGG-1,42,20,1,-1.0,0.516563417326511
rna_AGATAGACATACAGCT-1,42,20,0,-1.0,0.28474915270723167
rna_AGATAGATCAGACAAA-1,42,20,0,-1.0,0.12735224975566792
rna_AGATCCAAGTTTAGGA-1,42,20,0,-1.0,0.14024255053693835
rna_AGATCCACATAGGAGC-1,42,20,1,-1.0,0.40797157043041227
rna_AGATCCAGTCAACGCC-1,42,20,0,-1.0,0.10502765161514516
rna_AGATCGTCAGCAGTCC-1,42,20,0,-1.0,0.26679507833913985
rna_AGATCGTTCTGATGGT-1,42,20,0,-1.0,0.21190363593402073
rna_AGATGAAAGGTCGCCT-1,42,20,0,-1.0,0.1893841556701218
rna_AGATGAACACGCCACA-1,42,20,1,-1.0,0.5453106765264181
rna_AGATGAACAGCCGTTG-1,42,20,0,-1.0,0.20528918175093303
rna_AGATGAATCGGACTTA-1,42,20,0,-1.0,0.33308168818893286
rna_AGATGAATCGTAGGAG-1,42,20,2,-1.0,0.8115162016388687
rna_AGATGCTAGGAAGAAC-1,42,20,0,-1.0,0.23173843093359087
rna_AGATGCTCAGTAACCT-1,42,20,1,-1.0,0.5552564911318655
rna_AGATGCTGTCGCTTGG-1,42,20,2,-1.0,0.863781230546782
rna_AGATGCTGTGTCCACG-1,42,20,1,-1.0,0.2826649381383624
rna_AGCATCACAACAACAA-1,42,20,0,-1.0,0.14881201507382474
rna_AGCATCAGTACGAGTG-1,42,20,0,-1.0,0.20456336749383097
rna_AGCATCAGTTGTGCCG-1,42,20,0,-1.0,0.2599690489361417
rna_AGCCAATGTACTGCGC-1,42,20,1,-1.0,0.638271187004492
rna_AGCCAATTCTCAAAGC-1,42,20,1,-1.0,0.39687334567595206
rna_AGCCACGCAATACGAA-1,42,20,2,0.70689654,0.7068748290206471
rna_AGCCACGCACCTGATA-1,42,20,0,-1.0,0.10810150085722565
rna_AGCCACGTCTATCGTT-1,42,20,1,-1.0,0.5700449215250805
rna_AGCCACGTCTGTCAGA-1,42,20,0,-1.0,0.18725100991072224
rna_AGCCAGCCACGCGTGT-1,42,20,1,-1.0,0.3454857770669398
rna_AGCCAGCGTAGCACGA-1,42,20,2,-1.0,0.8313693243027558
rna_AGCCAGCTCAGTCACA-1,42,20,1,-1.0,0.37449565190657114
rna_AGCCAGCTCGGTCAGC-1,42,20,1,-1.0,0.49625128943691893
rna_AGCCAGCTCGTGCGAC-1,42,20,0,-1.0,0.20786921062999003
rna_AGCGATTCAATCTGCA-1,42,20,0,-1.0,0.09223686113938064
rna_AGCGATTCATCGCTCT-1,42,20,2,-1.0,0.8958709120874824
rna_AGCGCCAAGTATGATG-1,42,20,2,-1.0,0.847278848841561
rna_AGCGCCAGTGTGATGG-1,42,20,0,-1.0,0.15589772363651602
rna_AGCGCTGCAGTAACAA-1,42,20,0,-1.0,0.08570316448333923
rna_AGCGCTGGTCTACGTA-1,42,20,0,-1.0,0.16540452724361118
rna_AGCGCTGTCTAGGAAA-1,42,20,1,-1.0,0.5544188917292467
rna_AGCGTATCATGCAGCC-1,42,20,0,-1.0,0.3080878133958516
rna_AGCGTATTCATTGCGA-1,42,20,0,-1.0,0.06280991970427659
rna_AGCGTATTCTAGCATG-1,42,20,0,-1.0,0.35836421197182716
rna_AGCGTCGCAAAGACTA-1,42,20,0,-1.0,0.2631187382986444
rna_AGCGTCGCACTACTTT-1,42,20,1,-1.0,0.2706870490323071
rna_AGCGTCGTCTCCGAAA-1,42,20,1,-1.0,0.505438610772218
rna_AGCTACAAGTTCCTGA-1,42,20,0,-1.0,0.08527613850049524
rna_AGCTACAGTCCTCATC-1,42,20,0,-1.0,0.06224597227004992
rna_AGCTACATCATCACCC-1,42,20,2,-1.0,0.8062178466026754
rna_AGCTACATCGGTGAAG-1,42,20,1,-1.0,0.45333650766626477
rna_AGCTCAAAGTCCCAAT-1,42,20,1,-1.0,0.33979295223275
rna_AGCTCAACAACCAATC-1,42,20,1,-1.0,0.25804131901905775
rna_AGCTCAAGTTGGCCTG-1,42,20,0,-1.0,0.24485841376522915
rna_AGCTTCCAGTGAGCCA-1,42,20,1,-1.0,0.4557221758984739
rna_AGCTTCCCAACGTAAA-1,42,20,0,-1.0,0.2393477666262862
rna_AGCTTCCGTCGCCACA-1,42,20,1,-1.0,0.3741507408303755
rna_AGCTTCCTCTTCCGTG-1,42,20,0,-1.0,0.24135155621980367
rna_AGGAAATCAACAGCCC-1,42,20,1,-1.0,0.4182444882219037
rna_AGGAAATGTCACTCGG-1,42,20,1,-1.0,0.4545225784859902
rna_AGGAAATTCATTCTTG-1,42,20,1,-1.0,0.5489513977335182
rna_AGGAAATTCATTTGCT-1,42,20,2,-1.0,0.8472328986208703
rna_AGGAATAAGTCCGCGT-1,42,20,1,0.41356146,0.40986615902821916
rna_AGGAATAGTTGCACGC-1,42,20,0,-1.0,0.18534185940584558
rna_AGGAATATCTCCTGCA-1,42,20,0,-1.0,0.0857460946853361
rna_AGGACGACAACTGCTA-1,42,20,1,-1.0,0.5979850489221845
rna_AGGACGAGTAGCCAGA-1,42,20,0,-1.0,0.2971666652170778
rna_AGGACGAGTCGTATTG-1,42,20,3,0.7938495,0.7807930832948717
rna_AGGACGATCACTGGTA-1,42,20,0,-1.0,0.15996754414726433
rna_AGGACGATCCGTTTCG-1,42,20,0,-1.0,0.12341603016641191
rna_AGGACTTGTTGTGCAT-1,42,20,0,-1.0,0.3493677116293491
rna_AGGAGGTAGACAGCTG-1,42,20,1,-1.0,0.5299867341054137
rna_AGGAGGTCAACTAGAA-1,42,20,1,-1.0,0.6076025572946835
rna_AGGAGGTGTCGCATCG-1,42,20,0,-1.0,0.06690704262003096
rna_AGGAGGTTCTGTTCAT-1,42,20,1,-1.0,0.5518620724701315
rna_AGGATAAGTATCGTAC-1,42,20,1,-1.0,0.2419378502427837
rna_AGGATCTAGACCACGA-1,42,20,0,-1.0,0.1319691210007812
rna_AGGATCTCAGTTAGAA-1,42,20,0,-1.0,0.2026312736968791
rna_AGGATCTCATTGTCGA-1,42,20,0,-1.0,0.1013067175655049
rna_AGGCATTAGACCAAAT-1,42,20,0,-1.0,0.2503069735601769
rna_AGGCATTGTAGCTTTG-1,42,20,1,-1.0,0.32772217841915074
rna_AGGCCACGTACTAAGA-1,42,20,0,-1.0,0.06350769278236351
rna_AGGCCACGTCGCACGT-1,42,20,0,-1.0,0.23499133806988332
rna_AGGCCACGTGAGGATC-1,42,20,2,-1.0,0.9321686167730208
rna_AGGCCACTCTATACTC-1,42,20,0,-1.0,0.17593285218700175
rna_AGGGAGTCAGCACGAA-1,42,20,1,-1.0,0.49096401592012895
rna_AGGGAGTCAGCTGTAT-1,42,20,0,-1.0,0.25935976017233986
rna_AGGGAGTGTCAAACGG-1,42,20,1,-1.0,0.34789604991837025
rna_AGGGAGTGTCATCCCT-1,42,20,2,-1.0,0.8234918616805526
rna_AGGGAGTTCCGACGGT-1,42,20,1,-1.0,0.597543551709347
rna_AGGGCCTAGAACAAGG-1,42,20,1,-1.0,0.30387286751313075
rna_AGGGCTCAGACGATAT-1,42,20,0,-1.0,0.11477372238583236
rna_AGGGCTCAGCCTGAAG-1,42,20,1,-1.0,0.4557221758984739
rna_AGGGCTCTCTCGTGGG-1,42,20,0,-1.0,0.10641764028681557
rna_AGGGTCCCACAAGCCC-1,42,20,1,-1.0,0.34436827358263467
rna_AGGGTCCTCATTACGG-1,42,20,0,-1.0,0.1905033230593813
rna_AGGGTGAAGAGTCTTC-1,42,20,1,-1.0,0.5431398245794765
rna_AGGGTTTTCCGCAGTG-1,42,20,0,-1.0,0.10061707532553679
rna_AGGGTTTTCGGATTAC-1,42,20,0,-1.0,0.17095903639232243
rna_AGGTAGGAGGTTGGTG-1,42,20,0,-1.0,0.2691032073919044
rna_AGGTCATAGAATCCCT-1,42,20,0,-1.0,0.15287765825035726
rna_AGGTCATAGCTCACTA-1,42,20,0,-1.0,0.07112769686418129
rna_AGGTCATAGTATGATG-1,42,20,2,-1.0,0.82506024658007
rna_AGGTCATCAGTGTATC-1,42,20,0,-1.0,0.5353283319443917
rna_AGGTCATGTTCCTAGA-1,42,20,0,-1.0,0.0752610735006793
rna_AGGTCATTCATGGAGG-1,42,20,0,-1.0,0.2199562914869969
rna_AGGTCTACAGAAGTGC-1,42,20,1,-1.0,0.5535486830075795
rna_AGGTCTACAGGCACAA-1,42,20,1,-1.0,0.22880012806776973
rna_AGGTCTACATAACAGA-1,42,20,0,-1.0,0.2857696290037757
rna_AGGTCTAGTACAAGTA-1,42,20,0,-1.0,0.17625421199411317
rna_AGGTCTAGTGAGCAGT-1,42,20,2,0.8965517,0.8905875918698561
rna_AGGTTACAGAACCCGA-1,42,20,0,-1.0,0.18805328308420208
rna_AGGTTACAGAACTCCT-1,42,20,2,-1.0,0.8009529780725302
rna_AGGTTACAGCAAGCCA-1,42,20,1,-1.0,0.6542002498444228
rna_AGGTTACGTGTCATCA-1,42,20,0,-1.0,0.18799588231532469
rna_AGGTTGTCAATGAGCG-1,42,20,0,-1.0,0.1306375784536099
rna_AGGTTGTCACTCCGGA-1,42,20,0,-1.0,0.11700015862124212
rna_AGGTTGTCAGTAGAAT-1,42,20,0,-1.0,0.2501664794771489
rna_AGGTTGTGTAGATCGG-1,42,20,0,-1.0,0.09307494964279849
rna_AGGTTGTGTCACTTAG-1,42,20,1,0.37596497,0.3666260118836706
rna_AGGTTGTTCCCTGGTT-1,42,20,1,-1.0,0.3030418553626505
rna_AGTAACCAGAAGCTGC-1,42,20,0,-1.0,0.12280169348127488
rna_AGTAACCGTATCGCGC-1,42,20,0,-1.0,0.3257865507103251
rna_AGTAACCGTATCTCTT-1,42,20,1,-1.0,0.217888102935191
rna_AGTACCAAGTTGAAAC-1,42,20,0,-1.0,0.17360735168558927
rna_AGTACCATCAAACCCA-1,42,20,0,-1.0,0.060776575895861544
rna_AGTACTGAGAAGTCTA-1,42,20,1,-1.0,0.560390801639214
rna_AGTACTGAGATGCGAC-1,42,20,1,-1.0,0.3560618804436079
rna_AGTACTGAGGACTTCT-1,42,20,1,-1.0,0.47193982505189275
rna_AGTACTGAGGATTTCC-1,42,20,1,-1.0,0.5262922815083865
rna_AGTACTGCAAGCCATT-1,42,20,1,-1.0,0.30710347084778666
rna_AGTACTGGTCCGATCG-1,42,20,2,-1.0,0.9136189057080973
rna_AGTACTGGTCGGTGAA-1,42,20,1,-1.0,0.38508009220644945
rna_AGTACTGGTCTAGGCC-1,42,20,1,-1.0,0.4665576644173808
rna_AGTACTGGTTACAGCT-1,42,20,0,-1.0,0.06454070125139569
rna_AGTACTGTCAAAGGTA-1,42,20,2,-1.0,0.8437603073245482
rna_AGTAGCTCACAAGCAG-1,42,20,1,-1.0,0.29416539032542927
rna_AGTAGTCAGCTTACGT-1,42,20,1,-1.0,0.26046859535377553
rna_AGTAGTCCACGTATAC-1,42,20,1,-1.0,0.2861205231965194
rna_AGTAGTCGTCAAGTTC-1,42,20,3,-1.0,0.7626980804783252
rna_AGTCAACAGGCATCTT-1,42,20,1,-1.0,0.37410817909453603
rna_AGTCAACAGGGAGTTC-1,42,20,0,-1.0,0.10132003291004806
rna_AGTCACAAGATAGCAT-1,42,20,0,-1.0,0.1182673244229665
rna_AGTCACAGTACGGCAA-1,42,20,0,-1.0,0.2729817497609256
rna_AGTCACATCCACGGAC-1,42,20,0,-1.0,0.24461499622799746
rna_AGTCATGAGACGTCCC-1,42,20,1,-1.0,0.43029637075369315
rna_AGTCATGCATTGCTGA-1,42,20,0,-1.0,0.2629579701705367
rna_AGTCTCCAGTGCACAG-1,42,20,0,-1.0,0.24926761491465124
rna_AGTCTCCCAGTAGAGC-1,42,20,1,-1.0,0.3349634436467396
rna_AGTGACTAGGGAGTTC-1,42,20,0,-1.0,0.15500801473155998
rna_AGTGACTCAAGATCCT-1,42,20,0,-1.0,0.06312702827171109
rna_AGTGATCGTTAGGGAC-1,42,20,0,-1.0,0.07449198643577151
rna_AGTGATCTCCGTTGAA-1,42,20,0,-1.0,0.1919529125870476
rna_AGTGATCTCTGAATCG-1,42,20,0,-1.0,0.06047893696103154
rna_AGTGCCGAGCATGCAG-1,42,20,0,-1.0,0.22058214580912947
rna_AGTGCCGAGCTGACAG-1,42,20,1,-1.0,0.5912474195234809
rna_AGTGCCGAGGAGCTGT-1,42,20,1,-1.0,0.2854641509754214
rna_AGTGCCGCACTTGGCG-1,42,20,0,-1.0,0.25700054346499507
rna_AGTGCCGCATGGCGCT-1,42,20,1,-1.0,0.3164383436140596
rna_AGTGCCGCATTATGCG-1,42,20,1,-1.0,0.5425137066169016
rna_AGTGCCGGTAGTCACT-1,42,20,1,-1.0,0.6195760074307521
rna_AGTGCCGGTCGCAACC-1,42,20,0,-1.0,0.21696387840905001
rna_AGTGCCGTCGAATCCA-1,42,20,1,-1.0,0.39429953634886755
rna_AGTGTTGCAAGACGAC-1,42,20,0,-1.0,0.12394342583137016
rna_AGTGTTGGTGTTATCG-1,42,20,1,-1.0,0.2930388376635558
rna_AGTTAGCAGCGCGTTC-1,42,20,1,-1.0,0.5698984018169437
rna_AGTTAGCGTAGGGAGG-1,42,20,0,-1.0,0.1964366617343345
rna_AGTTAGCTCTCGCTCA-1,42,20,0,-1.0,0.14723418843055822
rna_AGTTCCCAGAGGTTAT-1,42,20,0,-1.0,0.18840137417029804
rna_AGTTCCCAGTGCTCAT-1,42,20,0,-1.0,0.08460234793506945
rna_AGTTCCCAGTTGGGAC-1,42,20,0,-1.0,0.19548027836583146
rna_AGTTCCCCAGAGGAAA-1,42,20,0,-1.0,0.14554402976589537
rna_AGTTCCCTCATGCCGG-1,42,20,1,-1.0,0.42562836253654873
rna_AGTTCCCTCTCGGTCT-1,42,20,1,-1.0,0.6466512131686463
rna_AGTTCGACATGTTACG-1,42,20,3,-1.0,0.7478597921617921
rna_ATACCGAAGCCAAGTG-1,42,20,1,-1.0,0.48041726946121194
rna_ATACCTTAGATCCAAA-1,42,20,0,-1.0,0.08836755514043633
rna_ATACCTTGTTCTTCAT-1,42,20,1,-1.0,0.543531594011008
rna_ATACTTCCACAAGTTC-1,42,20,0,-1.0,0.20124843126436376
rna_ATACTTCCACACCTAA-1,42,20,1,-1.0,0.2861875218003921
rna_ATACTTCTCGCAGTCG-1,42,20,1,-1.0,0.577099608757451
rna_ATAGACCCACAATTCG-1,42,20,1,-1.0,0.4134478823382347
rna_ATAGACCGTGAGTGAC-1,42,20,0,-1.0,0.07253085176421271
rna_ATAGAGAAGTAGCTCT-1,42,20,1,-1.0,0.43913277432210157
rna_ATAGGCTGTACATTGC-1,42,20,1,-1.0,0.3945891452529622
rna_ATAGGCTGTGAGCGAT-1,42,20,1,-1.0,0.3531639374957183
rna_ATAGGCTGTGCATCTA-1,42,20,1,-1.0,0.26799887013343304
rna_ATATCCTGTCTTGAGT-1,42,20,1,-1.0,0.6241794409338561
rna_ATCACAGCACATCATG-1,42,20,1,-1.0,0.24838792387063477
rna_ATCACGACAGAAGCTG-1,42,20,1,-1.0,0.5750575904185904
rna_ATCACGAGTAGATTAG-1,42,20,0,-1.0,0.2314377231212511
rna_ATCACGAGTAGTCGGA-1,42,20,0,-1.0,0.22924624987050066
rna_ATCACGATCTTGAACG-1,42,20,0,-1.0,0.24542148848793782
rna_ATCACTTAGCGATTCT-1,42,20,0,-1.0,0.14501130021585973
rna_ATCACTTAGGTTCCAT-1,42,20,1,-1.0,0.35590282374594906
rna_ATCACTTAGTCCCTAA-1,42,20,0,-1.0,0.1135173728060908
rna_ATCACTTTCGTGGCGT-1,42,20,0,-1.0,0.11246176179948565
rna_ATCACTTTCTTAGCCC-1,42,20,1,-1.0,0.581581657317917
rna_ATCAGGTAGCTCATAC-1,42,20,1,-1.0,0.46653978459738077
rna_ATCAGGTAGGCTAACG-1,42,20,1,-1.0,0.42343629898231433
rna_ATCAGGTGTAACACGG-1,42,20,0,-1.0,0.0943705742259598
rna_ATCAGGTTCTAGTCAG-1,42,20,1,-1.0,0.5309178915492635
rna_ATCATTCAGGGAACAA-1,42,20,1,-1.0,0.3837278812739642
rna_ATCATTCAGGGCTGAT-1,42,20,0,-1.0,0.09931947426014531
rna_ATCATTCCATTGACAC-1,42,20,1,-1.0,0.520871029072847
rna_ATCCACCAGGCTTTCA-1,42,20,0,-1.0,0.09403022908907202
rna_ATCCACCCAGGTTACT-1,42,20,1,-1.0,0.4070244764730274
rna_ATCCATTAGACTGGGT-1,42,20,2,-1.0,0.7068748290206471
rna_ATCCATTCATCCGTGG-1,42,20,0,-1.0,0.19284034739255848
rna_ATCCATTGTTGGGATG-1,42,20,0,-1.0,0.3362424224567904
rna_ATCCCTGCAAAGACGC-1,42,20,0,-1.0,0.1131693442509775
rna_ATCCGTCAGCATCGAG-1,42,20,2,-1.0,0.7115585775096268
rna_ATCCGTCAGGCACAAC-1,42,20,0,-1.0,0.29931420809011317
rna_ATCCGTCAGGCTAACG-1,42,20,0,-1.0,0.16103277826012807
rna_ATCCGTCCAGCTATTG-1,42,20,1,-1.0,0.5013551052678671
rna_ATCCTATTCCGACAGC-1,42,20,1,-1.0,0.6263121522908163
rna_ATCGATGCAATAGTGA-1,42,20,0,-1.0,0.19867354193662032
rna_ATCGATGCACTTGGCG-1,42,20,0,-1.0,0.12850095602199577
rna_ATCGATGCATCCGAAT-1,42,20,0,-1.0,0.22227483114400207
rna_ATCGATGGTATGCGTT-1,42,20,2,-1.0,0.936458846669725
rna_ATCGCCTCAGTAACGG-1,42,20,0,-1.0,0.2727050707085088
rna_ATCGCCTGTCTCGGGT-1,42,20,0,-1.0,0.1771863288722253
rna_ATCGCCTGTCTTACAG-1,42,20,0,-1.0,0.2388326705753847
rna_ATCGGATAGGTTACCT-1,42,20,0,-1.0,0.11147750195178625
rna_ATCGGATGTGTCCGGT-1,42,20,1,-1.0,0.6111820736713116
rna_ATCGGATTCAATCTTC-1,42,20,0,-1.0,0.2520083768847176
rna_ATCGGCGAGGTGCTTT-1,42,20,0,-1.0,0.06380533171719352
rna_ATCGGCGCAGGTACGA-1,42,20,1,-1.0,0.5408460690899125
rna_ATCGTAGAGGGACTGT-1,42,20,0,-1.0,0.24418064683445145
rna_ATCGTAGCAAATCCCA-1,42,20,1,-1.0,0.29150170809223447
rna_ATCGTAGGTCTCTCCA-1,42,20,1,0.7327842,0.7233083175319055
rna_ATCGTAGGTTTCGTTT-1,42,20,1,-1.0,0.2995739135862003
rna_ATCGTAGTCCTACTGC-1,42,20,1,-1.0,0.5064003284177965
rna_ATCGTAGTCGACGATT-1,42,20,1,-1.0,0.5794152650958702
rna_ATCGTCCAGATAGCTA-1,42,20,0,-1.0,0.1263979771948671
rna_ATCGTCCAGTAACGTA-1,42,20,1,-1.0,0.5824490538918523
rna_ATCGTCCAGTACCCTA-1,42,20,1,0.6551724,0.7025627579032667
rna_ATCGTCCCAACCAATC-1,42,20,1,-1.0,0.39295048246343456
rna_ATCGTCCCAAGACTGG-1,42,20,3,-1.0,0.7534474709103742
rna_ATCGTCCCAAGAGGCT-1,42,20,1,-1.0,0.6247242421710656
rna_ATCGTCCTCCTGCTAC-1,42,20,1,-1.0,0.2899822681639645
rna_ATCGTGACAGGACATG-1,42,20,1,-1.0,0.34953588974969607
rna_ATCGTGACAGGGAGAG-1,42,20,0,-1.0,0.15897664557151966
rna_ATCGTGATCAGTCAGT-1,42,20,2,-1.0,0.8875417989590794
rna_ATCTCTAAGTGAGGTC-1,42,20,2,-1.0,0.839536598647753
rna_ATCTCTAAGTTGCGCC-1,42,20,0,-1.0,0.1775596929849939
rna_ATCTCTACATGACTCA-1,42,20,0,-1.0,0.07149694814514518
rna_ATCTCTACATTAGGAA-1,42,20,0,-1.0,0.22518717205321523
rna_ATCTCTAGTCTTCTAT-1,42,20,1,-1.0,0.3164732158761552
rna_ATCTCTATCATTCACT-1,42,20,0,-1.0,0.18101512926354238
rna_ATCTTCAAGGAGCTGT-1,42,20,0,-1.0,0.23578850585112865
rna_ATCTTCAAGTGTAGTA-1,42,20,1,-1.0,0.4422973223545899
rna_ATCTTCACATAGTCGT-1,42,20,0,-1.0,0.1929190171124
rna_ATCTTCAGTGAATAAC-1,42,20,2,-1.0,0.9236656410111306
rna_ATCTTCAGTTTCTTAC-1,42,20,0,-1.0,0.22432202704927867
rna_ATGAAAGAGCCTGTCG-1,42,20,0,-1.0,0.24545895617471503
rna_ATGAAAGCACGAAGAC-1,42,20,1,-1.0,0.5558910321685745
rna_ATGAAAGGTGAGCGAT-1,42,20,1,-1.0,0.5544050946491318
rna_ATGACCAAGTTACGTC-1,42,20,0,-1.0,0.1878591555209299
rna_ATGACCACAAACGAGC-1,42,20,1,-1.0,0.4362352582607715
rna_ATGACCACAAGACCTT-1,42,20,1,-1.0,0.5498825551773681
rna_ATGACCACACTTTATC-1,42,20,1,-1.0,0.20510240068413796
rna_ATGACCACATGTGCTA-1,42,20,1,-1.0,0.41761009075746897
rna_ATGACCATCCCATTTA-1,42,20,1,-1.0,0.48262374176765016
rna_ATGACCATCTTTGCAT-1,42,20,2,-1.0,0.9351370075755631
rna_ATGAGGGAGCCTCTTC-1,42,20,0,-1.0,0.24831198497948836
rna_ATGAGGGGTGGATCAG-1,42,20,0,-1.0,0.32378184070196786
rna_ATGAGGGGTGGGCTCT-1,42,20,2,-1.0,0.9305288384910597
rna_ATGAGGGGTTTGTGGT-1,42,20,2,-1.0,0.8902891424226259
rna_ATGAGGGTCACTGCTC-1,42,20,0,-1.0,0.18283855927299478
rna_ATGAGGGTCATGCCGG-1,42,20,1,-1.0,0.5544188917292467
rna_ATGAGGGTCCTGTAAG-1,42,20,0,-1.0,0.19096498522961464
rna_ATGAGTCAGTATGAAC-1,42,20,2,0.9310345,0.9293535511400474
rna_ATGAGTCTCGTAATGC-1,42,20,0,-1.0,0.09539250502591978
rna_ATGATCGAGCGATGGT-1,42,20,1,-1.0,0.5766611067458964
rna_ATGATCGCAGTCAACT-1,42,20,0,-1.0,0.07687861799993478
rna_ATGCATGGTCAATGGG-1,42,20,0,-1.0,0.06418129666610102
rna_ATGCCTCCAAGCCATT-1,42,20,0,-1.0,0.18793874144657619
rna_ATGCCTCCACTGTCGG-1,42,20,1,-1.0,0.5652956654054755
rna_ATGCCTCCACTTTAGG-1,42,20,3,-1.0,0.782089426156193
rna_ATGCCTCGTCTCAAGT-1,42,20,0,-1.0,0.14791395106281166
rna_ATGCCTCGTCTCGGAC-1,42,20,1,-1.0,0.29888372181068423
rna_ATGCCTCTCGAAGCAG-1,42,20,1,-1.0,0.5777737947345467
rna_ATGCGATCAGTCTCTC-1,42,20,1,-1.0,0.4920614580487212
rna_ATGCGATCATACACCA-1,42,20,0,-1.0,0.09205723340687383
rna_ATGCGATCATCGCTCT-1,42,20,0,-1.0,0.17421747377952418
rna_ATGCGATCATTGCAAC-1,42,20,1,-1.0,0.5890559431612704
rna_ATGCGATGTACCTTCC-1,42,20,0,-1.0,0.09538056995803931
rna_ATGCGATGTGGCATCC-1,42,20,0,-1.0,0.12164533995183566
rna_ATGCGATTCATTGCCC-1,42,20,3,-1.0,0.7510391742433348
rna_ATGGAGGAGAGCGACT-1,42,20,1,-1.0,0.384720150736885
rna_ATGGAGGAGGCGCTTC-1,42,20,1,-1.0,0.46649339061768524
rna_ATGGAGGGTCCAGTTA-1,42,20,2,-1.0,0.9309258006675357
rna_ATGGAGGTCCCTTCCC-1,42,20,2,-1.0,0.9248190681805667
rna_ATGGAGGTCCGAGAAG-1,42,20,0,-1.0,0.0857460946853361
rna_ATGGATCCACCTGTCT-1,42,20,1,-1.0,0.45275131858968065
rna_ATGGATCTCATGAGTC-1,42,20,2,-1.0,0.9073910039539358
rna_ATGGGAGTCAACGTGT-1,42,20,0,-1.0,0.2410392269016066
rna_ATGGGTTGTACGGCAA-1,42,20,0,-1.0,0.17447452837058375
rna_ATGGGTTTCGTCCTTG-1,42,20,1,-1.0,0.4912702841226544
rna_ATGGTTGGTACAGTCT-1,42,20,0,-1.0,0.19716607845573145
rna_ATGGTTGTCCATCACC-1,42,20,2,-1.0,0.8377305641796388
rna_ATGTCCCAGCAGTACG-1,42,20,1,-1.0,0.49829334172760203
rna_ATGTCCCAGGCATCAG-1,42,20,0,-1.0,0.4686483972489669
rna_ATGTCCCGTGCATACT-1,42,20,1,-1.0,0.45411413168824377
rna_ATGTCCCGTGCCTGAC-1,42,20,1,-1.0,0.2615441235769318
rna_ATGTCCCGTTGGGTAG-1,42,20,1,-1.0,0.5390583705797652
rna_ATGTCTTAGCCTAGGA-1,42,20,3,-1.0,0.7677147507703023
rna_ATGTCTTAGGTGGCTA-1,42,20,1,-1.0,0.28526751449968035
rna_ATGTCTTCAAGTTCGT-1,42,20,0,-1.0,0.15492535712355598
rna_ATGTCTTGTATGGTTC-1,42,20,1,-1.0,0.4686310663396522
rna_ATGTCTTTCTGAGCAT-1,42,20,0,-1.0,0.27968268790906964
rna_ATTACCTGTACCTAGT-1,42,20,0,-1.0,0.15794274191312963
rna_ATTACCTGTATTCCGA-1,42,20,0,-1.0,0.2246433829645007
rna_ATTACCTGTGTGACCC-1,42,20,0,-1.0,0.32195800275341524
rna_ATTACCTTCACTAGCA-1,42,20,1,-1.0,0.46494253510029787
rna_ATTACTCCAGCTACTA-1,42,20,1,-1.0,0.38392159335091336
rna_ATTATCCAGCATGCGA-1,42,20,1,-1.0,0.571670874085003
rna_ATTATCCCAGCCTACG-1,42,20,0,-1.0,0.17207790505065634
rna_ATTATCCGTGTCGCTG-1,42,20,0,-1.0,0.1972316484311596
rna_ATTCACTAGAGAGGTA-1,42,20,0,-1.0,0.1408972813584989
rna_ATTCACTGTCGGATTT-1,42,20,0,-1.0,0.26832173668702164
rna_ATTCACTTCCCGAAAT-1,42,20,1,-1.0,0.5645437354517812
rna_ATTCAGGAGGCACTAG-1,42,20,2,-1.0,0.8948277707852178
rna_ATTCAGGAGTCCTACA-1,42,20,1,-1.0,0.4186294762365047
rna_ATTCAGGGTCCGACGT-1,42,20,2,-1.0,0.9343151684814011
rna_ATTCAGGGTTAATGAG-1,42,20,0,-1.0,0.14940624858845494
rna_ATTCAGGTCACGACTA-1,42,20,0,-1.0,0.17288153039340293
rna_ATTCAGGTCACGGACC-1,42,20,1,0.48875445,0.4913388433511414
rna_ATTCATCAGAGTGAAG-1,42,20,0,-1.0,0.18065796261563133
rna_ATTCATCAGTTCATGC-1,42,20,1,-1.0,0.39853441335701384
rna_ATTCATCCATCCTGTC-1,42,20,0,-1.0,0.16046163220607515
rna_ATTCATCGTGCGAGTA-1,42,20,2,-1.0,0.9047501998767475
rna_ATTCATCTCTCTCGAC-1,42,20,0,-1.0,0.1991590508089091
rna_ATTCCATGTAAGGCTG-1,42,20,1,-1.0,0.6290587296552342
rna_ATTCCCGAGCCGTTGC-1,42,20,1,-1.0,0.34147436515304735
rna_ATTCCCGCACATGTTG-1,42,20,1,-1.0,0.5656552319748038
rna_ATTCCCGGTGTCGATT-1,42,20,1,-1.0,0.2609519074760037
rna_ATTCCTAGTGGAAATT-1,42,20,0,-1.0,0.09283527202399383
rna_ATTCCTATCCGAGTGC-1,42,20,2,-1.0,0.863500339816262
rna_ATTCCTATCCTGCCAT-1,42,20,0,-1.0,0.17166434374034767
rna_ATTCGTTAGGTTCCGC-1,42,20,0,-1.0,0.38239703957514004
rna_ATTCGTTGTATCGAGG-1,42,20,0,-1.0,0.1662868887911743
rna_ATTCTACTCCAACACA-1,42,20,0,-1.0,0.19058176827692389
rna_ATTCTACTCCACTAGA-1,42,20,0,-1.0,0.2686538390950333
rna_ATTCTTGAGAGAGCGG-1,42,20,0,-1.0,0.24183144784446747
rna_ATTCTTGAGTCTCTGA-1,42,20,0,-1.0,0.2502196739692433
rna_ATTCTTGCACAGCTTA-1,42,20,0,-1.0,0.06224597227004992
rna_ATTCTTGTCGTCCTCA-1,42,20,1,-1.0,0.4908802756396313
rna_ATTGGGTCACTACTTT-1,42,20,0,-1.0,0.21751260836506303
rna_ATTGGGTCAGCAGTGA-1,42,20,0,-1.0,0.12940569695260057
rna_ATTGGGTCAGTTTCAG-1,42,20,2,-1.0,0.8517307684571739
rna_ATTGGGTGTAACATAG-1,42,20,0,-1.0,0.07615801849512621
rna_ATTGGGTGTCACCGCA-1,42,20,0,-1.0,0.060776575895861544
rna_ATTGTTCGTCTACACA-1,42,20,0,-1.0,0.24601931741259375
rna_ATTGTTCTCCACGTGG-1,42,20,1,-1.0,0.46556920073033553
rna_ATTGTTCTCGGCTTGG-1,42,20,3,-1.0,0.7721047916549543
rna_ATTTACCAGGACCCAA-1,42,20,1,-1.0,0.5243147268199199
rna_ATTTACCAGGATAATC-1,42,20,0,-1.0,0.06736357150864714
rna_ATTTACCAGGCCTGCT-1,42,20,1,-1.0,0.5056877295432818
rna_ATTTACCAGGTCATAA-1,42,20,1,-1.0,0.612451072356294
rna_ATTTACCGTGGATACG-1,42,20,0,-1.0,0.15658143565682545
rna_ATTTACCTCGAGAAGC-1,42,20,0,-1.0,0.08848974372493101
rna_ATTTCACAGGATGAGA-1,42,20,0,-1.0,0.35739387028842534
rna_ATTTCACGTGACACAG-1,42,20,1,-1.0,0.23113539997170038
rna_ATTTCACTCCGTAGTA-1,42,20,0,-1.0,0.20950960538788357
rna_ATTTCACTCTGGTTGA-1,42,20,0,-1.0,0.15940359671303767
rna_ATTTCTGAGAGATCGC-1,42,20,0,-1.0,0.2779320330167859
rna_ATTTCTGAGGGCAACT-1,42,20,0,-1.0,0.18930201059349241
rna_ATTTCTGAGGGTACAC-1,42,20,1,-1.0,0.3564629469274785
rna_ATTTCTGTCAGTCTTT-1,42,20,0,-1.0,0.2545328866398139
rna_ATTTCTGTCCACTTTA-1,42,20,1,-1.0,0.5689436897513862
rna_CAAAGAAAGGTAGATT-1,42,20,2,-1.0,0.9075443297557396
rna_CAACAACAGCTTGTGT-1,42,20,0,-1.0,0.1611343410219923
rna_CAACAACCATGGTGGA-1,42,20,2,-1.0,0.9169671944991444
rna_CAACAACGTATTGCCA-1,42,20,0,-1.0,0.14607653432872347
rna_CAACAACGTGGCTACC-1,42,20,1,-1.0,0.3848765434685738
rna_CAACAACTCGACGTCG-1,42,20,1,-1.0,0.48344867681209314
rna_CAACAGTAGTCGAAAT-1,42,20,1,-1.0,0.42765476902515176
rna_CAACAGTCAGCGTATT-1,42,20,2,-1.0,0.9263122949216083
rna_CAACAGTGTAGACGGT-1,42,20,1,-1.0,0.5800223600429416
rna_CAACAGTGTGAGATTA-1,42,20,0,-1.0,0.14539185289480527
rna_CAACAGTGTGCAACAG-1,42,20,0,-1.0,0.12772030715984364
rna_CAACCAAAGCAGAAAG-1,42,20,1,-1.0,0.38834867813021284
rna_CAACCAAAGCCTCTTC-1,42,20,0,-1.0,0.216036923125061
rna_CAACCTCAGTTGCGAG-1,42,20,1,-1.0,0.33026352244303697
rna_CAACCTCCAGAGCCCT-1,42,20,0,-1.0,0.30641551557200253
rna_CAACCTCGTCCACAGC-1,42,20,0,-1.0,0.11696472555181966
rna_CAACGATAGAGGACTC-1,42,20,1,-1.0,0.538775696822907
rna_CAACGATAGTTTCGAC-1,42,20,1,-1.0,0.38400461874430003
rna_CAACGATCACTCAAGT-1,42,20,0,-1.0,0.13305922775597329
rna_CAACGATGTGTGTCGC-1,42,20,0,-1.0,0.26544200993012934
rna_CAACGATTCGTTACCC-1,42,20,0,-1.0,0.2215584377050547
rna_CAAGACTGTGAACGGT-1,42,20,0,-1.0,0.35590282374594906
rna_CAAGACTTCAGCACCG-1,42,20,1,-1.0,0.3447278045133014
rna_CAAGACTTCGTAGAGG-1,42,20,2,-1.0,0.9273701084030506
rna_CAAGAGGCACTCCCTA-1,42,20,0,-1.0,0.25163104794206537
rna_CAAGAGGCATAACTCG-1,42,20,1,-1.0,0.25764102550522816
rna_CAAGAGGGTAGCTTGT-1,42,20,1,-1.0,0.5699124798128032
rna_CAAGAGGGTTCGGTTA-1,42,20,0,-1.0,0.23421916416580127
rna_CAAGCTAAGCGGGTTA-1,42,20,1,-1.0,0.6246293063881024
rna_CAAGCTACAGGCAATG-1,42,20,1,-1.0,0.33926583166687346
rna_CAAGCTAGTTCTGACA-1,42,20,0,-1.0,0.11489430732715367
rna_CAAGCTATCACATTGG-1,42,20,1,-1.0,0.5423878946257822
rna_CAAGCTATCCAAGCCG-1,42,20,1,0.5263509,0.5154722199186328
rna_CAAGGGAGTTGCCATA-1,42,20,0,-1.0,0.19766924485615978
rna_CAATACGCACGCAGTC-1,42,20,1,-1.0,0.3485447003376705
rna_CAATACGTCAGGGATG-1,42,20,2,-1.0,0.8927374181476726
rna_CAATACGTCGAGCTGC-1,42,20,0,-1.0,0.09738366469204982
rna_CAATCGAAGAGGTGCT-1,42,20,1,-1.0,0.5857405585953146
rna_CAATCGAAGGCTAGCA-1,42,20,0,-1.0,0.24601931741259375
rna_CAATCGAGTACTAAGA-1,42,20,1,-1.0,0.5759371872400221
rna_CAATGACCACCAATTG-1,42,20,0,-1.0,0.39984791652379265
rna_CAATGACGTGGTTTGT-1,42,20,0,0.13158773,0.11285447362524317
rna_CAATGACTCGTGCTCT-1,42,20,1,-1.0,0.7015536313569029
rna_CAATTTCAGAGAGCAA-1,42,20,0,-1.0,0.1882192219809319
rna_CAATTTCCAGATTCGT-1,42,20,0,-1.0,0.34859541699501684
rna_CAATTTCGTTCTCACC-1,42,20,1,-1.0,0.42802722486161765
rna_CAATTTCTCACGATAC-1,42,20,1,-1.0,0.4638795376641172
rna_CACAACAGTACAGTTC-1,42,20,1,-1.0,0.403704943513941
rna_CACAACAGTAGGACCA-1,42,20,0,-1.0,0.08678827845885431
rna_CACACAAAGATACTGA-1,42,20,0,-1.0,0.1942804260565678
rna_CACACAAAGCAGGCAT-1,42,20,1,-1.0,0.43820527933218645
rna_CACACAACACACAGCC-1,42,20,1,0.45115796,0.4517422989888915
rna_CACACAATCGAGAACG-1,42,20,0,-1.0,0.10170259951545839
rna_CACAGGCCAGCAGTCC-1,42,20,0,-1.0,0.10541764058266573
rna_CACAGGCGTAGGAGTC-1,42,20,1,-1.0,0.5290537765880463
rna_CACAGGCGTATGACAA-1,42,20,1,-1.0,0.5823696977517057
rna_CACAGGCTCAGGACGA-1,42,20,1,-1.0,0.4112719852348108
rna_CACATGAAGAGGATCC-1,42,20,0,-1.0,0.20835962938515856
rna_CACATGAAGGTCCGAA-1,42,20,0,-1.0,0.26415490436597894
rna_CACATGATCCACACCT-1,42,20,0,-1.0,0.0634246672065411
rna_CACCAAAAGGGTACAC-1,42,20,1,-1.0,0.6381878856093143
rna_CACCAAACACTGGACC-1,42,20,0,-1.0,0.09294116131913295
rna_CACCAAACATCCTGTC-1,42,20,2,-1.0,0.9234487891593605
rna_CACCAAACATGGGCAA-1,42,20,0,-1.0,0.3225192250585262
rna_CACCAAATCGGCCTTT-1,42,20,0,-1.0,0.2674661260299488
rna_CACCGTTAGCAGTAAT-1,42,20,0,-1.0,0.1353257516155404
rna_CACCGTTAGGTTGACG-1,42,20,0,-1.0,0.3531639374957183
rna_CACCGTTCAAACCGGA-1,42,20,0,-1.0,0.16379735180205957
rna_CACCGTTCATCTCATT-1,42,20,0,-1.0,0.1762401008552517
rna_CACCGTTGTCATCCGG-1,42,20,1,-1.0,0.5649939732549423
rna_CACGAATAGACGGATC-1,42,20,1,-1.0,0.46407535270577843
rna_CACGAATCATAGACTC-1,42,20,1,-1.0,0.4154491502090342
rna_CACGAATTCCGGACGT-1,42,20,0,-1.0,0.25988409982465693
rna_CACGTGGAGAAGTCAT-1,42,20,1,-1.0,0.2795162314493067
rna_CACGTGGTCACACCCT-1,42,20,1,-1.0,0.5919162509250002
rna_CACGTGGTCGGTCATA-1,42,20,1,-1.0,0.3335862611386531
rna_CACGTGGTCGTGCTCT-1,42,20,1,-1.0,0.5921488666091151
rna_CACGTTCAGATGGCGT-1,42,20,0,-1.0,0.39170895339264755
rna_CACGTTCAGCTGTCCG-1,42,20,0,-1.0,0.1971956184801336
rna_CACTAAGAGGATTACA-1,42,20,1,-1.0,0.4379829145522108
rna_CACTAAGCAAGCCTGC-1,42,20,1,-1.0,0.2862336533729009
rna_CACTAAGCAAGGTACG-1,42,20,0,-1.0,0.33321623657894356
rna_CACTAAGCATAACAGA-1,42,20,1,-1.0,0.30543950935723035
rna_CACTAAGGTAAGTCAA-1,42,20,1,-1.0,0.5937542182037023
rna_CACTAAGTCGTGGCTG-1,42,20,0,-1.0,0.08486772416899392
rna_CACTGAAAGTCATACC-1,42,20,0,-1.0,0.2232008090713949
rna_CACTGAACAATAAGGT-1,42,20,1,-1.0,0.35352704815829666
rna_CACTGAATCTCGTCAC-1,42,20,0,-1.0,0.10490438132299225
rna_CACTGGGGTACATTGC-1,42,20,1,-1.0,0.2731475295760993
rna_CACTGGGTCTTAAGGC-1,42,20,0,-1.0,0.19416222980021247
rna_CACTGTCAGATGACCG-1,42,20,0,-1.0,0.43972164386073287
rna_CACTGTCAGCGAGTAC-1,42,20,2,0.86206895,0.86006102797331
rna_CACTGTCAGGATGAGA-1,42,20,0,-1.0,0.27452762014492355
rna_CACTGTCAGTTGTAGA-1,42,20,2,-1.0,0.9299847086979266
rna_CACTGTCCAAGCGATG-1,42,20,2,-1.0,0.9002864277991022
rna_CACTGTCGTCGTGCCA-1,42,20,1,-1.0,0.43197523273589716
rna_CACTTCGGTGGAGAAA-1,42,20,1,-1.0,0.5881906967313495
rna_CACTTCGGTGTCCTAA-1,42,20,0,-1.0,0.2429584005941666
rna_CAGAGCCCAAGCCCAC-1,42,20,0,-1.0,0.16797793528836757
rna_CAGAGCCGTATGCGTT-1,42,20,0,-1.0,0.2599690489361417
rna_CAGAGCCTCAAACCTG-1,42,20,0,-1.0,0.13421875623960247
rna_CAGAGCCTCTGCGGCA-1,42,20,2,-1.0,0.8520597961966122
rna_CAGATACAGCAGGCTA-1,42,20,1,-1.0,0.39445560894037274
rna_CAGATACTCATACGGT-1,42,20,1,-1.0,0.4975987638000339
rna_CAGATACTCGTTGCCT-1,42,20,1,-1.0,0.5512587777527768
rna_CAGATCAGTAACAGTA-1,42,20,1,-1.0,0.37319515662986247
rna_CAGATCAGTATAGCTC-1,42,20,0,-1.0,0.18730715865001
rna_CAGATCATCTGGCCTT-1,42,20,0,-1.0,0.1316574949803466
rna_CAGATTGAGCCACAAG-1,42,20,0,-1.0,0.1185604076806071
rna_CAGATTGCAAGGCCTC-1,42,20,1,-1.0,0.6263682543521244
rna_CAGATTGGTCTCTCAC-1,42,20,0,-1.0,0.17696186406033804
rna_CAGCAATGTAGATCGG-1,42,20,1,-1.0,0.4282351695383412
rna_CAGCAATGTTCGGCGT-1,42,20,0,-1.0,0.19599107616310504
rna_CAGCAATGTTGTGTTG-1,42,20,0,-1.0,0.18562431260294449
rna_CAGCACGAGATGACCG-1,42,20,0,-1.0,0.09989845262397637
rna_CAGCACGAGGGATCAC-1,42,20,0,-1.0,0.1952391462125151
rna_CAGCACGGTGTGTGGA-1,42,20,0,-1.0,0.18883039821159575
rna_CAGCACGTCACTGTTT-1,42,20,0,-1.0,0.15357073242587949
rna_CAGCACGTCGTAGTGT-1,42,20,2,-1.0,0.8051652793026878
rna_CAGCAGCAGGTATCTC-1,42,20,0,-1.0,0.24235198072905081
rna_CAGCAGCAGTGTAGAT-1,42,20,1,-1.0,0.4786720185115461
rna_CAGCAGCTCAGGCGAA-1,42,20,1,-1.0,0.5392247660811467
rna_CAGCCAGTCTCTCCGA-1,42,20,0,-1.0,0.18622214152760042
rna_CAGCGTGAGCTGACCC-1,42,20,1,-1.0,0.50545504061293
rna_CAGCGTGCAGCAGATG-1,42,20,0,-1.0,0.1867913704114331
rna_CAGCGTGTCGTCCATC-1,42,20,1,-1.0,0.47646070988488115
rna_CAGGCCAAGTTACTCG-1,42,20,1,-1.0,0.32511985029804286
rna_CAGGCCAGTTGTTGTG-1,42,20,0,-1.0,0.2207743945050364
rna_CAGGGCTCAAGTGGGT-1,42,20,0,-1.0,0.2616244638003187
rna_CAGGGCTCACTTCTCG-1,42,20,0,-1.0,0.33531062329971467
rna_CAGGGCTGTATGGGAC-1,42,20,1,-1.0,0.38913408534828975
rna_CAGGGCTTCCTGTAGA-1,42,20,0,-1.0,0.14770414461539907
rna_CAGGGCTTCGTTCTCG-1,42,20,0,-1.0,0.216428352256745
rna_CAGGTATCAACTAGAA-1,42,20,1,-1.0,0.5699124798128032
rna_CAGGTATCATCCGAGC-1,42,20,1,-1.0,0.24903709783466405
rna_CAGGTATGTAAGGAGA-1,42,20,2,-1.0,0.93245453625553
rna_CAGGTATTCAGAGCAG-1,42,20,1,-1.0,0.5673016131547685
rna_CAGGTATTCTAGTGTG-1,42,20,0,-1.0,0.17963794372989134
rna_CAGTGCGGTTAGAAGT-1,42,20,0,-1.0,0.2029998013296919
rna_CAGTTAGAGACCGTTT-1,42,20,0,-1.0,0.20991531160370352
rna_CAGTTAGGTCGAGATG-1,42,20,2,-1.0,0.9252264302147266
rna_CAGTTAGTCACCTCTG-1,42,20,0,-1.0,0.3111329457356955
rna_CAGTTAGTCGGTTAGT-1,42,20,1,-1.0,0.4387237147044923
rna_CAGTTCCAGAGGATCC-1,42,20,1,-1.0,0.38379177984583457
rna_CAGTTCCGTCCAAATC-1,42,20,2,-1.0,0.7369089214311002
rna_CAGTTCCGTTATCTTC-1,42,20,0,-1.0,0.3086543563517726
rna_CAGTTCCTCCGTATGA-1,42,20,1,-1.0,0.5520346205684142
rna_CATAAGCAGGAACTAT-1,42,20,0,-1.0,0.15512375050398058
rna_CATAAGCGTACAGCGA-1,42,20,1,0.5451492,0.5464549797824428
rna_CATAAGCGTTCCGTTC-1,42,20,0,-1.0,0.2120803395667897
rna_CATAAGCTCAGAGCAG-1,42,20,3,-1.0,0.683117215941941
rna_CATACAGCACTAGGCC-1,42,20,1,-1.0,0.34048410022197456
rna_CATACAGGTTTCCCAC-1,42,20,0,-1.0,0.19595023455067231
rna_CATACAGTCAAGTGGG-1,42,20,0,-1.0,0.10190684393835472
rna_CATACCCAGTTGTAAG-1,42,20,1,-1.0,0.5516588565514061
rna_CATACCCCACCAGCCA-1,42,20,0,-1.0,0.06527942763219424
rna_CATACCCCATAGCTGT-1,42,20,1,-1.0,0.4223176924672037
rna_CATACCCTCATCTGTT-1,42,20,1,-1.0,0.5771055830606324
rna_CATACTTCAACTCCAA-1,42,20,0,-1.0,0.20405283184435288
rna_CATACTTCAGGCTTGC-1,42,20,2,-1.0,0.9090753230435017
rna_CATAGACAGAGGCCAT-1,42,20,0,-1.0,0.09569003195959387
rna_CATAGACGTAGTATAG-1,42,20,0,-1.0,0.2520794079199817
rna_CATAGACTCAACCGAT-1,42,20,1,-1.0,0.4677770517084688
rna_CATCAAGAGTGGTGAC-1,42,20,1,-1.0,0.5071999538361672
rna_CATCAAGCATGGTACT-1,42,20,0,-1.0,0.06828781866584532
rna_CATCAAGGTGTTCGAT-1,42,20,0,-1.0,0.16029927405589334
rna_CATCAAGTCCCAACTC-1,42,20,0,-1.0,0.18137595124846848
rna_CATCCACCAATGCAGG-1,42,20,0,-1.0,0.15996981979257588
rna_CATCCACTCACAAGAA-1,42,20,0,-1.0,0.2459656132653148
rna_CATCCCAGTAGCGATG-1,42,20,0,-1.0,0.21352068865465132
rna_CATCCCAGTATCGAGG-1,42,20,1,-1.0,0.43042465931413676
rna_CATCCCAGTTGCCGAC-1,42,20,1,-1.0,0.5516588565514061
rna_CATCCGTAGGTCATAA-1,42,20,0,-1.0,0.17706138053361578
rna_CATCCGTGTCCAGCGT-1,42,20,0,-1.0,0.17850795024813762
rna_CATCCGTGTTCCAGGC-1,42,20,0,-1.0,0.13601048287238535
rna_CATCGCTCAAGCCATT-1,42,20,1,-1.0,0.42054640166328416
rna_CATCGCTTCAACTACG-1,42,20,1,-1.0,0.6128590850371216
rna_CATCGGGCAATTCACG-1,42,20,0,-1.0,0.21297539779085614
rna_CATCGGGCACGTCGTG-1,42,20,2,-1.0,0.9367821225189482
rna_CATCGGGCATCAGCAT-1,42,20,0,-1.0,0.1474831579692203
rna_CATCGTCAGAAGGATG-1,42,20,0,-1.0,0.18621594188081483
rna_CATCGTCCAGAGTTGG-1,42,20,1,-1.0,0.5455290924977312
rna_CATCGTCCATACGCAT-1,42,20,0,-1.0,0.2117460449249114
rna_CATCGTCGTCCCTAAA-1,42,20,1,-1.0,0.45953669624914617
rna_CATCGTCTCTTTCCGG-1,42,20,3,-1.0,0.725093630832694
rna_CATGAGTAGGTGTGAC-1,42,20,0,-1.0,0.19595023455067231
rna_CATGAGTTCTTTGGAG-1,42,20,0,-1.0,0.2094372168271137
rna_CATGCAATCTATCACT-1,42,20,0,-1.0,0.22076405878195784
rna_CATGCCTAGACAACTA-1,42,20,1,-1.0,0.4477523607737016
rna_CATGCCTAGGACGGAG-1,42,20,1,0.62068963,0.6691727736686905
rna_CATGCCTAGGAGACCT-1,42,20,0,-1.0,0.10439943941973055
rna_CATGCCTAGTCCTACA-1,42,20,1,-1.0,0.4579858407317588
rna_CATGCCTGTAACATAG-1,42,20,1,-1.0,0.5527494533592607
rna_CATGCCTGTGGCTTAT-1,42,20,1,-1.0,0.4177524204531478
rna_CATGCCTTCTCATAGG-1,42,20,0,-1.0,0.2288405069252255
rna_CATGCGGAGATTTGCC-1,42,20,0,-1.0,0.19716607845573145
rna_CATGCGGAGCCTCGTG-1,42,20,2,-1.0,0.9249818350075713
rna_CATGCGGCAAGACCTT-1,42,20,0,-1.0,0.16684039255633717
rna_CATGCGGGTAAGCTCT-1,42,20,2,-1.0,0.8947058089899513
rna_CATGCTCAGGGTTAAT-1,42,20,0,-1.0,0.06471548019796758
rna_CATGCTCTCAGCGGAA-1,42,20,1,-1.0,0.4639420753365592
rna_CATGCTCTCTGTCTCG-1,42,20,0,-1.0,0.29097953303928076
rna_CATGGATAGTCGTTAC-1,42,20,0,-1.0,0.1145820476279317
rna_CATGGATGTCCACATA-1,42,20,1,-1.0,0.5771902760297037
rna_CATGGATGTGGATCGA-1,42,20,2,-1.0,0.9040820963691606
rna_CATGGATTCAGGTAAA-1,42,20,0,-1.0,0.30353635361568904
rna_CATGGATTCGCGTAGC-1,42,20,1,-1.0,0.613289625061528
rna_CATGGTACACAAGCTT-1,42,20,0,-1.0,0.26027624398247445
rna_CATGGTACAGGCGAAT-1,42,20,1,-1.0,0.503282317831861
rna_CATGGTATCACGGGAA-1,42,20,1,-1.0,0.3039499877879416
rna_CATGGTATCCATAAGC-1,42,20,0,-1.0,0.10143770831990392
rna_CATTCATAGATAGTCA-1,42,20,1,-1.0,0.5455290924977312
rna_CATTCATAGGCACTCC-1,42,20,1,-1.0,0.36903116482830356
rna_CATTCATCAATCACGT-1,42,20,0,-1.0,0.15799115525595547
rna_CATTCATGTTAAAGTG-1,42,20,1,-1.0,0.40247295116650916
rna_CATTCCGCATTGACTG-1,42,20,1,-1.0,0.6256068417654033
rna_CATTCCGGTCCAAGAG-1,42,20,0,-1.0,0.33114841521450766
rna_CATTCCGGTGCCTGAC-1,42,20,0,-1.0,0.2902414790910136
rna_CATTCTAAGGCGATAC-1,42,20,0,-1.0,0.24051496492786015
rna_CATTCTAAGTTTAGGA-1,42,20,1,-1.0,0.5680390375599714
rna_CATTCTACACGCCACA-1,42,20,0,-1.0,0.09553606556850434
rna_CATTCTAGTTGGAGGT-1,42,20,1,0.30077195,0.2993685238191139
rna_CATTCTATCATTTGTC-1,42,20,0,-1.0,0.15529617965493409
rna_CATTGAGGTGAATGAT-1,42,20,0,-1.0,0.20579322168867414
rna_CATTGAGTCTGGGTCG-1,42,20,1,-1.0,0.5767898942471238
rna_CATTGCCCAAGACTGG-1,42,20,0,-1.0,0.08432100839468663
rna_CATTGCCTCACTTGTT-1,42,20,1,-1.0,0.2601160635081017
rna_CATTGTTAGAGGTATT-1,42,20,0,-1.0,0.18622270119691361
rna_CATTGTTGTTGCTAGT-1,42,20,1,-1.0,0.5970669691573511
rna_CATTGTTTCCCGTTCA-1,42,20,0,-1.0,0.22343492870523576
rna_CATTTCAAGTTGCTCA-1,42,20,0,-1.0,0.39597049021241915
rna_CATTTCACACACACTA-1,42,20,2,-1.0,0.7163538040913765
rna_CATTTCAGTTGTATGC-1,42,20,0,-1.0,0.23015205260767568
rna_CCAAGCGAGATTGAGT-1,42,20,0,-1.0,0.07855375072613564
rna_CCAAGCGCAAATTAGG-1,42,20,0,-1.0,0.10323913261088476
rna_CCAATGACACCACTGG-1,42,20,1,-1.0,0.35122982950464243
rna_CCAATTTAGCTGCCTG-1,42,20,1,-1.0,0.5675459180178837
rna_CCAATTTCAATGTCAC-1,42,20,0,-1.0,0.26329045835518766
rna_CCAATTTTCACGGAGA-1,42,20,0,-1.0,0.15576613583977494
rna_CCAATTTTCGTTAGTG-1,42,20,0,-1.0,0.13106221728125167
rna_CCACAAAAGATTAGAC-1,42,20,0,-1.0,0.09927348555247853
rna_CCACAAAAGCCGATCC-1,42,20,1,-1.0,0.5463148383674619
rna_CCACAAACAAAGGTTA-1,42,20,1,-1.0,0.47416025646143245
rna_CCACAAACACATTCTT-1,42,20,0,-1.0,0.2530252724199866
rna_CCACAAAGTCCTTTGC-1,42,20,1,-1.0,0.36474299950681854
rna_CCACAAATCCTAAGTG-1,42,20,0,-1.0,0.3653112704056715
rna_CCACAAATCGTTCCCA-1,42,20,2,-1.0,0.9083162918562909
rna_CCACACTAGAGGTCGT-1,42,20,0,-1.0,0.12833173504053422
rna_CCACACTCACCCAAGC-1,42,20,1,-1.0,0.468360207399383
rna_CCACACTGTCTGATCA-1,42,20,1,-1.0,0.6141943598679371
rna_CCACACTTCCCATTTA-1,42,20,2,-1.0,0.8949213262227669
rna_CCACACTTCTGTGCAA-1,42,20,0,-1.0,0.27773733347828033
rna_CCACCATAGAAGCGGG-1,42,20,0,-1.0,0.26931831826435926
rna_CCACCATAGACGCTCC-1,42,20,0,-1.0,0.24601931741259375
rna_CCACCATAGCCTTTGA-1,42,20,1,-1.0,0.512824349319237
rna_CCACCATAGCTTTCCC-1,42,20,2,-1.0,0.93245453625553
rna_CCACCATAGTCAGGGT-1,42,20,0,-1.0,0.14352526985509803
rna_CCACCATGTGGACAGT-1,42,20,0,-1.0,0.23213007470464248
rna_CCACCATTCAGGCGAA-1,42,20,1,-1.0,0.273444434841955
rna_CCACGAGAGTCGGCAA-1,42,20,1,-1.0,0.5500821495881252
rna_CCACGAGCAGGGAATC-1,42,20,0,-1.0,0.15576613583977494
rna_CCACGAGGTGAGATCG-1,42,20,0,-1.0,0.1315687263696824
rna_CCACGAGTCTCGACGG-1,42,20,2,-1.0,0.9339857349401883
rna_CCACGAGTCTTTGCGC-1,42,20,0,-1.0,0.17473446379924218
rna_CCACGTTAGCAATTAG-1,42,20,2,-1.0,0.8597551950636131
rna_CCACGTTCAGTCCCGA-1,42,20,0,-1.0,0.14997725547112462
rna_CCACGTTGTGGCCACT-1,42,20,0,-1.0,0.08038210409258062
rna_CCACGTTTCATCGCCT-1,42,20,1,-1.0,0.3151526266108045
rna_CCACGTTTCGAGTGAG-1,42,20,0,-1.0,0.14723418843055822
rna_CCACTTGAGTCTCGTA-1,42,20,0,-1.0,0.0863100421195628
rna_CCACTTGCATCGTTCC-1,42,20,1,-1.0,0.43736346750221555
rna_CCACTTGCATGGCCCA-1,42,20,1,-1.0,0.5902392289344259
rna_CCACTTGTCTTCGTAT-1,42,20,0,-1.0,0.23944295210828126
rna_CCATAAGCACTGAATC-1,42,20,0,-1.0,0.26484418100547347
rna_CCATAAGGTAACGATA-1,42,20,0,-1.0,0.2340345158775648
rna_CCATAAGGTGTAGGAC-1,42,20,1,-1.0,0.39545470774605385
rna_CCATCACAGACCTGGA-1,42,20,1,-1.0,0.47483583326457407
rna_CCATCACAGTCTCCTC-1,42,20,0,-1.0,0.07469399303211904
rna_CCATCACGTTGCGGCT-1,42,20,1,-1.0,0.36454198538679045
rna_CCATCACTCCACCTGT-1,42,20,0,-1.0,0.19831590453947764
rna_CCCAACTGTCGTTGGC-1,42,20,0,-1.0,0.08848974372493101
rna_CCCAACTTCCACAGCG-1,42,20,1,-1.0,0.48262374176765016
rna_CCCATTGAGGTCATCT-1,42,20,1,0.5075527,0.5149854711949943
rna_CCCATTGCAGGCGATA-1,42,20,1,-1.0,0.5058810426035215
rna_CCCGAAGGTTAGGGTG-1,42,20,1,-1.0,0.5752837346481402
rna_CCCGAAGTCACTGGGC-1,42,20,1,-1.0,0.2932963933290667
rna_CCCGGAAAGCGTTAGG-1,42,20,1,-1.0,0.3135892021434071
rna_CCCGGAAAGGCTCCCA-1,42,20,1,-1.0,0.48618560300400804
rna_CCCGGAACAGACATCT-1,42,20,1,-1.0,0.6682952081485993
rna_CCCGGAACAGACCTGC-1,42,20,0,-1.0,0.06737699880487182
rna_CCCGGAACAGTTTCAG-1,42,20,1,-1.0,0.5752479180723405
rna_CCCGGAACATGTGACT-1,42,20,0,-1.0,0.1914136932834481
rna_CCCGGAAGTCCAAGAG-1,42,20,0,-1.0,0.18667074839411574
rna_CCCGGAATCACCCTGT-1,42,20,0,-1.0,0.16441173621141428
rna_CCCGGAATCTCTGGTC-1,42,20,3,-1.0,0.7732017944510736
rna_CCCTAACCACCCTTGT-1,42,20,2,-1.0,0.876744466601276
rna_CCCTAACGTGCTTATG-1,42,20,2,-1.0,0.8897963263295584
rna_CCCTAACTCTAGTACG-1,42,20,0,-1.0,0.1016272200706178
rna_CCCTCAAAGATGGTCG-1,42,20,0,-1.0,0.17354129145603397
rna_CCCTCAAAGTCTTCGA-1,42,20,0,-1.0,0.23971583923083975
rna_CCCTCAACAGGGAGAG-1,42,20,1,-1.0,0.30485562563028984
rna_CCCTCAAGTTCATCGA-1,42,20,1,-1.0,0.4556724455870451
rna_CCCTCAATCTTGGCTC-1,42,20,0,-1.0,0.17302773464460358
rna_CCCTCTCCAACGACTT-1,42,20,0,-1.0,0.0634246672065411
rna_CCCTCTCCATCGCTAA-1,42,20,2,-1.0,0.9346384443306242
rna_CCCTCTCTCATGGTAC-1,42,20,1,-1.0,0.590745122899988
rna_CCCTGATGTCATACCA-1,42,20,1,-1.0,0.4861098280164694
rna_CCCTGATGTGATCGTT-1,42,20,0,-1.0,0.1587226457021805
rna_CCCTGATGTGTGATGG-1,42,20,2,-1.0,0.9190334572109894
rna_CCCTTAGGTAGCGTTT-1,42,20,0,-1.0,0.21068056393756227
rna_CCCTTAGGTTAGCGGA-1,42,20,3,-1.0,0.6384918845816479
rna_CCGAACGCACAGCTGC-1,42,20,1,-1.0,0.3000899312443002
rna_CCGAACGCATTCTGTT-1,42,20,3,0.81420463,0.7721047916549543
rna_CCGAACGGTTGTGTAC-1,42,20,0,-1.0,0.11254176632284212
rna_CCGAACGGTTTACACG-1,42,20,1,-1.0,0.38214419523973225
rna_CCGATCTGTGGCGCTT-1,42,20,1,-1.0,0.41954963029269543
rna_CCGATCTTCGTCACCT-1,42,20,2,-1.0,0.8934026480096077
rna_CCGATGGAGCAAGTCG-1,42,20,0,-1.0,0.15059482801439839
rna_CCGCAAGCAGTTGTTG-1,42,20,1,-1.0,0.5504833500586548
rna_CCGCAAGGTTATCCAG-1,42,20,1,-1.0,0.44600087560843377
rna_CCGCAAGTCAGGACGA-1,42,20,2,-1.0,0.8949213262227669
rna_CCGCAAGTCCTTATAC-1,42,20,0,-1.0,0.16677713559421584
rna_CCGGACAAGCAGAAAG-1,42,20,2,-1.0,0.8573774944248294
rna_CCGGACACACAGTGTT-1,42,20,1,-1.0,0.5091616380350693
rna_CCGGACAGTCGATTAC-1,42,20,1,-1.0,0.43298414530504575
rna_CCGGACAGTGATACAA-1,42,20,1,-1.0,0.3746191674693236
rna_CCGGACATCTACGGGC-1,42,20,1,-1.0,0.35535913972693395
rna_CCGGGTAGTAGCTGCC-1,42,20,0,-1.0,0.1902388027451844
rna_CCGGTAGAGCTACAAA-1,42,20,1,-1.0,0.6242949723831362
rna_CCGGTAGAGGGTTTCT-1,42,20,1,-1.0,0.5030202990924675
rna_CCGGTAGAGTAGGAAG-1,42,20,0,-1.0,0.17009483908660833
rna_CCGGTAGGTTATGTGC-1,42,20,0,-1.0,0.20308875024286188
rna_CCGGTGAAGGGAGATA-1,42,20,2,-1.0,0.7199042034398709
rna_CCGGTGACATACAGAA-1,42,20,1,-1.0,0.5953060009234933
rna_CCGGTGAGTTAGAGAT-1,42,20,0,-1.0,0.1316574949803466
rna_CCGGTGATCGCCATAA-1,42,20,0,-1.0,0.07010498266404731
rna_CCGTAGGCACTGTGAT-1,42,20,0,-1.0,0.12188867252622357
rna_CCGTGAGCAACCACGC-1,42,20,0,-1.0,0.2252412118891566
rna_CCGTGAGCACAACCGC-1,42,20,1,-1.0,0.7060226581580348
rna_CCGTGAGTCCGAGGCT-1,42,20,0,-1.0,0.18581181559068644
rna_CCGTTCACAAGAGCTG-1,42,20,2,-1.0,0.7839274968812395
rna_CCTAACCCAAGCACCC-1,42,20,0,-1.0,0.06920803766960042
rna_CCTAACCCAGTTTCAG-1,42,20,0,-1.0,0.14083174364425483
rna_CCTAACCGTCACTCAA-1,42,20,1,-1.0,0.58000589448334
rna_CCTAACCTCAAGGCTT-1,42,20,0,-1.0,0.26957493241507524
rna_CCTAACCTCATGCAGT-1,42,20,0,-1.0,0.060776575895861544
rna_CCTAAGAAGCTCTATG-1,42,20,1,-1.0,0.29658159896755765
rna_CCTAAGACATCGCTAA-1,42,20,1,-1.0,0.39513868516970363
rna_CCTAAGATCGCTAATG-1,42,20,1,-1.0,0.4488365517493989
rna_CCTACGTTCGTAACCA-1,42,20,0,-1.0,0.1257939716485244
rna_CCTATCGAGAACTGAT-1,42,20,0,-1.0,0.2175116012822575
rna_CCTATCGAGCCACAAG-1,42,20,1,-1.0,0.4025546329383338
rna_CCTATCGTCAGCAATC-1,42,20,0,-1.0,0.06000898077619068
rna_CCTCAACAGGGTACGT-1,42,20,0,-1.0,0.14791395106281166
rna_CCTCAACGTGCACATT-1,42,20,2,-1.0,0.9249914820235854
rna_CCTCACAAGTCTTCCC-1,42,20,1,-1.0,0.50545504061293
rna_CCTCACAGTCGGTGAA-1,42,20,1,0.28197372,0.2929645875033426
rna_CCTCACATCACCATCC-1,42,20,0,-1.0,0.13013871679090974
rna_CCTCACATCAGTGTCA-1,42,20,1,-1.0,0.47143401872130153
rna_CCTCAGTCAAATGGTA-1,42,20,2,0.79310346,0.8409507172097165
rna_CCTCAGTCACGCAGTC-1,42,20,0,-1.0,0.29656883629242187
rna_CCTCAGTCAGAATGTA-1,42,20,1,-1.0,0.305466663732364
rna_CCTCAGTCATCGGCCA-1,42,20,0,-1.0,0.17480491906924858
rna_CCTCAGTTCAACGTGT-1,42,20,0,-1.0,0.3531639374957183
rna_CCTCATGAGAGTCAAT-1,42,20,1,-1.0,0.5889677227214191
rna_CCTCATGAGCCTCAGC-1,42,20,1,-1.0,0.45073606715706144
rna_CCTCATGCACAGGATG-1,42,20,0,-1.0,0.10178178327701361
rna_CCTCATGCACCTGATA-1,42,20,1,-1.0,0.4831192566878977
rna_CCTCATGTCCTGGTCT-1,42,20,0,-1.0,0.16464330521585155
rna_CCTCCAACATGTTCGA-1,42,20,0,-1.0,0.11655131291796905
rna_CCTCCAAGTCCTGAAT-1,42,20,0,-1.0,0.10882210036203423
rna_CCTCCAATCGTGCAGC-1,42,20,0,-1.0,0.09158727722203297
rna_CCTCCTCAGTGTAGTA-1,42,20,0,-1.0,0.2031126940316476
rna_CCTCCTCTCCACATAG-1,42,20,1,-1.0,0.3800332712192562
rna_CCTCTAGAGTTGCTCA-1,42,20,0,-1.0,0.15554753199843538
rna_CCTCTAGCAACTACGT-1,42,20,1,-1.0,0.44272822477319657
rna_CCTCTAGGTGTTGACT-1,42,20,0,-1.0,0.20264273784680675
rna_CCTCTAGTCGTACCTC-1,42,20,2,-1.0,0.7717470292674992
rna_CCTCTAGTCTCTATGT-1,42,20,1,-1.0,0.43375028201624277
rna_CCTCTCCAGGGATGTC-1,42,20,1,-1.0,0.24729068808572452
rna_CCTCTCCCAAATGAGT-1,42,20,2,-1.0,0.8809328430222962
rna_CCTCTCCGTGCGGATA-1,42,20,1,-1.0,0.46091844167702256
rna_CCTGCATAGAAGCGAA-1,42,20,0,-1.0,0.41940385407812547
rna_CCTGTTGAGACAGCTG-1,42,20,1,-1.0,0.26154063114413817
rna_CCTGTTGCAGCGGTCT-1,42,20,0,-1.0,0.1316574949803466
rna_CCTGTTGGTATGGTTC-1,42,20,0,-1.0,0.07778615560646478
rna_CCTGTTGTCGTAACCA-1,42,20,1,-1.0,0.49558409776591844
rna_CCTTCAGCACGCAAAG-1,42,20,1,-1.0,0.45888662212288817
rna_CCTTCAGCATCCGGTG-1,42,20,1,0.67241377,0.6991219162927973
rna_CCTTCAGTCGGCTGTG-1,42,20,3,-1.0,0.782089426156193
rna_CCTTGTGAGAGGCGGA-1,42,20,1,-1.0,0.31301031087623554
rna_CCTTGTGAGTCTTCCC-1,42,20,0,-1.0,0.22682370943021737
rna_CCTTGTGGTATCGATC-1,42,20,1,-1.0,0.5131782484357239
rna_CCTTGTGTCACCCTCA-1,42,20,0,-1.0,0.2449350613042757
rna_CCTTTGGAGATTAGTG-1,42,20,1,-1.0,0.46235949040428986
rna_CCTTTGGAGCGACTTT-1,42,20,2,-1.0,0.7794074355012718
rna_CCTTTGGCACTATGTG-1,42,20,0,-1.0,0.25930327748863524
rna_CCTTTGGGTAACATCC-1,42,20,1,-1.0,0.4952008804986993
rna_CGAAGGACAACTTCTT-1,42,20,1,-1.0,0.35836421197182716
rna_CGAAGGACAATCACGT-1,42,20,0,-1.0,0.22198247371414007
rna_CGAAGGACACAGAGAC-1,42,20,2,-1.0,0.9320873360498066
rna_CGAAGGAGTAAGATCA-1,42,20,1,-1.0,0.7098011564908043
rna_CGAAGGAGTCCAGAAG-1,42,20,2,-1.0,0.7012990128557598
rna_CGAAGGATCGACGATT-1,42,20,0,-1.0,0.09506610938366349
rna_CGAAGTTCATGGACAG-1,42,20,0,-1.0,0.12002980405479546
rna_CGAAGTTGTCGCAACC-1,42,20,1,-1.0,0.5443513733110356
rna_CGAAGTTGTGGACAGT-1,42,20,1,-1.0,0.43912127277349683
rna_CGAATTGAGGCACGAT-1,42,20,3,-1.0,0.7675667594705551
rna_CGAATTGAGTCATTGC-1,42,20,1,-1.0,0.554164102447019
rna_CGAATTGCATAACAGA-1,42,20,1,-1.0,0.48535789658235673
rna_CGAATTGCATGATGCT-1,42,20,0,-1.0,0.18137595124846848
rna_CGAATTGGTTGGATCT-1,42,20,0,-1.0,0.09506610938366349
rna_CGAATTGTCGGAGCAA-1,42,20,2,-1.0,0.9367821225189482
rna_CGAATTGTCTCGTGAA-1,42,20,1,-1.0,0.5718452269433958
rna_CGACAGCAGGTAAGAG-1,42,20,3,-1.0,0.7724724031742372
rna_CGACAGCAGGTATTGA-1,42,20,0,-1.0,0.2200503272784372
rna_CGACAGCCAAGTGCTT-1,42,20,0,-1.0,0.22055412041165284
rna_CGACAGCTCCACGTGG-1,42,20,2,-1.0,0.9273701084030506
rna_CGACAGCTCTGAGGCC-1,42,20,1,-1.0,0.5680145076958173
rna_CGAGAAGCAGAGGCTA-1,42,20,1,-1.0,0.698809656642141
rna_CGAGAAGCATGTAACC-1,42,20,2,-1.0,0.9156151946443762
rna_CGAGAAGGTGTTCGAT-1,42,20,0,-1.0,0.208906233165731
rna_CGAGAAGTCGTAGCTA-1,42,20,1,0.56394744,0.5677717080444077
rna_CGAGGAAAGACAGCTG-1,42,20,1,-1.0,0.5873088079736571
rna_CGAGGAAAGAGTGACC-1,42,20,0,-1.0,0.17430360507073686
rna_CGAGGAAAGCCTAGGA-1,42,20,0,-1.0,0.20124843126436376
rna_CGAGGAAAGGTACTGG-1,42,20,0,-1.0,0.11930835251777713
rna_CGAGGAACACCTCTGT-1,42,20,1,-1.0,0.5602051268059323
rna_CGAGGAATCTCGACGG-1,42,20,1,-1.0,0.361201879993761
rna_CGAGGCTAGACGATAT-1,42,20,0,-1.0,0.28035317522366054
rna_CGAGGCTAGCGCATCC-1,42,20,2,-1.0,0.8988568300885325
rna_CGAGGCTAGGCTCACC-1,42,20,0,-1.0,0.06471548019796758
rna_CGAGGCTCACTCCGAG-1,42,20,0,-1.0,0.20124843126436376
rna_CGAGGCTCAGCAGATG-1,42,20,0,-1.0,0.1363844345278801
rna_CGAGGCTGTCGGTGAA-1,42,20,1,-1.0,0.39635471169523406
rna_CGAGGCTGTGTAAACA-1,42,20,2,-1.0,0.9315159073825849
rna_CGAGGCTGTTCGAGCC-1,42,20,1,-1.0,0.7161810526740224
rna_CGAGGCTTCGCCTAGG-1,42,20,1,-1.0,0.3993442150018812
rna_CGAGGCTTCGCTGTCT-1,42,20,1,-1.0,0.25948118966573935
rna_CGAGGCTTCTGGTTGA-1,42,20,2,-1.0,0.7727565459299293
rna_CGAGTGCAGGTAAGAG-1,42,20,0,-1.0,0.11614845611786997
rna_CGAGTGCGTCACTACA-1,42,20,0,-1.0,0.29444590715015473
rna_CGAGTGCGTCCGGACT-1,42,20,2,-1.0,0.8915678781298294
rna_CGAGTGCTCTCATTTG-1,42,20,2,-1.0,0.9339013753943955
rna_CGAGTTACATGGCTGC-1,42,20,0,-1.0,0.06388365773127101
rna_CGATCGGAGGCCGCTT-1,42,20,0,-1.0,0.2323457693234489
rna_CGATGCGGTTCGTACA-1,42,20,0,-1.0,0.1762288588005902
rna_CGATGCGTCCACCCTA-1,42,20,1,-1.0,0.35192447533246385
rna_CGATGCGTCCTCTCTT-1,42,20,0,-1.0,0.2934674750499958
rna_CGATGGCCAAGGACAC-1,42,20,0,-1.0,0.20593797501874353
rna_CGATGGCCAGGATCTT-1,42,20,0,-1.0,0.2727050707085088
rna_CGATGGCGTCGTGGTC-1,42,20,1,-1.0,0.504477819435476
rna_CGATGGCGTTCGTTCC-1,42,20,0,-1.0,0.1363844345278801
rna_CGATGGCTCACTGAAC-1,42,20,0,-1.0,0.12615422850223404
rna_CGATGGCTCATGAGTC-1,42,20,0,-1.0,0.22464103774230426
rna_CGATGGCTCGGTAGAG-1,42,20,1,-1.0,0.5837473007424223
rna_CGCATAACAATCGAAA-1,42,20,0,-1.0,0.173833648885896
rna_CGCATAAGTGGGTTGA-1,42,20,0,-1.0,0.21255195141549676
rna_CGCATGGAGTAGGGTC-1,42,20,3,-1.0,0.7400566825954213
rna_CGCATGGCACAGCGCT-1,42,20,1,-1.0,0.36610396530594486
rna_CGCATGGTCTCCGTGT-1,42,20,2,-1.0,0.9180850222019796
rna_CGCCAGAAGGGTCACA-1,42,20,1,-1.0,0.3221147045794776
rna_CGCCAGAGTCCACACG-1,42,20,0,-1.0,0.07092494431641395
rna_CGCCAGAGTCCGTACG-1,42,20,1,-1.0,0.3928180435629826
rna_CGCCAGAGTGCATTAC-1,42,20,2,1.0,0.9367821225189482
rna_CGCCAGAGTGGTAATA-1,42,20,0,-1.0,0.14432960275082382
rna_CGCCAGATCCTAAGTG-1,42,20,0,-1.0,0.33305770110607225
rna_CGCCAGATCTTGTGCC-1,42,20,0,-1.0,0.17401124764087483
rna_CGCCATTAGGAACTCG-1,42,20,1,-1.0,0.17198667399135853
rna_CGCCATTCACCAGCGT-1,42,20,0,-1.0,0.11313640999134683
rna_CGCCATTGTAGATCCT-1,42,20,0,-1.0,0.07872852967270753
rna_CGCCATTGTCGAGATG-1,42,20,0,-1.0,0.2753510734500648
rna_CGCCATTGTCGATGCC-1,42,20,1,-1.0,0.5593759799592766
rna_CGCCATTTCACGTCCT-1,42,20,2,-1.0,0.7385223701604438
rna_CGCGTGAAGCCGAATG-1,42,20,2,0.9137931,0.9200661264780002
rna_CGCGTGATCATTCATC-1,42,20,0,-1.0,0.1611343410219923
rna_CGGAACCCAGTCAGCC-1,42,20,1,-1.0,0.5900059643551211
rna_CGGAACCGTGAGCTCC-1,42,20,0,-1.0,0.22763745617175413
rna_CGGAACCTCATGTCTT-1,42,20,1,-1.0,0.4033358734676406
rna_CGGAATTCAAGCGATG-1,42,20,1,-1.0,0.579534840089719
rna_CGGAATTCACCGTGCA-1,42,20,0,-1.0,0.07615801849512621
rna_CGGAATTCACTATCCC-1,42,20,1,-1.0,0.26725722443310185
rna_CGGAATTGTACACGCC-1,42,20,0,-1.0,0.3549320165246568
rna_CGGACACAGGTCATAA-1,42,20,0,-1.0,0.09390061804111895
rna_CGGACACGTCTGCATA-1,42,20,0,-1.0,0.1929169584311959
rna_CGGAGAAGTCTTGAGT-1,42,20,0,-1.0,0.19719662637223231
rna_CGGCAGTAGCCGAATG-1,42,20,0,-1.0,0.17696186406033804
rna_CGGCAGTAGGCTCTAT-1,42,20,1,-1.0,0.4424566147270657
rna_CGGCAGTCACCAACAT-1,42,20,1,-1.0,0.5435698308511482
rna_CGGCAGTGTCATCCCT-1,42,20,1,-1.0,0.520056438326931
rna_CGGCAGTGTTCACCGG-1,42,20,0,-1.0,0.22452614565756882
rna_CGGGACTCAACACTAC-1,42,20,0,-1.0,0.14723418843055822
rna_CGGGACTCATGTAACC-1,42,20,0,-1.0,0.10545866875643174
rna_CGGGACTGTAGGTACG-1,42,20,2,-1.0,0.7100341580174274
rna_CGGGACTGTGACATCT-1,42,20,1,-1.0,0.581051077244322
rna_CGGGACTTCAAGCCTA-1,42,20,0,-1.0,0.10011254378772588
rna_CGGGACTTCACGGGCT-1,42,20,0,-1.0,0.14830197354005498
rna_CGGGCATAGTCGAAAT-1,42,20,0,-1.0,0.1634019914524748
rna_CGGGCATGTTAAGAAC-1,42,20,3,-1.0,0.782089426156193
rna_CGGGCATTCCTCGCAT-1,42,20,0,-1.0,0.22833310403332616
rna_CGGGCATTCGTAGGAG-1,42,20,2,-1.0,0.7481805251143762
rna_CGGGTCAAGCACTCGC-1,42,20,0,-1.0,0.15276243982435983
rna_CGGGTCATCCGACGGT-1,42,20,1,-1.0,0.5062696313588461
rna_CGGGTGTGTGAACCGA-1,42,20,2,-1.0,0.8636080984326696
rna_CGGGTGTTCAAGTGTC-1,42,20,1,-1.0,0.46062608424716056
rna_CGGTCAGAGACGGATC-1,42,20,1,-1.0,0.4964217600731386
rna_CGGTCAGCAGTCCGTG-1,42,20,2,-1.0,0.9260758419348116
rna_CGGTCAGTCAAGCCTA-1,42,20,0,-1.0,0.20171838744920462
rna_CGGTCAGTCCGTACGG-1,42,20,0,-1.0,0.2730542853957351
rna_CGTAAGTAGACATAGT-1,42,20,1,-1.0,0.3347127943750588
rna_CGTAAGTCAACCAATC-1,42,20,0,-1.0,0.20405283184435288
rna_CGTAAGTCAGACATCT-1,42,20,0,-1.0,0.22630127503357772
rna_CGTAAGTGTAGATCGG-1,42,20,2,-1.0,0.841254382215097
rna_CGTAAGTGTCAGTTTG-1,42,20,0,-1.0,0.2431213654806087
rna_CGTAAGTTCCGCAGTG-1,42,20,1,-1.0,0.3148648718297481
rna_CGTAATGCAAACCATC-1,42,20,0,-1.0,0.24659423623636456
rna_CGTAATGCACCAAATC-1,42,20,0,-1.0,0.19802776817816295
rna_CGTAATGGTGCCGTTG-1,42,20,0,-1.0,0.08504944051078533
rna_CGTAATGGTTATTCCT-1,42,20,1,-1.0,0.5189772733211635
rna_CGTAGTAAGTAATCCC-1,42,20,0,-1.0,0.22554229554973013
rna_CGTAGTATCCGTCCTA-1,42,20,1,-1.0,0.6324453622819413
rna_CGTAGTATCCTACCGT-1,42,20,1,-1.0,0.33531062329971467
rna_CGTAGTATCGCAGTCG-1,42,20,1,-1.0,0.5239955307966432
rna_CGTAGTATCTTTCCGG-1,42,20,1,-1.0,0.3219900788391999
rna_CGTCAAACAGATACCT-1,42,20,0,-1.0,0.16672155596074906
rna_CGTCAAAGTCGCATGC-1,42,20,1,-1.0,0.5496309282162575
rna_CGTCCATCAGGACAGT-1,42,20,1,-1.0,0.5073842425675736
rna_CGTGAATAGACATAGT-1,42,20,1,-1.0,0.3227283922057662
rna_CGTGAATCAGGGAGAG-1,42,20,0,-1.0,0.1930490288304698
rna_CGTGAATTCCTTATCA-1,42,20,1,-1.0,0.5447926249226976
rna_CGTGCTTGTCAGACTT-1,42,20,2,-1.0,0.7599182215604995
rna_CGTGCTTTCAAAGGAT-1,42,20,1,-1.0,0.5752794713152283
rna_CGTGCTTTCCTGGCTT-1,42,20,0,-1.0,0.19722323423179078
rna_CGTGTCTCACTCTGCT-1,42,20,0,-1.0,0.4515138724889489
rna_CGTGTCTTCTGGGATT-1,42,20,0,-1.0,0.25073007429798744
rna_CGTGTCTTCTGTAAGC-1,42,20,2,-1.0,0.9343151684814011
rna_CGTTAGAGTACTGTTG-1,42,20,2,-1.0,0.9339857349401883
rna_CGTTCTGGTCGGAAAC-1,42,20,0,-1.0,0.26991645473847503
rna_CGTTGGGCAGACAATA-1,42,20,0,-1.0,0.27233440794212155
rna_CGTTGGGGTCGCATCG-1,42,20,1,-1.0,0.5810504914041053
rna_CGTTGGGTCCCAGGCA-1,42,20,1,-1.0,0.5252890195447635
rna_CTAACCCGTATCCTCC-1,42,20,1,-1.0,0.5543462515269577
rna_CTAACCCGTATTGGCT-1,42,20,0,-1.0,0.22075765588637483
rna_CTAACCCGTGATAGAT-1,42,20,1,-1.0,0.525001421901286
rna_CTAACCCGTTCACCGG-1,42,20,0,-1.0,0.09264975113455677
rna_CTAACTTAGATTGAGT-1,42,20,0,-1.0,0.06765270644697612
rna_CTAACTTCAGGACAGT-1,42,20,1,-1.0,0.556076912556752
rna_CTAACTTTCCCATTCG-1,42,20,1,-1.0,0.4422973223545899
rna_CTAACTTTCCTTACCG-1,42,20,3,-1.0,0.746899820688225
rna_CTAACTTTCGAGTGAG-1,42,20,1,-1.0,0.4033358734676406
rna_CTAAGTGAGAGTTGAT-1,42,20,0,-1.0,0.27215179025765757
rna_CTAAGTGGTATGTCCA-1,42,20,0,-1.0,0.15106415013764937
rna_CTAAGTGGTCCTCCTA-1,42,20,0,-1.0,0.1306375784536099
rna_CTACAGAAGAAGGCTC-1,42,20,0,-1.0,0.1006523220052809
rna_CTACAGAAGACTTCCA-1,42,20,2,-1.0,0.9090753230435017
rna_CTACAGAAGCTCCCTT-1,42,20,0,-1.0,0.19596670554949364
rna_CTACAGAAGTGTGTTC-1,42,20,2,-1.0,0.7158813744979723
rna_CTACAGACAAGAGAGA-1,42,20,1,-1.0,0.5207668031632074
rna_CTACAGATCATCTACT-1,42,20,0,-1.0,0.2883066015829188
rna_CTACATTCAGCTTTCC-1,42,20,1,-1.0,0.5598262177624377
rna_CTACATTCAGGCTATT-1,42,20,0,-1.0,0.15188974326335272
rna_CTACCCACAAGCTGTT-1,42,20,0,-1.0,0.10279271141316235
rna_CTACCCATCAAGAATG-1,42,20,0,-1.0,0.16979354501004146
rna_CTACCCATCTAGCCTC-1,42,20,0,-1.0,0.06047893696103154
rna_CTACCCATCTCCCTAG-1,42,20,1,-1.0,0.47966603395614826
rna_CTACCTGAGCGGCTCT-1,42,20,0,-1.0,0.1316574949803466
rna_CTACCTGGTAGGACCA-1,42,20,2,-1.0,0.9321686167730208
rna_CTACCTGGTGACATCT-1,42,20,1,-1.0,0.5979850489221845
rna_CTACCTGGTGTCACAT-1,42,20,0,-1.0,0.30012966510259526
rna_CTACCTGTCTTCTGTA-1,42,20,0,-1.0,0.21536704931417774
rna_CTACGGGCAGTTCACA-1,42,20,1,-1.0,0.2879567094835349
rna_CTACGGGGTGCGTGCT-1,42,20,0,-1.0,0.22792768807265737
rna_CTACTATAGATACGAT-1,42,20,0,-1.0,0.1621895795465255
rna_CTACTATAGATGGGCT-1,42,20,2,-1.0,0.8414897332596043
rna_CTACTATCAGCACAAG-1,42,20,0,-1.0,0.2253616372346952
rna_CTAGACAAGCGCCGTT-1,42,20,1,-1.0,0.4254371733771313
rna_CTAGACACAACCTAAC-1,42,20,0,-1.0,0.25653299810768
rna_CTAGACACAGTCGGTC-1,42,20,0,-1.0,0.2537389963863062
rna_CTAGACATCGCTTGAA-1,42,20,1,-1.0,0.4190249944571701
rna_CTAGGTAAGTGGAATT-1,42,20,1,-1.0,0.5238535347969914
rna_CTAGGTACAATCGCCG-1,42,20,1,-1.0,0.5158339065613137
rna_CTAGGTAGTAACCAGG-1,42,20,0,-1.0,0.160961278269359
rna_CTAGGTAGTGGGTCAA-1,42,20,1,-1.0,0.5886169286608199
rna_CTATAGGGTCTAACGT-1,42,20,0,-1.0,0.22951426063632469
rna_CTATAGGGTTGCGGAA-1,42,20,0,-1.0,0.1736255635692595
rna_CTATAGGTCCCATGGG-1,42,20,1,-1.0,0.6965185852327519
rna_CTATCCGAGGCTTTCA-1,42,20,1,-1.0,0.5306046716006511
rna_CTATCCGCAGACCAAG-1,42,20,0,-1.0,0.09549962546326039
rna_CTATCCGGTTCTTGCC-1,42,20,1,-1.0,0.38367820884863874
rna_CTATCCGTCGCTGTCT-1,42,20,0,-1.0,0.24761508567298218
rna_CTATCTATCAACTCTT-1,42,20,0,-1.0,0.45492721823112126
rna_CTCAAGAAGCGCCTTG-1,42,20,0,-1.0,0.19400583877483943
rna_CTCAAGAGTGCAGATG-1,42,20,1,-1.0,0.38481063713994446
rna_CTCAAGAGTTCCGTTC-1,42,20,1,-1.0,0.5566315878958671
rna_CTCACTGAGTACAGAT-1,42,20,0,-1.0,0.2913404771566375
rna_CTCACTGGTGCATCTA-1,42,20,1,-1.0,0.390197529101626
rna_CTCACTGTCACTTTGT-1,42,20,0,-1.0,0.06377310613172482
rna_CTCAGAAAGAAGAGCA-1,42,20,1,-1.0,0.6276275959109021
rna_CTCAGAATCACTGAAC-1,42,20,0,-1.0,0.10279271141316235
rna_CTCAGGGAGGCACTCC-1,42,20,0,-1.0,0.09810646488487215
rna_CTCAGGGAGTTGTACC-1,42,20,0,-1.0,0.2487906933603808
rna_CTCAGGGCATCACGGC-1,42,20,0,-1.0,0.1819398986826951
rna_CTCAGGGGTGCGTTTA-1,42,20,2,-1.0,0.7965561859526207
rna_CTCAGGGGTGTTTACG-1,42,20,0,-1.0,0.20644740647241983
rna_CTCAGTCAGGTAAGTT-1,42,20,2,-1.0,0.7121332007012674
rna_CTCAGTCGTCGTATGT-1,42,20,0,-1.0,0.06527472809138189
rna_CTCAGTCTCATCGGGC-1,42,20,1,-1.0,0.4446471304037862
rna_CTCATCGGTTCTCACC-1,42,20,1,-1.0,0.37087365270985506
rna_CTCATCGTCCACTAGA-1,42,20,2,-1.0,0.744257154187051
rna_CTCATTACACATAGCT-1,42,20,0,-1.0,0.19831590453947764
rna_CTCATTAGTAACCCTA-1,42,20,0,-1.0,0.06601009762558405
rna_CTCATTAGTAGCTGAG-1,42,20,2,-1.0,0.9018472170026983
rna_CTCATTAGTGTACAGG-1,42,20,1,-1.0,0.46649339061768524
rna_CTCATTATCATGAGGG-1,42,20,0,-1.0,0.20919113144463317
rna_CTCCAACCACACGGTC-1,42,20,0,-1.0,0.2501664794771489
rna_CTCCAACGTCTAATCG-1,42,20,3,-1.0,0.7732017944510736
rna_CTCCAACTCGAGATAA-1,42,20,1,-1.0,0.5323346953300294
rna_CTCCACAAGACTTAAG-1,42,20,1,-1.0,0.3028362685660831
rna_CTCCACACACATACGT-1,42,20,0,-1.0,0.1844469534083388
rna_CTCCACACATAGGTAA-1,42,20,0,-1.0,0.1599525878930553
rna_CTCCACACATGGGATG-1,42,20,1,-1.0,0.69972561489022
rna_CTCCACATCGATACTG-1,42,20,1,-1.0,0.5877270277089521
rna_CTCCACATCTTCGTGC-1,42,20,2,-1.0,0.9302576971599489
rna_CTCCATGAGGAGCAAA-1,42,20,1,-1.0,0.550260393509574
rna_CTCCATGCAAGAGTTA-1,42,20,0,-1.0,0.3975369401629126
rna_CTCCATGGTATAGGGC-1,42,20,0,-1.0,0.20124843126436376
rna_CTCCATGGTTCTAAGC-1,42,20,1,-1.0,0.42312110964409905
rna_CTCCATGTCACTTTGT-1,42,20,0,-1.0,0.08791083960187071
rna_CTCCATGTCTACTATC-1,42,20,1,-1.0,0.35290026733590474
rna_CTCCCAAAGCATACTC-1,42,20,1,-1.0,0.33218396323390853
rna_CTCCCAAAGGTTCACT-1,42,20,1,-1.0,0.41282699421436286
rna_CTCCCAACACCAGCCA-1,42,20,0,-1.0,0.16103277826012807
rna_CTCCCAATCTCTTCAA-1,42,20,0,-1.0,0.25245758250581896
rna_CTCCCTCCACTTCAGA-1,42,20,0,-1.0,0.2706870490323071
rna_CTCCGATCACTCCCTA-1,42,20,0,-1.0,0.18914056940141716
rna_CTCCGATGTATATGGA-1,42,20,0,-1.0,0.23166011851980162
rna_CTCCGATGTTAAACCC-1,42,20,1,-1.0,0.5493466308580868
rna_CTCCTCCAGACTTCAC-1,42,20,1,-1.0,0.4313882693690321
rna_CTCCTCCAGAGTGTGC-1,42,20,2,-1.0,0.8945083069081329
rna_CTCCTTTTCACCTCTG-1,42,20,1,-1.0,0.4570719166475808
rna_CTCCTTTTCATTTCGT-1,42,20,0,-1.0,0.23058374115481012
rna_CTCCTTTTCCATATGG-1,42,20,0,-1.0,0.2252412118891566
rna_CTCCTTTTCCGCAACG-1,42,20,2,-1.0,0.9273701084030506
rna_CTCGAGGCAAGACGGT-1,42,20,1,-1.0,0.4802388145747995
rna_CTCGAGGCACAATGCT-1,42,20,1,-1.0,0.544230421387331
rna_CTCGAGGCATTGTAGC-1,42,20,1,-1.0,0.35887496414381476
rna_CTCGAGGGTACCACGC-1,42,20,0,-1.0,0.2112687698702313
rna_CTCGAGGGTTCCTAGA-1,42,20,1,-1.0,0.41021789771377576
rna_CTCGAGGTCGTTATCT-1,42,20,3,-1.0,0.7447107102743218
rna_CTCTCAGAGAATCTAG-1,42,20,0,-1.0,0.09307494964279849
rna_CTCTCAGAGCTCACTA-1,42,20,1,-1.0,0.5420747298142009
rna_CTCTCAGAGGTAAAGG-1,42,20,0,-1.0,0.3735492662572306
rna_CTCTCAGCAGAGGCTA-1,42,20,1,-1.0,0.2947678005984127
rna_CTCTCAGGTTGCCAAT-1,42,20,2,-1.0,0.9252264302147266
rna_CTCTCAGTCCATGAGT-1,42,20,3,0.71242905,0.683117215941941
rna_CTCTCGAAGTACTGTC-1,42,20,0,-1.0,0.14723418843055822
rna_CTCTCGAAGTCACTGT-1,42,20,1,-1.0,0.7037603906992648
rna_CTCTCGATCTGAGTCA-1,42,20,0,-1.0,0.19146740466087234
rna_CTCTGGTAGCAGGCAT-1,42,20,0,-1.0,0.13234926354434962
rna_CTCTGGTCAACCTAAC-1,42,20,2,-1.0,0.9321686167730208
rna_CTCTGGTGTAGTCGGA-1,42,20,0,-1.0,0.15620084528035913
rna_CTCTGGTTCTCAGAAC-1,42,20,1,-1.0,0.42058959633472653
rna_CTGAATGAGCCTTTGA-1,42,20,0,-1.0,0.0857460946853361
rna_CTGAATGCAGGTGACA-1,42,20,0,-1.0,0.1963019847011538
rna_CTGAATGGTATGAGCG-1,42,20,1,-1.0,0.5926340608555624
rna_CTGAGCGAGTGATAGT-1,42,20,1,-1.0,0.41822287473375247
rna_CTGAGCGCAGCGATTT-1,42,20,0,-1.0,0.17629620966452755
rna_CTGAGCGCATCCAACA-1,42,20,1,-1.0,0.3851997830731765
rna_CTGAGCGGTACCTGTA-1,42,20,0,-1.0,0.06471548019796758
rna_CTGAGCGGTTATTCTC-1,42,20,0,-1.0,0.22227483114400207
rna_CTGAGCGTCCAAACCA-1,42,20,1,-1.0,0.5567297392983263
rna_CTGAGCGTCCTAAACG-1,42,20,1,-1.0,0.322282191381058
rna_CTGATCCAGAGATCGC-1,42,20,0,-1.0,0.06887041512188607
rna_CTGATCCGTCATCTAG-1,42,20,1,-1.0,0.5977618749760423
rna_CTGATCCTCCATTGTT-1,42,20,1,-1.0,0.5179257632165793
rna_CTGATCCTCGTGCATA-1,42,20,1,-1.0,0.5401383711851994
rna_CTGCAGGCATAGGCGA-1,42,20,0,-1.0,0.22462031530772175
rna_CTGCAGGGTAGTTACC-1,42,20,0,-1.0,0.2189209628027776
rna_CTGCAGGGTATCGCTA-1,42,20,0,-1.0,0.16334093464186622
rna_CTGCATCAGAAAGCGA-1,42,20,2,-1.0,0.8593228969824805
rna_CTGCATCAGCGTACAG-1,42,20,2,-1.0,0.7037875747710233
rna_CTGCATCTCATCCTAT-1,42,20,2,-1.0,0.8438891585675138
rna_CTGCCATAGGGAGGTG-1,42,20,0,-1.0,0.15699563121095275
rna_CTGCCATCAATACCTG-1,42,20,0,-1.0,0.4523944053272642
rna_CTGCCATGTAATGATG-1,42,20,1,-1.0,0.4625347902088295
rna_CTGCCATGTCACCTTC-1,42,20,0,-1.0,0.14095173741723335
rna_CTGCCATTCTCATTGT-1,42,20,0,-1.0,0.12863850647899958
rna_CTGCCTAAGGTAGTCG-1,42,20,0,-1.0,0.19058176827692389
rna_CTGCCTATCAAACGTC-1,42,20,0,-1.0,0.16699250420583564
rna_CTGCCTATCTGGGATT-1,42,20,0,-1.0,0.167907827376462
rna_CTGCGAGAGATTAGAC-1,42,20,0,-1.0,0.2171765901262295
rna_CTGCTCATCGCACGGT-1,42,20,2,-1.0,0.921195813453527
rna_CTGCTCATCTGCGGGT-1,42,20,0,-1.0,0.18995682907448938
rna_CTGGACGTCAAATGAG-1,42,20,0,-1.0,0.13106221728125167
rna_CTGGCAGAGCTGTGCC-1,42,20,2,-1.0,0.8947058089899513
rna_CTGGCAGAGTTGCATC-1,42,20,0,-1.0,0.2190170941063395
rna_CTGGCAGCAACCGGAA-1,42,20,2,-1.0,0.8364664292577955
rna_CTGGCAGCAGGTCAAG-1,42,20,0,-1.0,0.09883720963758723
rna_CTGGCAGCATGTTACG-1,42,20,1,-1.0,0.6144091916175354
rna_CTGGCAGGTACACTCA-1,42,20,1,-1.0,0.42950430762333186
rna_CTGGTCTGTACGGCAA-1,42,20,1,-1.0,0.35140156364882225
rna_CTGGTCTTCCAACTAG-1,42,20,0,-1.0,0.09802123869350174
rna_CTGTACCTCCTGGCTT-1,42,20,1,-1.0,0.30523983281132355
rna_CTGTAGAAGTCATAGA-1,42,20,2,-1.0,0.9156151946443762
rna_CTGTAGAGTTATTCTC-1,42,20,2,-1.0,0.6973479813686204
rna_CTGTAGATCAACTCTT-1,42,20,2,-1.0,0.9367821225189482
rna_CTGTAGATCCTTATAC-1,42,20,2,-1.0,0.8889276880989821
rna_CTGTATTAGACCAGCA-1,42,20,0,-1.0,0.14893629240361408
rna_CTGTATTCAGAACTCT-1,42,20,1,-1.0,0.292032012942454
rna_CTGTATTGTGCTTCAA-1,42,20,1,-1.0,0.31793398141468077
rna_CTGTCGTAGGAGACCT-1,42,20,0,-1.0,0.3743011962078205
rna_CTGTCGTTCACTCACC-1,42,20,0,0.22557898,0.23387242729142915
rna_CTGTGAACAACTCATG-1,42,20,0,-1.0,0.15889421658931183
rna_CTGTGAACAGGTTACT-1,42,20,0,-1.0,0.28188335615004817
rna_CTGTGAACATGGTACT-1,42,20,0,-1.0,0.19059731430876709
rna_CTGTGAATCCATTGCC-1,42,20,0,0.07519299,0.07067116797556511
rna_CTGTGGGAGCGCACAA-1,42,20,1,-1.0,0.7068865212763233
rna_CTGTGGGAGGTATTGA-1,42,20,0,-1.0,0.24233506170833213
rna_CTGTGGGGTACGATGG-1,42,20,1,-1.0,0.38762959915573975
rna_CTGTGGGGTCAAAGAT-1,42,20,1,-1.0,0.5413610367006467
rna_CTTACCGAGTCCGCGT-1,42,20,2,-1.0,0.7962605834905961
rna_CTTACCGGTACTCGCG-1,42,20,1,-1.0,0.5558375386542721
rna_CTTACCGTCCAATCTT-1,42,20,0,-1.0,0.28474915270723167
rna_CTTAGGAAGTGAACAT-1,42,20,1,-1.0,0.2808501239461416
rna_CTTAGGAGTCTGTTAG-1,42,20,1,-1.0,0.5514082131590022
rna_CTTAGGATCGAAGGAC-1,42,20,1,-1.0,0.6133190320569372
rna_CTTAGGATCGTGGCGT-1,42,20,1,-1.0,0.37080261908436113
rna_CTTCAATAGAATTCAG-1,42,20,0,-1.0,0.09520631294534908
rna_CTTCAATAGCCTGAAG-1,42,20,0,-1.0,0.07961450897290975
rna_CTTCAATAGGAAACGA-1,42,20,0,-1.0,0.11702126910280991
rna_CTTCAATCACAGAGAC-1,42,20,2,-1.0,0.9367821225189482
rna_CTTCAATCAGGTGAGT-1,42,20,2,-1.0,0.9345982144438539
rna_CTTCAATCATAAGATG-1,42,20,0,-1.0,0.24258706124599227
rna_CTTCAATCATACTTTC-1,42,20,1,-1.0,0.4591034762500417
rna_CTTCAATGTATTGAGA-1,42,20,0,-1.0,0.16472976691369712
rna_CTTCCGACATCGCTAA-1,42,20,1,-1.0,0.35075218084451576
rna_CTTCCGATCGCGTAGC-1,42,20,2,-1.0,0.705436663138843
rna_CTTCCTTAGATCGACG-1,42,20,0,-1.0,0.06930411759708521
rna_CTTCCTTGTACGATGG-1,42,20,1,-1.0,0.40339882698956697
rna_CTTCCTTTCAGGAACG-1,42,20,1,-1.0,0.3231406137700458
rna_CTTCCTTTCTCGAGTA-1,42,20,0,-1.0,0.21390464214325713
rna_CTTCGGTGTCATGCAT-1,42,20,0,-1.0,0.060776575895861544
rna_CTTCGGTGTGTGTTTG-1,42,20,1,-1.0,0.6992563557756091
rna_CTTCGGTTCATCACTT-1,42,20,0,-1.0,0.3002731419533033
rna_CTTCGGTTCGTGCGAC-1,42,20,0,-1.0,0.0646700511261717
rna_CTTCTAACACGGCTAC-1,42,20,1,-1.0,0.5489513977335182
rna_CTTCTAAGTACAGAGC-1,42,20,0,-1.0,0.12721849796450174
rna_CTTCTAAGTCGGTACC-1,42,20,1,-1.0,0.4827794869490679
rna_CTTCTAATCAAGAAAC-1,42,20,1,-1.0,0.6234884998516312
rna_CTTCTAATCACTAGCA-1,42,20,1,-1.0,0.26954852433540355
rna_CTTCTAATCATTCATC-1,42,20,1,-1.0,0.39309982387621006
rna_CTTCTAATCCGGTTCT-1,42,20,0,-1.0,0.26825487451102314
rna_CTTCTAATCTGAATCG-1,42,20,1,-1.0,0.2910735005119569
rna_CTTCTCTAGAGGATGA-1,42,20,0,-1.0,0.15529617965493409
rna_CTTCTCTCAGCAAGAC-1,42,20,0,-1.0,0.13294435525973408
rna_CTTCTCTCATTCCTAT-1,42,20,1,-1.0,0.3757865940992322
rna_CTTCTCTTCGCTTACC-1,42,20,1,-1.0,0.3604825113021606
rna_CTTGAGAAGCATGCAG-1,42,20,2,-1.0,0.8428611681175142
rna_CTTGAGAGTACAGGTG-1,42,20,2,-1.0,0.926593083233964
rna_CTTGAGATCTAAACGC-1,42,20,0,-1.0,0.18823256928693982
rna_CTTGATTAGTGTTGTC-1,42,20,3,-1.0,0.700373501777412
rna_CTTGATTCATGGATCT-1,42,20,0,-1.0,0.06774669769636192
rna_CTTGATTTCCAACACA-1,42,20,0,-1.0,0.21190363593402073
rna_CTTGATTTCCTTATGT-1,42,20,0,-1.0,0.3080878133958516
rna_CTTGATTTCGTTATCT-1,42,20,0,-1.0,0.19927137086127622
rna_CTTTCAAGTAGCGATG-1,42,20,3,-1.0,0.7648209315225014
rna_CTTTCAATCGGATAAA-1,42,20,0,-1.0,0.16813239936663643
rna_CTTTCGGAGGAGAATG-1,42,20,2,-1.0,0.9367821225189482
rna_CTTTCGGAGTGGTGAC-1,42,20,0,-1.0,0.11724311867225065
rna_CTTTCGGGTACCATAC-1,42,20,1,-1.0,0.49265455785452844
rna_CTTTCGGGTGTGTGTT-1,42,20,1,-1.0,0.3277720320844238
rna_GAAACCTCAGAATTCC-1,42,20,1,-1.0,0.5593596096435214
rna_GAAACCTTCGATGGAG-1,42,20,1,-1.0,0.6933780945676176
rna_GAAATGAAGATAACAC-1,42,20,2,-1.0,0.8785302726377079
rna_GAAATGACAATACGAA-1,42,20,0,-1.0,0.07930213717766665
rna_GAAATGACACAGAGAC-1,42,20,0,-1.0,0.34164538521119375
rna_GAAATGACACGCGCAT-1,42,20,1,-1.0,0.4716494827887841
rna_GAAATGATCTCGTCGT-1,42,20,1,-1.0,0.37118357958905596
rna_GAAATGATCTTCTGTA-1,42,20,1,-1.0,0.5783330478949895
rna_GAACACTGTCAAGGCA-1,42,20,0,-1.0,0.16951773550824104
rna_GAACACTTCCCGTGAG-1,42,20,0,-1.0,0.09506610938366349
rna_GAACACTTCGTACACA-1,42,20,0,-1.0,0.13606952661118019
rna_GAACACTTCTCGCCTA-1,42,20,0,-1.0,0.27876738719963684
rna_GAACGTTCATTGTAGC-1,42,20,0,-1.0,0.2475092794798935
rna_GAACGTTGTATAGGGC-1,42,20,0,-1.0,0.28929586718092476
rna_GAACGTTGTGTTCGAT-1,42,20,0,-1.0,0.09100893271198522
rna_GAACGTTTCGCCTATC-1,42,20,0,-1.0,0.09399901049704223
rna_GAACTGTAGATTGATG-1,42,20,0,-1.0,0.1970344906589904
rna_GAACTGTGTAGACGGT-1,42,20,0,-1.0,0.27773733347828033
rna_GAACTGTGTGGCACTC-1,42,20,0,-1.0,0.24461499622799746
rna_GAACTGTTCAGTCAGT-1,42,20,0,-1.0,0.20528918175093303
rna_GAAGAATCATACATCG-1,42,20,1,-1.0,0.44631169007008986
rna_GAAGCCCAGGTAAACT-1,42,20,0,-1.0,0.18823256928693982
rna_GAAGCCCAGTACAACA-1,42,20,0,-1.0,0.14614190541073266
rna_GAAGCCCCACTGTGTA-1,42,20,1,-1.0,0.3209802450645972
rna_GAAGCCCCAGGGTTGA-1,42,20,1,-1.0,0.33536656915967866
rna_GAAGCCCTCATGGATC-1,42,20,1,-1.0,0.41194011995613217
rna_GAAGCGAAGTGATGGC-1,42,20,1,-1.0,0.3574002700312404
rna_GAAGCGACAATCAGCT-1,42,20,1,-1.0,0.32970516777675024
rna_GAAGCGATCAGAGCGA-1,42,20,2,0.9655172,0.9367821225189482
rna_GAAGCGATCTTCACAT-1,42,20,1,-1.0,0.5245286444726858
rna_GAAGGACGTATCAGCT-1,42,20,0,-1.0,0.07212631643020237
rna_GAAGGACGTCTGTGCG-1,42,20,1,-1.0,0.7088182068996961
rna_GAAGGACGTGTAGGAC-1,42,20,1,-1.0,0.5507669429266153
rna_GAAGGACGTTCTATCT-1,42,20,0,-1.0,0.24721121973611695
rna_GAAGGACTCGAACCAT-1,42,20,0,-1.0,0.288102892765313
rna_GAAGGACTCTTGTTAC-1,42,20,0,-1.0,0.15996981979257588
rna_GAAGGGTAGTAGAGTT-1,42,20,1,-1.0,0.5291593352019232
rna_GAAGGGTGTCATCCCT-1,42,20,1,-1.0,0.5768420310554027
rna_GAAGGGTTCGCGTTTC-1,42,20,1,-1.0,0.5820647990239023
rna_GAAGGGTTCGGCGATC-1,42,20,0,-1.0,0.22507233936488927
rna_GAAGTAAAGAGGCGTT-1,42,20,0,-1.0,0.09621686813100754
rna_GAAGTAAAGCACTCAT-1,42,20,1,-1.0,0.5323649970759365
rna_GAAGTAATCGAAACAA-1,42,20,0,-1.0,0.2955067508161762
rna_GAATAGAAGCGCTGCT-1,42,20,1,-1.0,0.3435898390721077
rna_GAATAGACAATGTCAC-1,42,20,0,-1.0,0.24288036817660383
rna_GAATAGAGTCGATGCC-1,42,20,1,-1.0,0.623574899687831
rna_GAATCACAGATAGCAT-1,42,20,0,-1.0,0.1468258906811372
rna_GAATCGTGTCACATTG-1,42,20,0,-1.0,0.2537389963863062
rna_GACACGCAGCCTGGAA-1,42,20,1,-1.0,0.5574662485616052
rna_GACACGCCACACCGCA-1,42,20,0,-1.0,0.06553999224155106
rna_GACACGCGTGAATATG-1,42,20,0,-1.0,0.06847266813539826
rna_GACACGCTCGCAATGT-1,42,20,3,-1.0,0.7671265165840119
rna_GACAGCCCAATAGTCC-1,42,20,0,-1.0,0.20993420637149124
rna_GACAGCCTCGAGATGG-1,42,20,1,-1.0,0.5368263605987602
rna_GACATCAAGATACAGT-1,42,20,1,-1.0,0.38061747207021746
rna_GACATCAAGTAAACTG-1,42,20,1,-1.0,0.6064319146647081
rna_GACATCACAGCTGTGC-1,42,20,0,-1.0,0.15757703374247137
rna_GACATCACATGGAATA-1,42,20,1,-1.0,0.4707584789456828
rna_GACATCATCGCAGTTA-1,42,20,2,-1.0,0.7795747157211218
rna_GACCAATAGAGTGTGC-1,42,20,1,-1.0,0.365473460910909
rna_GACCAATCACTCAGAT-1,42,20,1,-1.0,0.3544896525090552
rna_GACCAATGTGTTACTG-1,42,20,0,-1.0,0.3127997235057748
rna_GACCAATTCGCATAGT-1,42,20,1,-1.0,0.4876986235823661
rna_GACCAATTCGGCTCTT-1,42,20,1,-1.0,0.39979507837385414
rna_GACCCAGAGTCTACCA-1,42,20,0,-1.0,0.20828367568644152
rna_GACCCAGCACCGCTAG-1,42,20,0,-1.0,0.4515138724889489
rna_GACCCAGCACGACTAT-1,42,20,1,-1.0,0.5770809753399614
rna_GACCCAGGTTATCTTC-1,42,20,0,-1.0,0.13743325663518358
rna_GACCCAGTCGGTCGAC-1,42,20,0,-1.0,0.10758313162936012
rna_GACCCTTAGCCGTTAT-1,42,20,1,-1.0,0.5388730030506472
rna_GACCCTTGTCCGGCAT-1,42,20,1,-1.0,0.3655476933870661
rna_GACCGTGAGCACTAGG-1,42,20,0,-1.0,0.09223686113938064
rna_GACCGTGAGCATATGA-1,42,20,1,-1.0,0.5435890925504365
rna_GACCGTGGTTTGCAGT-1,42,20,0,-1.0,0.13712211663714605
rna_GACCGTGTCCTGTACC-1,42,20,2,-1.0,0.9028518009863659
rna_GACCTTCAGTGCGACA-1,42,20,2,-1.0,0.9367821225189482
rna_GACCTTCCAGCTGAAG-1,42,20,1,-1.0,0.6552452150919348
rna_GACCTTCGTCCTACAA-1,42,20,0,-1.0,0.16152821918548865
rna_GACCTTCTCTGCGGGT-1,42,20,1,-1.0,0.3534790398101543
rna_GACGCTGTCCTTCAGC-1,42,20,0,-1.0,0.20991531160370352
rna_GACGCTGTCTGGTGGC-1,42,20,1,-1.0,0.6762788964671984
rna_GACGCTGTCTTCGGAA-1,42,20,0,-1.0,0.16222922715293392
rna_GACGTTAAGCCGCTTG-1,42,20,0,-1.0,0.24768723678206733
rna_GACGTTAAGCGAAACC-1,42,20,0,-1.0,0.1585171574667717
rna_GACGTTACAACGACTT-1,42,20,1,-1.0,0.2845155845832389
rna_GACGTTAGTTGGCTAT-1,42,20,1,-1.0,0.4076845406102283
rna_GACGTTAGTTGGGACA-1,42,20,1,-1.0,0.5533655395958611
rna_GACTATGCAAGTGCAG-1,42,20,1,-1.0,0.6545808599331291
rna_GACTATGGTTTACCTT-1,42,20,1,-1.0,0.5189481991245042
rna_GACTCAAAGAGTCTGG-1,42,20,0,-1.0,0.19003336687454045
rna_GACTCAACACCTCGTT-1,42,20,1,-1.0,0.33321623657894356
rna_GACTCAATCACTGGTA-1,42,20,0,-1.0,0.2933450751289924
rna_GACTCTCAGATGCTTC-1,42,20,0,-1.0,0.33114841521450766
rna_GACTCTCAGCGTTACT-1,42,20,0,-1.0,0.07059918256852747
rna_GACTCTCCAAATACAG-1,42,20,2,-1.0,0.903909682526142
rna_GACTCTCCAATCGCAT-1,42,20,1,-1.0,0.5813300646085446
rna_GACTCTCGTAAGGCCA-1,42,20,0,-1.0,0.07221754764995376
rna_GACTCTCGTGAGTGAC-1,42,20,1,-1.0,0.3968225017390139
rna_GACTCTCTCAGACCGC-1,42,20,0,-1.0,0.1849520817697049
rna_GACTCTCTCATCACCC-1,42,20,0,-1.0,0.26947606508423533
rna_GACTGATAGAAGCCAC-1,42,20,0,-1.0,0.10215498844556667
rna_GACTGATAGCTGCCTG-1,42,20,0,-1.0,0.2553846852663276
rna_GACTTCCAGAGAAGGT-1,42,20,1,-1.0,0.24172552739519468
rna_GACTTCCCATGAAAGT-1,42,20,2,-1.0,0.8302303675953598
rna_GACTTCCGTGTGTGGA-1,42,20,0,-1.0,0.19792213943957265
rna_GAGAAATAGGACCCAA-1,42,20,1,-1.0,0.6687104264471739
rna_GAGAAATAGGTTTACC-1,42,20,1,-1.0,0.4964217600731386
rna_GAGAAATCATCAGTGT-1,42,20,1,-1.0,0.5755760920780023
rna_GAGAAATGTGTCCAAT-1,42,20,0,-1.0,0.2929355221430416
rna_GAGAAATTCGTCAGAT-1,42,20,0,-1.0,0.14723418843055822
rna_GAGACTTAGACGTCCC-1,42,20,0,-1.0,0.19548027836583146
rna_GAGACTTCATCCGGCA-1,42,20,1,-1.0,0.44620491914250077
rna_GAGACTTCATTGTCGA-1,42,20,0,-1.0,0.08481405211812888
rna_GAGACTTGTAGTTACC-1,42,20,1,-1.0,0.5315824630179457
rna_GAGACTTGTATGTCTG-1,42,20,1,-1.0,0.6104801573201066
rna_GAGAGGTAGAGAGGGC-1,42,20,0,-1.0,0.16634092119797356
rna_GAGAGGTAGTGACCTT-1,42,20,1,-1.0,0.5868601441973709
rna_GAGAGGTCACATGTTG-1,42,20,1,-1.0,0.5552564911318655
rna_GAGAGGTCACTGCGAC-1,42,20,1,-1.0,0.34678695326461073
rna_GAGAGGTCAGGTTACT-1,42,20,0,-1.0,0.3063440522558263
rna_GAGAGGTCATATGGCT-1,42,20,1,-1.0,0.6665600410349195
rna_GAGAGGTGTAGCGTCC-1,42,20,1,-1.0,0.5396874586315006
rna_GAGAGGTTCCAAGAGG-1,42,20,0,-1.0,0.07289391154987324
rna_GAGATGGCATTGTACG-1,42,20,1,-1.0,0.47559305974923916
rna_GAGATGGGTACAACGG-1,42,20,0,-1.0,0.08761092568087642
rna_GAGATGGGTGCCTTCT-1,42,20,0,-1.0,0.18527293228427513
rna_GAGATGGTCCTAACAG-1,42,20,0,-1.0,0.24768635610190942
rna_GAGCCTGAGGAATTAC-1,42,20,1,-1.0,0.5706253777021193
rna_GAGCCTGCACAGCTGC-1,42,20,0,-1.0,0.1786381453658262
rna_GAGCCTGCAGGGTCTC-1,42,20,0,-1.0,0.07836591746423775
rna_GAGCCTGGTAGTAAGT-1,42,20,2,-1.0,0.9346384443306242
rna_GAGCCTGGTCGTATTG-1,42,20,0,-1.0,0.21341438949751176
rna_GAGCCTGGTCTAGATC-1,42,20,0,-1.0,0.1413672375433398
rna_GAGCCTGGTTCATCTT-1,42,20,0,-1.0,0.24418625508525985
rna_GAGCCTGTCGCTTGAA-1,42,20,1,-1.0,0.5136653541200866
rna_GAGCTGCCAAGTTCCA-1,42,20,0,-1.0,0.23118157007946605
rna_GAGCTGCCACGTTCGG-1,42,20,0,-1.0,0.1287850192622651
rna_GAGGCAAAGACTCTAC-1,42,20,0,-1.0,0.1550327432211858
rna_GAGGCAAAGTAGTCTC-1,42,20,1,-1.0,0.2857657424181122
rna_GAGGCAATCTTCCACG-1,42,20,3,-1.0,0.7778509019470173
rna_GAGGCCTAGCACTCGC-1,42,20,0,-1.0,0.2829821174402263
rna_GAGGCCTAGCATAGGC-1,42,20,3,-1.0,0.7759890798726492
rna_GAGGCCTCAAATGAGT-1,42,20,0,-1.0,0.2404521038847576
rna_GAGGCCTCAAGCCTGC-1,42,20,1,-1.0,0.46722358481053816
rna_GAGGCCTCAGCGCGTT-1,42,20,1,-1.0,0.6943558638592563
rna_GAGGGATAGAGGTTTA-1,42,20,1,-1.0,0.685424278285935
rna_GAGGGATAGATGCAGC-1,42,20,1,-1.0,0.520056438326931
rna_GAGGGATTCCATTCAT-1,42,20,0,-1.0,0.34902064777068076
rna_GAGGGATTCGTTCAGA-1,42,20,1,-1.0,0.5434415167300097
rna_GAGGGTACACGATTCA-1,42,20,2,-1.0,0.7858064716645182
rna_GAGGGTAGTCGTGGAA-1,42,20,2,-1.0,0.9343151684814011
rna_GAGTCATGTTCGAAGG-1,42,20,0,-1.0,0.10840641281656208
rna_GAGTCATTCCATATGG-1,42,20,0,-1.0,0.2093227171583415
rna_GAGTCATTCCGCAGTG-1,42,20,0,-1.0,0.20281826345660575
rna_GAGTCTACATCCTAAG-1,42,20,1,-1.0,0.5337002123875159
rna_GAGTCTAGTGCTGCAC-1,42,20,0,-1.0,0.1873756826682726
rna_GAGTCTAGTTACACTG-1,42,20,1,-1.0,0.2526342421841422
rna_GAGTGAGTCGCATTGA-1,42,20,0,-1.0,0.2111192791560694
rna_GAGTGTTAGTTCGGTT-1,42,20,1,-1.0,0.5786242433386877
rna_GAGTGTTGTAACACCT-1,42,20,1,-1.0,0.5278920731829426
rna_GAGTTACAGTGTTGTC-1,42,20,0,-1.0,0.5513751455948327
rna_GAGTTACCACGCAAAG-1,42,20,1,-1.0,0.7163815600614228
rna_GAGTTACCATAGATCC-1,42,20,0,-1.0,0.06224597227004992
rna_GAGTTACGTATGGTAA-1,42,20,0,-1.0,0.06821419220414042
rna_GAGTTACGTTGGCCTG-1,42,20,1,-1.0,0.5851547083377107
rna_GAGTTGTCAATAGAGT-1,42,20,0,-1.0,0.29097953303928076
rna_GAGTTGTCAGCTGTCG-1,42,20,0,-1.0,0.1507735226378362
rna_GAGTTGTCAGGACATG-1,42,20,0,-1.0,0.2693379465545868
rna_GAGTTGTGTTACCTGA-1,42,20,0,-1.0,0.12467029131419718
rna_GAGTTTGAGAGTATAC-1,42,20,1,-1.0,0.4155898009197462
rna_GAGTTTGCACCAAAGG-1,42,20,2,-1.0,0.915667140329781
rna_GAGTTTGCACGCAAAG-1,42,20,0,-1.0,0.2687001634499698
rna_GAGTTTGCAGGACTAG-1,42,20,0,-1.0,0.26217529176283505
rna_GAGTTTGCATTCCTAT-1,42,20,1,-1.0,0.6038396848066673
rna_GAGTTTGGTCGAGCTC-1,42,20,1,-1.0,0.4569767758165088
rna_GAGTTTGTCTATGTGG-1,42,20,0,-1.0,0.1811279188004722
rna_GATAGAACACACGTGC-1,42,20,1,-1.0,0.3567085768383899
rna_GATAGAACACTCCGGA-1,42,20,0,-1.0,0.30260815108568556
rna_GATAGAAGTCGCGTTG-1,42,20,0,-1.0,0.0975672089999748
rna_GATAGAAGTCTCAAGT-1,42,20,0,-1.0,0.22710598095341936
rna_GATAGAATCCTAAACG-1,42,20,0,-1.0,0.18868771918624655
rna_GATAGCTAGAGCATAT-1,42,20,1,-1.0,0.4396504699792416
rna_GATAGCTAGTCGCTAT-1,42,20,0,-1.0,0.170335034274511
rna_GATAGCTCATACAGAA-1,42,20,0,-1.0,0.12257078041215347
rna_GATAGCTGTAGGCAGT-1,42,20,1,-1.0,0.556088182046676
rna_GATAGCTGTGGTCTAT-1,42,20,2,-1.0,0.7861321141109692
rna_GATCACAAGCAACTTC-1,42,20,0,-1.0,0.2629579701705367
rna_GATCACACAATTTCGG-1,42,20,0,-1.0,0.09793508012212128
rna_GATCACAGTAGCGTCC-1,42,20,1,-1.0,0.3665214080829987
rna_GATCAGTAGAGGCTGT-1,42,20,0,-1.0,0.09910057146466583
rna_GATCAGTCAACACAAA-1,42,20,1,-1.0,0.6132289769111408
rna_GATCAGTGTATGCTAC-1,42,20,0,-1.0,0.1663946752811797
rna_GATCAGTGTCAGACTT-1,42,20,2,-1.0,0.9260590105971156
rna_GATCATGAGCGTGCTC-1,42,20,3,-1.0,0.7664281393423208
rna_GATCATGCATATGCGT-1,42,20,1,-1.0,0.48463828743840504
rna_GATCATGGTCTAGATC-1,42,20,0,-1.0,0.1807947720788409
rna_GATCCCTCAATAGTGA-1,42,20,0,-1.0,0.07491226151768147
rna_GATCGTAGTCCGGTCA-1,42,20,0,-1.0,0.11795446795120182
rna_GATGACTAGCACTGGA-1,42,20,0,-1.0,0.24062229503247712
rna_GATGACTTCGTGCATA-1,42,20,0,-1.0,0.2443728947897797
rna_GATGAGGAGGCATTTC-1,42,20,1,-1.0,0.4512068519883213
rna_GATGAGGAGTCAACAA-1,42,20,1,-1.0,0.545481241508571
rna_GATGAGGAGTGGTTCT-1,42,20,1,-1.0,0.3081945978940892
rna_GATGAGGCATAGTCAC-1,42,20,0,-1.0,0.25479181031090725
rna_GATGATCCACGACAAG-1,42,20,0,-1.0,0.21736108058552067
rna_GATGATCGTCAAAGAT-1,42,20,0,-1.0,0.1373788768791017
rna_GATGATCGTCATTGCA-1,42,20,0,-1.0,0.3021028556150329
rna_GATGATCTCCATGATG-1,42,20,1,-1.0,0.5765197380637698
rna_GATGCTATCAGTGTGT-1,42,20,0,-1.0,0.218428418263453
rna_GATGCTATCTACTCAT-1,42,20,0,-1.0,0.2680639549546047
rna_GATGGAGAGGTAAACT-1,42,20,1,-1.0,0.4694395403073775
rna_GATGGAGTCCCTGGTT-1,42,20,0,-1.0,0.14444735278163306
rna_GATGGAGTCTGGAGAG-1,42,20,0,-1.0,0.16591316155861652
rna_GATGTTGAGAGTGGCT-1,42,20,1,-1.0,0.6226528957865186
rna_GATGTTGCACGGTGAA-1,42,20,0,-1.0,0.20510407424031482
rna_GATGTTGGTATGATCC-1,42,20,0,-1.0,0.35425601538248935
rna_GATGTTGTCCCAAGCG-1,42,20,1,-1.0,0.44265974648264317
rna_GATTCGAAGGGTAATT-1,42,20,1,-1.0,0.4545225784859902
rna_GATTCGACACCCTGTT-1,42,20,0,-1.0,0.2655709265228912
rna_GATTCGAGTAAGGCTG-1,42,20,1,-1.0,0.5856757407536324
rna_GATTCGATCAATCGGT-1,42,20,0,-1.0,0.2129253655040622
rna_GATTCTTCAGCTTTCC-1,42,20,1,-1.0,0.5731507384559679
rna_GATTCTTGTACACTCA-1,42,20,2,-1.0,0.91060652172816
rna_GATTCTTTCCGATTAG-1,42,20,1,-1.0,0.2560353207910052
rna_GATTGGTAGAGAGCGG-1,42,20,0,-1.0,0.17720978959796493
rna_GATTGGTAGGAACTAT-1,42,20,2,-1.0,0.8792877280789111
rna_GATTGGTGTGGCTCTG-1,42,20,0,-1.0,0.37250535617603203
rna_GATTGGTTCTTGAACG-1,42,20,3,-1.0,0.7721047916549543
rna_GATTTCTAGAGGATGA-1,42,20,1,-1.0,0.4244027775922818
rna_GATTTCTCAATCCTTT-1,42,20,0,-1.0,0.19656453447414954
rna_GATTTCTCATCTCATT-1,42,20,0,-1.0,0.09957052764950669
rna_GATTTCTCATGAAGGC-1,42,20,1,-1.0,0.5895440852315866
rna_GATTTCTGTATGGAAT-1,42,20,2,-1.0,0.8829312482758995
rna_GATTTCTTCTGCTTAT-1,42,20,0,-1.0,0.12850095602199577
rna_GCAACATAGCCACCGT-1,42,20,2,-1.0,0.9367821225189482
rna_GCAACATGTCTGATAC-1,42,20,1,-1.0,0.36673968913096494
rna_GCAACATGTGAGGATC-1,42,20,0,-1.0,0.2267090465025681
rna_GCAACATGTTACAGCT-1,42,20,0,-1.0,0.42981640384366954
rna_GCAACATTCCGATAAC-1,42,20,1,-1.0,0.5784204102167039
rna_GCAACATTCGTGTCAA-1,42,20,0,-1.0,0.08527613850049524
rna_GCAACCGCAGTGTGGA-1,42,20,1,-1.0,0.6676292713649336
rna_GCAACCGTCACACGAT-1,42,20,1,-1.0,0.4991710037684275
rna_GCAACCGTCCGAGCTG-1,42,20,0,-1.0,0.15669422519375523
rna_GCACATAGTGCTAGCC-1,42,20,0,-1.0,0.17218202907556585
rna_GCACGGTCAATGAACA-1,42,20,0,-1.0,0.26572905572389977
rna_GCACGGTCAGAGGGTT-1,42,20,1,-1.0,0.4963154788553005
rna_GCACGGTTCGGCTATA-1,42,20,0,-1.0,0.12291504197531479
rna_GCACGTGAGGCCCACT-1,42,20,1,-1.0,0.36091052293541737
rna_GCACGTGAGGTAAAGG-1,42,20,0,-1.0,0.22037529018446658
rna_GCACGTGCAGCTATAC-1,42,20,0,-1.0,0.07490166891538466
rna_GCACGTGCATAACCCA-1,42,20,0,-1.0,0.07734857418477564
rna_GCACGTGTCTGTTCAT-1,42,20,0,-1.0,0.27886772766049256
rna_GCACTAAAGACGTCGA-1,42,20,0,-1.0,0.15376930765655364
rna_GCACTAATCAGTAGGG-1,42,20,0,-1.0,0.3150101040677049
rna_GCAGCCAAGCATGTTC-1,42,20,1,-1.0,0.3162315228668135
rna_GCAGCCACAGACAATA-1,42,20,1,-1.0,0.32524079565353503
rna_GCAGCCACAGTAACCT-1,42,20,2,-1.0,0.8884409877905277
rna_GCAGCCAGTATACCTG-1,42,20,0,0.18798248,0.19350465091429508
rna_GCAGCCAGTGAATGAT-1,42,20,0,-1.0,0.23662355546512834
rna_GCAGCCAGTGCAACAG-1,42,20,0,-1.0,0.14160221563265582
rna_GCAGCTGAGAAACTGT-1,42,20,1,-1.0,0.5812883705980697
rna_GCAGCTGAGTTAACAG-1,42,20,2,-1.0,0.8438891585675138
rna_GCAGCTGGTCGGTGAA-1,42,20,0,-1.0,0.2519876263209781
rna_GCAGGCTCAACTGAAA-1,42,20,1,-1.0,0.6442482462655671
rna_GCAGGCTCAGTGCGCT-1,42,20,0,-1.0,0.21691477944040713
rna_GCAGGCTGTACGAAAT-1,42,20,1,-1.0,0.6598335892514554
rna_GCAGGCTTCGAGTCTA-1,42,20,0,-1.0,0.3437241208010707
rna_GCAGGCTTCTAACACG-1,42,20,0,-1.0,0.09975966644486675
rna_GCAGTTACATGAAGCG-1,42,20,0,-1.0,0.14272951421444668
rna_GCATCGGAGAGGGTAA-1,42,20,3,-1.0,0.7534474709103742
rna_GCATCGGAGATCCTAC-1,42,20,0,-1.0,0.06812020096820706
rna_GCATCGGCAGTTGAAA-1,42,20,2,-1.0,0.9109359552693728
rna_GCATCGGGTTTACGAC-1,42,20,0,-1.0,0.24708601152991097
rna_GCATCGGTCACCTTGC-1,42,20,2,-1.0,0.8864917281794046
rna_GCATCGGTCCCGATCT-1,42,20,0,-1.0,0.0943705742259598
rna_GCATCTCAGGTAAACT-1,42,20,1,-1.0,0.569841145747732
rna_GCATCTCCAATTCGTG-1,42,20,0,-1.0,0.25111941409451033
rna_GCATCTCGTCGTCTCT-1,42,20,0,-1.0,0.0943705742259598
rna_GCATGATTCTTGCGCT-1,42,20,0,-1.0,0.216428352256745
rna_GCATTAGCAGTTGAAA-1,42,20,1,-1.0,0.2935738044837859
rna_GCATTAGGTGGATCAG-1,42,20,1,0.5862069,0.6039349309052481
rna_GCATTAGTCTAACACG-1,42,20,2,-1.0,0.8520597961966122
rna_GCCAACGAGACCTCCG-1,42,20,2,-1.0,0.9334085591895694
rna_GCCAACGCACCTGTCT-1,42,20,1,-1.0,0.5760414909060134
rna_GCCAGCAAGCCTATTG-1,42,20,1,-1.0,0.5553362520929817
rna_GCCAGCATCTCCAAGA-1,42,20,0,-1.0,0.21017149268041205
rna_GCCAGGTGTGTAGGAC-1,42,20,0,-1.0,0.0656506930402894
rna_GCCAGTGAGACTCTAC-1,42,20,0,-1.0,0.07388343051558598
rna_GCCAGTGAGCTGGAGT-1,42,20,0,-1.0,0.14687605219694663
rna_GCCAGTGAGGTGCTAG-1,42,20,1,-1.0,0.4366053697137783
rna_GCCAGTGGTTAATGAG-1,42,20,1,-1.0,0.4940195278179433
rna_GCCAGTGTCCACCTGT-1,42,20,0,-1.0,0.27452762014492355
rna_GCCAGTGTCCTTATGT-1,42,20,0,-1.0,0.06544391231406627
rna_GCCAGTGTCTACGCGG-1,42,20,0,-1.0,0.15446566258633274
rna_GCCATTCAGATCGCCC-1,42,20,1,-1.0,0.5666870986096892
rna_GCCATTCAGTAGGAAG-1,42,20,0,-1.0,0.13405027569707723
rna_GCCCAGACATCGAGCC-1,42,20,1,-1.0,0.3951466461818983
rna_GCCCAGAGTACGGGAT-1,42,20,0,-1.0,0.19205387839171928
rna_GCCCAGAGTCGGAAAC-1,42,20,0,-1.0,0.16236711356077815
rna_GCCCAGAGTCTGTGCG-1,42,20,0,-1.0,0.25754810351909035
rna_GCCCAGAGTGCGAGTA-1,42,20,0,-1.0,0.20883444225783282
rna_GCCCAGAGTTCGTAAC-1,42,20,1,-1.0,0.5893964024186347
rna_GCCCGAACACGAGGAT-1,42,20,0,-1.0,0.1516088986836876
rna_GCCCGAACAGAATCGG-1,42,20,1,-1.0,0.5433191874587443
rna_GCCCGAAGTCACTACA-1,42,20,2,-1.0,0.8571389889073864
rna_GCCCGAAGTTCTTCAT-1,42,20,0,0.16918424,0.15823012449910184
rna_GCCCGAATCCCGATCT-1,42,20,0,-1.0,0.09741969478518385
rna_GCCCGAATCTCCAAGA-1,42,20,0,-1.0,0.24146218742139725
rna_GCCGATGAGTCGCGAA-1,42,20,1,-1.0,0.36547706394953033
rna_GCCGATGTCATTCGGA-1,42,20,1,-1.0,0.25846557504045103
rna_GCCGATGTCTCGGGAC-1,42,20,3,-1.0,0.77292987510834
rna_GCCGTGACAGCCGTCA-1,42,20,0,-1.0,0.10049320829837831
rna_GCCGTGAGTTGTATGC-1,42,20,2,-1.0,0.9002864277991022
rna_GCCTGTTCAGTAGTTC-1,42,20,1,-1.0,0.5249786409033705
rna_GCCTGTTGTGCCTTTC-1,42,20,2,-1.0,0.9096266365970392
rna_GCCTGTTTCACTTGTT-1,42,20,0,-1.0,0.26665610049832766
rna_GCCTGTTTCCGAGATT-1,42,20,0,-1.0,0.15129896601276208
rna_GCGAGAATCCAGTACA-1,42,20,1,-1.0,0.4345192966505531
rna_GCGAGAATCTTAAGGC-1,42,20,1,-1.0,0.4868349016950955
rna_GCGATCGCACTCTAGA-1,42,20,0,-1.0,0.1079391045888649
rna_GCGATCGGTGTTCATG-1,42,20,0,-1.0,0.19250917065467335
rna_GCGGAAACAAGATGGC-1,42,20,0,-1.0,0.2269472546904969
rna_GCGGAAACACATTGTG-1,42,20,0,-1.0,0.13454914389609812
rna_GCGGAAACACGGTGCT-1,42,20,1,-1.0,0.25076430840180475
rna_GCGGAAATCTATACGG-1,42,20,1,-1.0,0.4387237147044923
rna_GCGGATCAGACTCAAA-1,42,20,0,-1.0,0.25087541949458514
rna_GCGGATCTCTCATGGA-1,42,20,1,-1.0,0.5711402940114079
rna_GCGTGCACAAACTGCT-1,42,20,0,-1.0,0.2629579701705367
rna_GCGTGCACAACTCGTA-1,42,20,0,-1.0,0.18519042908704425
rna_GCGTGCATCCAATCCC-1,42,20,0,-1.0,0.12257078041215347
rna_GCGTGCATCCTGGGTG-1,42,20,0,-1.0,0.23987036508188717
rna_GCGTGCATCGAAGCCC-1,42,20,0,-1.0,0.21409085688634316
rna_GCGTTTCCATATCGGT-1,42,20,0,-1.0,0.20719370575855298
rna_GCTACAAAGTGTACCT-1,42,20,1,-1.0,0.5298506785715066
rna_GCTACAACAGCCTTCT-1,42,20,0,-1.0,0.15934563559627843
rna_GCTACAACATCGAAGG-1,42,20,0,-1.0,0.155543577992276
rna_GCTACAAGTGACTAAA-1,42,20,0,-1.0,0.06937655054794861
rna_GCTACAAGTTACACTG-1,42,20,0,-1.0,0.06717782690196432
rna_GCTACAATCATCGCCT-1,42,20,1,-1.0,0.31352409910148304
rna_GCTACAATCCCGATCT-1,42,20,0,-1.0,0.12897870820132787
rna_GCTACCTGTCGTCATA-1,42,20,1,-1.0,0.520871029072847
rna_GCTCAAATCCAAGCTA-1,42,20,0,-1.0,0.12015375120964432
rna_GCTGAATAGGACCCAA-1,42,20,1,-1.0,0.5869712623171132
rna_GCTGAATCAAGCGAGT-1,42,20,2,-1.0,0.9082738139268878
rna_GCTGAATTCAAGTGGG-1,42,20,0,-1.0,0.2475463445719538
rna_GCTGCAGAGATGTTGA-1,42,20,1,-1.0,0.47536397450520773
rna_GCTGCAGAGGATACCG-1,42,20,1,-1.0,0.5753881537748922
rna_GCTGGGTAGGACTATA-1,42,20,1,-1.0,0.581310944272256
rna_GCTGGGTAGTCGTCTA-1,42,20,0,-1.0,0.26537050801670137
rna_GCTGGGTTCGGAGCAA-1,42,20,1,-1.0,0.38381240025144947
rna_GCTGGGTTCGTTGTGA-1,42,20,1,-1.0,0.3163641816013758
rna_GCTTCACAGAATCGCG-1,42,20,0,-1.0,0.24737121598259165
rna_GCTTCACAGACCAAGC-1,42,20,0,-1.0,0.38875226591667206
rna_GCTTCACCAGATACCT-1,42,20,1,-1.0,0.5509069265977118
rna_GCTTCACGTGTCCCTT-1,42,20,3,-1.0,0.7671265165840119
rna_GCTTCACTCCATAAGC-1,42,20,1,-1.0,0.3908989679503535
rna_GCTTCACTCTTCCCAG-1,42,20,0,-1.0,0.2323457693234489
rna_GCTTGGGAGAGAGGGC-1,42,20,1,-1.0,0.550260393509574
rna_GCTTGGGCATTCCTCG-1,42,20,1,-1.0,0.48548420861458025
rna_GCTTGGGGTAGCTAAA-1,42,20,0,-1.0,0.1762288588005902
rna_GCTTGGGGTTTAGACC-1,42,20,1,-1.0,0.6686718385898618
rna_GCTTTCGAGCCTGAGA-1,42,20,2,0.7413793,0.7199042034398709
rna_GCTTTCGAGCTAAGTA-1,42,20,0,-1.0,0.11831517829672093
rna_GCTTTCGGTCGCACGT-1,42,20,0,-1.0,0.17430360507073686
rna_GGAACCCTCATGGATC-1,42,20,0,-1.0,0.3174741846906381
rna_GGAACCCTCGTCAGAT-1,42,20,1,-1.0,0.42829629686610815
rna_GGAACCCTCTGCTGAA-1,42,20,1,-1.0,0.37805206411116865
rna_GGAACCCTCTGTGTGA-1,42,20,0,-1.0,0.12277793448882561
rna_GGAAGTGAGCTGAGCA-1,42,20,0,-1.0,0.15940359671303767
rna_GGAAGTGGTGTTCAGT-1,42,20,1,-1.0,0.3346977319073241
rna_GGAAGTGTCCGATGTA-1,42,20,0,-1.0,0.24079685017014185
rna_GGAAGTGTCTCACTCG-1,42,20,0,-1.0,0.10148951546118277
rna_GGAAGTGTCTTGTGCC-1,42,20,1,-1.0,0.5254326347613418
rna_GGAATCTCAATTTCGG-1,42,20,1,-1.0,0.37768206722183684
rna_GGAATCTTCCTCTAAT-1,42,20,2,-1.0,0.7000235938908801
rna_GGAATGGGTCCCACGA-1,42,20,1,-1.0,0.29203850275298043
rna_GGAATGGTCATTGTTC-1,42,20,1,-1.0,0.33408612300695395
rna_GGACGTCCAGACCAGA-1,42,20,0,-1.0,0.0929983020018239
rna_GGACGTCCATAGAGGC-1,42,20,1,-1.0,0.27205881170036667
rna_GGACGTCGTACAAGTA-1,42,20,0,-1.0,0.11655131291796905
rna_GGACGTCGTTGCAAGG-1,42,20,1,-1.0,0.3123158446104886
rna_GGAGAACAGAGGACTC-1,42,20,1,-1.0,0.22649870747958292
rna_GGAGAACTCTGAGCAT-1,42,20,0,-1.0,0.2145077384954452
rna_GGAGATGAGACTCAAA-1,42,20,0,-1.0,0.1896016020563997
rna_GGAGATGCAGCAGTCC-1,42,20,0,-1.0,0.25578739797265615
rna_GGAGATGCATCCTAAG-1,42,20,1,-1.0,0.3545222083687605
rna_GGAGCAACACATGTTG-1,42,20,1,-1.0,0.5887519722847111
rna_GGAGCAAGTCCCTCAT-1,42,20,1,-1.0,0.4279234270608378
rna_GGAGGATAGCTAGCCC-1,42,20,1,-1.0,0.5053631016682418
rna_GGAGGATAGTGGTTCT-1,42,20,0,-1.0,0.11265560013434238
rna_GGAGGATCAGCACAAG-1,42,20,1,-1.0,0.6029494033948037
rna_GGAGGATGTAGGTGCA-1,42,20,0,-1.0,0.17111113834388506
rna_GGAGGATGTCCGTTTC-1,42,20,1,-1.0,0.3782159569155839
rna_GGAGGTAAGCACCTGC-1,42,20,1,-1.0,0.4584485497455601
rna_GGAGGTAAGGTGCATG-1,42,20,0,-1.0,0.22650815202876345
rna_GGAGGTACACCCAACG-1,42,20,0,-1.0,0.2293377739978245
rna_GGAGGTAGTATCCCTC-1,42,20,1,-1.0,0.3463536294617192
rna_GGAGGTAGTGTGTCGC-1,42,20,1,-1.0,0.48537455217386527
rna_GGAGGTAGTTGGAGAC-1,42,20,2,-1.0,0.8478385003781619
rna_GGATCTACATACTGTG-1,42,20,0,-1.0,0.13431170359031397
rna_GGATGTTCAGAGGGTT-1,42,20,1,-1.0,0.2939050120800245
rna_GGATGTTGTGAGGCAT-1,42,20,0,-1.0,0.16879854342326645
rna_GGATGTTTCATTGCGA-1,42,20,1,-1.0,0.3422450036399791
rna_GGCACGTAGATTGACA-1,42,20,0,-1.0,0.18117543665637115
rna_GGCACGTAGCGTCAAG-1,42,20,0,-1.0,0.43066400446441216
rna_GGCACGTCAGGGATAC-1,42,20,1,-1.0,0.300090752332083
rna_GGCACGTGTTCGGGTC-1,42,20,0,-1.0,0.1645847894612197
rna_GGCACGTTCCGCTGTT-1,42,20,0,-1.0,0.11187722567981101
rna_GGCAGTCAGAAGGCTC-1,42,20,0,-1.0,0.521647312875157
rna_GGCAGTCCACGGTCTG-1,42,20,0,-1.0,0.13176051252755877
rna_GGCAGTCTCCCGATCT-1,42,20,0,-1.0,0.15777621584101797
rna_GGCGTCACAGAAGTGC-1,42,20,1,-1.0,0.31475050957396716
rna_GGCGTCACAGTGTGGA-1,42,20,1,-1.0,0.40150584847991544
rna_GGCGTCACATCTAGAC-1,42,20,0,-1.0,0.08372651365898282
rna_GGCGTCACATGAATAG-1,42,20,2,-1.0,0.8049396415545597
rna_GGCTGTGAGCAGTACG-1,42,20,1,-1.0,0.2659364239508507
rna_GGCTGTGAGCGATGCA-1,42,20,0,-1.0,0.2148623836860949
rna_GGCTGTGGTGTGAGCA-1,42,20,1,-1.0,0.42255346445789543
rna_GGCTGTGTCAAGTGTC-1,42,20,0,-1.0,0.24100634493338416
rna_GGCTTGGAGCATCCCG-1,42,20,0,-1.0,0.13953395607873856
rna_GGCTTGGCAACACACT-1,42,20,0,-1.0,0.2729817497609256
rna_GGCTTGGGTCTTCTAT-1,42,20,1,-1.0,0.5496309282162575
rna_GGCTTGGGTTGGAGGT-1,42,20,0,-1.0,0.06471548019796758
rna_GGCTTGGTCAATCCAG-1,42,20,1,-1.0,0.5746838319774872
rna_GGCTTGGTCCAACTGA-1,42,20,2,-1.0,0.936458846669725
rna_GGCTTTCAGAATCGTA-1,42,20,3,0.7531393,0.7484471565224823
rna_GGCTTTCCATAACTCG-1,42,20,1,-1.0,0.5918469161468827
rna_GGCTTTCGTAACATAG-1,42,20,0,-1.0,0.06427528790203438
rna_GGCTTTCGTGCACAAG-1,42,20,1,-1.0,0.5700287974883852
rna_GGCTTTCGTTACAGCT-1,42,20,0,-1.0,0.06736357150864714
rna_GGGAAGTGTTCCTAAG-1,42,20,0,-1.0,0.33531062329971467
rna_GGGACAAGTGAGATCG-1,42,20,0,-1.0,0.10285358193381462
rna_GGGACAAGTTCTCCCA-1,42,20,0,-1.0,0.2629579701705367
rna_GGGACCTAGACTAGAT-1,42,20,1,-1.0,0.4726864403013791
rna_GGGACCTGTGGCACTC-1,42,20,0,-1.0,0.06828781866584532
rna_GGGACTCAGGTTTGAA-1,42,20,0,-1.0,0.19656453447414954
rna_GGGAGATAGATACATG-1,42,20,0,-1.0,0.2475092794798935
rna_GGGAGATAGCCACTCG-1,42,20,0,-1.0,0.24869373225229263
rna_GGGAGATGTACTAAGA-1,42,20,0,-1.0,0.3099533427385278
rna_GGGAGTAAGGATACCG-1,42,20,1,-1.0,0.5362131537471833
rna_GGGAGTAAGGCTTTCA-1,42,20,0,-1.0,0.160961278269359
rna_GGGAGTAAGGTTTGAA-1,42,20,0,-1.0,0.1185604076806071
rna_GGGAGTAGTACCTGTA-1,42,20,2,-1.0,0.908127936898856
rna_GGGATCCCAACCAACT-1,42,20,1,-1.0,0.5313075427683137
rna_GGGATGAAGCACGATG-1,42,20,1,-1.0,0.3527564029495297
rna_GGGATGAGTCAAAGAT-1,42,20,1,-1.0,0.4750002796865172
rna_GGGATGAGTCACTGAT-1,42,20,0,-1.0,0.13287833714076414
rna_GGGATGAGTTGAGGAC-1,42,20,1,-1.0,0.6632393644745388
rna_GGGATGATCACCTTAT-1,42,20,1,-1.0,0.3959096016209748
rna_GGGCCATAGCATTTGC-1,42,20,0,-1.0,0.06630758736122193
rna_GGGCCATAGTTGCATC-1,42,20,2,-1.0,0.9346384443306242
rna_GGGCCATCAAGAAATC-1,42,20,0,-1.0,0.10684515127748409
rna_GGGCCATGTGCAACGA-1,42,20,3,-1.0,0.7407004216599559
rna_GGGCCATTCTTAGGAC-1,42,20,0,-1.0,0.2029998013296919
rna_GGGCGTTAGGTGCCTC-1,42,20,0,-1.0,0.2404521038847576
rna_GGGCGTTCAAGCACAG-1,42,20,0,-1.0,0.18065796261563133
rna_GGGCGTTCAGCAGTAG-1,42,20,1,-1.0,0.5887492042932696
rna_GGGCGTTGTAGCACAG-1,42,20,1,-1.0,0.5126842527018772
rna_GGGCGTTTCGGCTATA-1,42,20,0,-1.0,0.20555468451786083
rna_GGGCTACAGCCGGATA-1,42,20,1,-1.0,0.4850403077124012
rna_GGGCTACAGGTTTACC-1,42,20,1,-1.0,0.5588808976493634
rna_GGGCTACCATGTGGTT-1,42,20,0,-1.0,0.37477115244440157
rna_GGGCTACTCCACAGCG-1,42,20,1,-1.0,0.5689131207766728
rna_GGGCTCAAGGGCAATC-1,42,20,0,-1.0,0.1833323503241594
rna_GGGCTCAAGTTACGAA-1,42,20,0,-1.0,0.13253306843500787
rna_GGGCTCACATGCCGGT-1,42,20,3,-1.0,0.7667120364640683
rna_GGGCTCAGTGATATAG-1,42,20,0,-1.0,0.22507233936488927
rna_GGGTAGAAGCGAGTCA-1,42,20,1,-1.0,0.288635721500172
rna_GGGTAGATCTTGTGCC-1,42,20,0,-1.0,0.23785326949397617
rna_GGGTCACAGAGGTTAT-1,42,20,0,-1.0,0.24659217119735055
rna_GGGTCACAGATAGCTA-1,42,20,3,-1.0,0.7501852749978738
rna_GGGTCACAGCACTTTG-1,42,20,0,-1.0,0.14190578507357787
rna_GGGTCACGTATCCCAA-1,42,20,1,-1.0,0.6587859088841388
rna_GGGTCACGTTAGTTCG-1,42,20,1,-1.0,0.4552891873378189
rna_GGGTCACGTTCTTCAT-1,42,20,0,-1.0,0.16029927405589334
rna_GGGTCACTCAGGGTAG-1,42,20,0,-1.0,0.4194920355521202
rna_GGGTCTGCACAGTATC-1,42,20,1,-1.0,0.5692148129272059
rna_GGGTCTGTCATTATCC-1,42,20,1,-1.0,0.4032938436325637
rna_GGGTGAACACTGATTG-1,42,20,0,-1.0,0.22507233936488927
rna_GGGTGAAGTGCCTATA-1,42,20,0,-1.0,0.24371919440526463
rna_GGGTGAAGTTCGGACC-1,42,20,0,-1.0,0.1513837942883357
rna_GGGTGAATCGGTCAGC-1,42,20,0,-1.0,0.1642557465327228
rna_GGGTGTCAGTGCCCGT-1,42,20,0,-1.0,0.21788136739308933
rna_GGGTTATCAGGGTTGA-1,42,20,1,-1.0,0.48181870206315375
rna_GGGTTATGTCTCGCGA-1,42,20,2,-1.0,0.9309258006675357
rna_GGGTTATTCACCCTTG-1,42,20,0,-1.0,0.2624676491926971
rna_GGGTTATTCGTGTTCC-1,42,20,0,-1.0,0.5136653541200866
rna_GGGTTTACAATTGGTC-1,42,20,1,-1.0,0.37810616629414023
rna_GGGTTTACAGGTGACA-1,42,20,3,-1.0,0.7749224136396065
rna_GGTAACTAGACTAAGT-1,42,20,1,-1.0,0.3962435751824919
rna_GGTAACTCATCTCGTC-1,42,20,1,-1.0,0.29428262837075264
rna_GGTAACTTCGCATTGA-1,42,20,0,-1.0,0.22650815202876345
rna_GGTAACTTCTCCTACG-1,42,20,1,-1.0,0.5564236634721572
rna_GGTAATCAGTGATAGT-1,42,20,1,-1.0,0.4128402445398883
rna_GGTAATCTCCTGTAAG-1,42,20,1,-1.0,0.3371938395957644
rna_GGTAGAGAGTGGAAGA-1,42,20,2,-1.0,0.8414698994479124
rna_GGTAGAGCAGGTTCGC-1,42,20,2,-1.0,0.6987255578420702
rna_GGTAGAGGTGAAGCGT-1,42,20,0,-1.0,0.4210946838693427
rna_GGTAGAGGTGGAATGC-1,42,20,1,-1.0,0.46091844167702256
rna_GGTAGAGGTTCCGCTT-1,42,20,1,-1.0,0.4541770284211352
rna_GGTAGAGTCCACTGAA-1,42,20,0,-1.0,0.17990763124366782
rna_GGTCACGGTGTTCCAA-1,42,20,0,-1.0,0.26058469136912255
rna_GGTCACGGTTCGCGTG-1,42,20,2,-1.0,0.9142463405602015
rna_GGTCTGGAGAGGATGA-1,42,20,0,-1.0,0.10108874731303912
rna_GGTCTGGAGGTTCCAT-1,42,20,1,-1.0,0.4414038077165329
rna_GGTCTGGCACAACCGC-1,42,20,0,-1.0,0.2228675279307864
rna_GGTCTGGGTTAGCTAC-1,42,20,1,-1.0,0.5903023887913118
rna_GGTCTGGTCCGATTAG-1,42,20,1,-1.0,0.5594084306986894
rna_GGTGATTAGACAAGCC-1,42,20,1,-1.0,0.4713456882776486
rna_GGTGATTGTGTGGTCC-1,42,20,0,-1.0,0.14830197354005498
rna_GGTGATTTCGGCCAAC-1,42,20,1,-1.0,0.5451910941411201
rna_GGTGGCTAGCGAAACC-1,42,20,0,-1.0,0.10840641281656208
rna_GGTGGCTCATACACCA-1,42,20,1,-1.0,0.3562590377940211
rna_GGTGGCTTCAACTACG-1,42,20,2,-1.0,0.9114747483514114
rna_GGTGTCGAGCGGGTTA-1,42,20,1,-1.0,0.48789707172638375
rna_GGTGTCGGTCACTCTC-1,42,20,0,-1.0,0.14193767010924654
rna_GGTGTCGGTGTCCGGT-1,42,20,2,-1.0,0.8234536946039936
rna_GGTGTCGGTTCTCTAT-1,42,20,1,-1.0,0.7158117286859763
rna_GGTGTCGTCTTCTAAC-1,42,20,0,-1.0,0.28525875050566407
rna_GGTGTTACACTCACTC-1,42,20,1,-1.0,0.5645096675484758
rna_GGTGTTACATTGAAAG-1,42,20,2,-1.0,0.8910290850477908
rna_GGTGTTAGTTAGGACG-1,42,20,2,-1.0,0.8593228969824805
rna_GGTGTTATCAGCGCGT-1,42,20,1,-1.0,0.5560028996963327
rna_GGTTAACAGGTTACCT-1,42,20,0,-1.0,0.2706870490323071
rna_GGTTAACAGTACCGGA-1,42,20,1,-1.0,0.19972878568003044
rna_GGTTAACAGTGATGGC-1,42,20,1,-1.0,0.36817184945665277
rna_GGTTCTCAGCGCCGTT-1,42,20,0,-1.0,0.2212899144232524
rna_GGTTCTCAGTTACGTC-1,42,20,0,-1.0,0.1564115423601904
rna_GGTTCTCGTATTGACC-1,42,20,3,-1.0,0.6868350156608316
rna_GGTTGTAAGCAATAGT-1,42,20,0,-1.0,0.23051381160479248
rna_GTAACACAGATGGTCG-1,42,20,3,-1.0,0.7667120364640683
rna_GTAACCACAAATCAGA-1,42,20,0,-1.0,0.3311863363505641
rna_GTAACCAGTCACCTTC-1,42,20,0,-1.0,0.12118627452867338
rna_GTAACCAGTGTGACCC-1,42,20,0,-1.0,0.24291356872352543
rna_GTAAGTCAGGAACGCT-1,42,20,0,-1.0,0.299156777415817
rna_GTAAGTCCAGCCTACG-1,42,20,1,-1.0,0.36640704194961893
rna_GTAAGTCGTATACCTG-1,42,20,2,-1.0,0.8339828306537066
rna_GTAAGTCGTCTGTTAG-1,42,20,1,-1.0,0.36695089833932143
rna_GTAAGTCGTTGAGAGC-1,42,20,1,-1.0,0.31958450033211894
rna_GTAAGTCTCTCAGTCC-1,42,20,0,-1.0,0.16524113414050748
rna_GTAAGTCTCTTACCGC-1,42,20,0,-1.0,0.21764004850539448
rna_GTAATCGCAAATGAGT-1,42,20,1,-1.0,0.45345364196515736
rna_GTAATCGCACCAGCTG-1,42,20,0,-1.0,0.15047521232206754
rna_GTAATCGGTCCTACGG-1,42,20,0,-1.0,0.13053482271129233
rna_GTAATGCAGTTGCCTA-1,42,20,1,-1.0,0.6679008013242034
rna_GTAATGCCAAGCACCC-1,42,20,1,-1.0,0.4679701437857298
rna_GTAATGCCACTATCGA-1,42,20,0,-1.0,0.214695803377999
rna_GTAATGCTCATGAGTC-1,42,20,0,-1.0,0.12000459601540886
rna_GTAATGCTCGGCATTA-1,42,20,0,-1.0,0.1960975900736623
rna_GTACAACAGCGACATG-1,42,20,2,0.8103448,0.8398731310704746
rna_GTACAACCATGACTCA-1,42,20,1,-1.0,0.4592556203085457
rna_GTACAACGTTGCATAC-1,42,20,1,-1.0,0.5308778311332223
rna_GTACAGTAGGCAGTCA-1,42,20,0,-1.0,0.21132017465068823
rna_GTACAGTAGGGCGAGA-1,42,20,0,-1.0,0.17095903639232243
rna_GTACAGTGTTACAGCT-1,42,20,2,-1.0,0.9084226136530659
rna_GTAGAAACATGGAAGC-1,42,20,0,-1.0,0.18929221414539943
rna_GTAGAAAGTAGATGTA-1,42,20,1,-1.0,0.3438815849386826
rna_GTAGAAAGTCTATGAC-1,42,20,2,-1.0,0.911259231118596
rna_GTAGAGGTCCCTTCCC-1,42,20,1,-1.0,0.453578963673777
rna_GTAGAGGTCTCTGCCA-1,42,20,0,-1.0,0.2063371545113476
rna_GTAGATCAGCCGCTTG-1,42,20,2,-1.0,0.9002864277991022
rna_GTAGATCGTAACACCT-1,42,20,0,-1.0,0.09845385962486676
rna_GTAGATCGTATATGGA-1,42,20,0,-1.0,0.11655131291796905
rna_GTAGATCGTATCGTGT-1,42,20,0,-1.0,0.2123438738495673
rna_GTAGATCGTGAATAAC-1,42,20,0,-1.0,0.26572905572389977
rna_GTAGCTAAGACTGGGT-1,42,20,1,-1.0,0.5839541143937811
rna_GTAGCTACAACAAGAT-1,42,20,0,-1.0,0.1725713592035815
rna_GTAGCTAGTACCTATG-1,42,20,0,-1.0,0.13077170284249123
rna_GTAGCTAGTGTATTGC-1,42,20,0,-1.0,0.14406105676161798
rna_GTAGGAGAGCAACTCT-1,42,20,2,0.94827586,0.9328517039232768
rna_GTAGGAGAGCCGGAAT-1,42,20,0,-1.0,0.24438215337043573
rna_GTAGGAGAGTTGCTGT-1,42,20,0,-1.0,0.1942065388688497
rna_GTAGGAGCACCCTTAC-1,42,20,0,-1.0,0.1762288588005902
rna_GTAGGAGTCACGGGAA-1,42,20,1,-1.0,0.21954314769168412
rna_GTAGGTTAGAGAGCCT-1,42,20,0,-1.0,0.28261444756533133
rna_GTAGGTTCATCGATCA-1,42,20,0,-1.0,0.1970344906589904
rna_GTAGGTTTCCTACTGC-1,42,20,1,-1.0,0.5781493261184698
rna_GTAGTACCAGACCAGA-1,42,20,0,-1.0,0.23696821345401453
rna_GTAGTACCATAGTCGT-1,42,20,3,-1.0,0.6880852044975708
rna_GTAGTACGTGTGCCTG-1,42,20,2,-1.0,0.8581274946185445
rna_GTAGTACGTTCAGCTA-1,42,20,1,-1.0,0.6108569806080962
rna_GTATTGGCACCGCTAG-1,42,20,0,-1.0,0.20589072573251493
rna_GTATTGGCAGAGATGC-1,42,20,1,-1.0,0.29508625319657084
rna_GTATTGGGTTTCGTGA-1,42,20,0,-1.0,0.1530918612828818
rna_GTATTGGTCCATGATG-1,42,20,1,-1.0,0.403484011180551
rna_GTATTTCAGAATCTAG-1,42,20,0,-1.0,0.11954507782110674
rna_GTATTTCCACCAGTAT-1,42,20,2,-1.0,0.7185306617079513
rna_GTATTTCGTCAGACGA-1,42,20,1,-1.0,0.519188445678247
rna_GTATTTCGTCCAAATC-1,42,20,1,-1.0,0.49115641998085713
rna_GTCAAACCACAAACGG-1,42,20,0,-1.0,0.15940359671303767
rna_GTCAAACGTCAACCAT-1,42,20,1,-1.0,0.3427379452836595
rna_GTCAAGTAGCTCGACC-1,42,20,0,-1.0,0.22620755839224405
rna_GTCAAGTCACAGCGCT-1,42,20,0,-1.0,0.14595580032903194
rna_GTCAAGTCAGAACATA-1,42,20,2,-1.0,0.9049657171095629
rna_GTCAAGTCAGCTATTG-1,42,20,0,-1.0,0.23891805557491974
rna_GTCAAGTTCGACATTG-1,42,20,0,-1.0,0.12537462862497487
rna_GTCAAGTTCGCTAGCG-1,42,20,0,-1.0,0.15399570640149188
rna_GTCACGGGTTGCGTAT-1,42,20,0,-1.0,0.1619068968555343
rna_GTCACTCAGAGTGTGC-1,42,20,0,-1.0,0.1859871634382844
rna_GTCACTCAGCCTCTGG-1,42,20,0,-1.0,0.08220176694068375
rna_GTCACTCGTATGAGCG-1,42,20,1,-1.0,0.3832906587939967
rna_GTCACTCGTCACATTG-1,42,20,0,-1.0,0.24828506570672323
rna_GTCACTCTCGTAGAGG-1,42,20,1,-1.0,0.43545282962752724
rna_GTCAGCGAGACGGAAA-1,42,20,1,-1.0,0.3089995566610291
rna_GTCAGCGCAATGTCAC-1,42,20,0,-1.0,0.16521680564766694
rna_GTCAGCGCACAAGTGG-1,42,20,2,-1.0,0.7208431367648268
rna_GTCAGCGCATCGGCCA-1,42,20,0,-1.0,0.0959221010828198
rna_GTCAGCGGTGTCTTCC-1,42,20,0,-1.0,0.08971028702179826
rna_GTCAGCGTCATCGCTC-1,42,20,1,-1.0,0.5854564004882438
rna_GTCAGCGTCCGAGAAG-1,42,20,0,-1.0,0.25616276741896676
rna_GTCATCCAGGAAGTGA-1,42,20,0,-1.0,0.22317876591881572
rna_GTCATCCAGTACAACA-1,42,20,1,-1.0,0.26444950005662654
rna_GTCATCCAGTAGTGCG-1,42,20,0,-1.0,0.1893003543964366
rna_GTCATGAAGGTGGTTG-1,42,20,0,-1.0,0.10921749760288459
rna_GTCATGACAGCTTCGG-1,42,20,0,-1.0,0.24454472679164385
rna_GTCATGAGTCGTGTTA-1,42,20,0,-1.0,0.1373440771475951
rna_GTCATGAGTTCGTAAC-1,42,20,0,-1.0,0.36173694471502676
rna_GTCATGATCATTATCC-1,42,20,1,-1.0,0.4983613082804673
rna_GTCATTTCACTACTTT-1,42,20,0,-1.0,0.20778752686486487
rna_GTCATTTCATAATCGC-1,42,20,0,-1.0,0.2124875385204538
rna_GTCATTTGTCTTGGTA-1,42,20,1,-1.0,0.48294361871315383
rna_GTCATTTTCCATGAGT-1,42,20,1,-1.0,0.5812114809548903
rna_GTCCACTAGTTTGAGA-1,42,20,2,-1.0,0.8686702596943876
rna_GTCCACTCATACAGCT-1,42,20,3,-1.0,0.7723445944245614
rna_GTCCACTGTGTTGACT-1,42,20,0,-1.0,0.3064765621334836
rna_GTCCACTTCAACGCTA-1,42,20,0,-1.0,0.1596712485258279
rna_GTCCCATGTATTTCTC-1,42,20,1,-1.0,0.5705383721706745
rna_GTCCCATTCTGCATGA-1,42,20,1,-1.0,0.6551264867142197
rna_GTCCTCAAGAGGCGTT-1,42,20,1,-1.0,0.6226496876408636
rna_GTCCTCAAGGCTCCCA-1,42,20,2,0.87931037,0.8830638641408968
rna_GTCCTCACAAGATGTA-1,42,20,0,-1.0,0.18575437652127091
rna_GTCCTCAGTAAGATAC-1,42,20,1,-1.0,0.41453047399540016
rna_GTCCTCAGTCGCACGT-1,42,20,0,-1.0,0.06544391231406627
rna_GTCCTCATCAAGAAAC-1,42,20,0,-1.0,0.09737672734506686
rna_GTCGAATTCGGCTGAC-1,42,20,0,-1.0,0.1893003543964366
rna_GTCGCGAAGCCATTTG-1,42,20,0,-1.0,0.2680030902183707
rna_GTCGCGAAGTGCAGCA-1,42,20,0,-1.0,0.15258248110394182
rna_GTCGCGACAGCGCGTT-1,42,20,0,-1.0,0.5194407566298271
rna_GTCGCGATCACGGGAA-1,42,20,1,-1.0,0.6633057084464578
rna_GTCGTAAAGCACTAAA-1,42,20,1,-1.0,0.5299320455617709
rna_GTCGTAAAGGTTCATC-1,42,20,0,-1.0,0.1878591555209299
rna_GTCGTAATCTGCTAGA-1,42,20,1,-1.0,0.5826936636510563
rna_GTCGTAATCTTACCAT-1,42,20,2,-1.0,0.9168551370609249
rna_GTCGTTCAGAGGCGTT-1,42,20,0,-1.0,0.25660995976328993
rna_GTCGTTCCACCTCGTT-1,42,20,1,-1.0,0.583820802758277
rna_GTCGTTCCAGGTGTTT-1,42,20,0,-1.0,0.2404521038847576
rna_GTCGTTCTCTATTTCG-1,42,20,0,-1.0,0.24782658764186305
rna_GTCGTTCTCTGATGGT-1,42,20,3,-1.0,0.7333491883443461
rna_GTCGTTCTCTTAATCC-1,42,20,0,-1.0,0.18716124849383622
rna_GTCTACCAGATGTTAG-1,42,20,1,-1.0,0.36879407644316997
rna_GTCTACCAGGAGTATT-1,42,20,0,-1.0,0.06847266813539826
rna_GTCTACCAGGGTAATT-1,42,20,1,-1.0,0.5792794527825599
rna_GTCTACCGTCATCCCT-1,42,20,0,-1.0,0.15785744091419
rna_GTCTAGAGTAGTCACT-1,42,20,0,-1.0,0.167612687245307
rna_GTCTAGAGTCCAAGAG-1,42,20,1,-1.0,0.5788846850222753
rna_GTCTAGAGTCCAGAAG-1,42,20,1,-1.0,0.2845155845832389
rna_GTCTAGAGTTGTCAGT-1,42,20,0,-1.0,0.25930327748863524
rna_GTCTAGAGTTGTCCCT-1,42,20,1,-1.0,0.4595920545235277
rna_GTCTAGATCACTTCTA-1,42,20,2,-1.0,0.8403492097503488
rna_GTCTAGATCATCACTT-1,42,20,2,-1.0,0.91060652172816
rna_GTCTCACTCCGCTTAC-1,42,20,0,-1.0,0.15890050758377072
rna_GTCTGTCAGCATCAAA-1,42,20,0,-1.0,0.15589772363651602
rna_GTCTGTCAGGAATTAC-1,42,20,0,-1.0,0.26252740070681674
rna_GTCTGTCCAAGCCTGC-1,42,20,0,-1.0,0.11655131291796905
rna_GTCTGTCGTAAGTAGT-1,42,20,1,-1.0,0.4530330153575375
rna_GTCTTTAAGAAGCCTG-1,42,20,2,-1.0,0.8440422996805413
rna_GTCTTTAAGCATGATA-1,42,20,1,-1.0,0.42157314851412925
rna_GTCTTTACAACCGTAT-1,42,20,0,-1.0,0.22037428313656338
rna_GTCTTTACACTGGAAG-1,42,20,0,-1.0,0.270772894002168
rna_GTCTTTAGTATCGCAT-1,42,20,0,-1.0,0.14265510476844767
rna_GTCTTTAGTCTTGGTA-1,42,20,1,-1.0,0.521469426368733
rna_GTGACGCAGCCTATCA-1,42,20,0,-1.0,0.26355707544132306
rna_GTGACGCAGTGATGGC-1,42,20,0,-1.0,0.23987036508188717
rna_GTGACGCCATTATGCG-1,42,20,0,-1.0,0.13848603392528397
rna_GTGACGCTCGGTAGAG-1,42,20,2,-1.0,0.7003773139978924
rna_GTGAGCCAGTCAGAGC-1,42,20,0,-1.0,0.15897664557151966
rna_GTGAGCCGTAGACGTG-1,42,20,1,-1.0,0.4817604787895633
rna_GTGAGCCGTCTGATAC-1,42,20,1,-1.0,0.538775696822907
rna_GTGAGCCTCCGGACTG-1,42,20,1,-1.0,0.3568847507171945
rna_GTGAGGACACTGTCCT-1,42,20,1,-1.0,0.29940041538307577
rna_GTGAGGAGTAACACCT-1,42,20,1,-1.0,0.5794800323855998
rna_GTGAGGAGTCTTGCTC-1,42,20,0,-1.0,0.21086173673957917
rna_GTGAGGATCGCTCTCA-1,42,20,1,-1.0,0.5553362520929817
rna_GTGAGTTCAGTAACGG-1,42,20,0,-1.0,0.06600994842639192
rna_GTGATGTAGTCGGCCT-1,42,20,1,-1.0,0.34683692393562054
rna_GTGATGTCACGCAGTC-1,42,20,0,-1.0,0.2491097644611839
rna_GTGATGTCACGCTTAA-1,42,20,0,-1.0,0.39597049021241915
rna_GTGATGTTCATCCCGT-1,42,20,0,-1.0,0.32518872178566915
rna_GTGATGTTCTCCGCAT-1,42,20,1,-1.0,0.4356194819069157
rna_GTGCACGAGACTTGTC-1,42,20,0,-1.0,0.17262143810040192
rna_GTGCACGAGCCTGGAA-1,42,20,0,-1.0,0.17738239994126243
rna_GTGCACGCACCGTGAC-1,42,20,2,-1.0,0.707742005174832
rna_GTGCACGCATCGCTCT-1,42,20,1,-1.0,0.5967621388348654
rna_GTGCACGGTAGTTCCA-1,42,20,0,-1.0,0.20308875024286188
rna_GTGCACGGTCCTACAA-1,42,20,1,-1.0,0.31285127003893803
rna_GTGCAGCAGTCATGCT-1,42,20,0,-1.0,0.10409575817345948
rna_GTGCAGCCACAAGCCC-1,42,20,2,-1.0,0.7570677869364968
rna_GTGCAGCCATCGAACT-1,42,20,0,-1.0,0.2726209672021183
rna_GTGCAGCTCAGCCCAG-1,42,20,0,-1.0,0.1601541715571657
rna_GTGCGTGAGGGATCGT-1,42,20,1,-1.0,0.4553873302633211
rna_GTGCGTGCACATTCTT-1,42,20,1,-1.0,0.4223176924672037
rna_GTGCGTGTCTCTCCGA-1,42,20,0,-1.0,0.18547077124632366
rna_GTGCTGGAGCGCCTTG-1,42,20,0,-1.0,0.2729817497609256
rna_GTGCTGGAGCTATCCA-1,42,20,2,-1.0,0.9075443297557396
rna_GTGCTGGAGTTGCCTA-1,42,20,0,-1.0,0.26058469136912255
rna_GTGCTGGAGTTTAGGA-1,42,20,0,-1.0,0.16152821918548865
rna_GTGCTGGTCATTTGTC-1,42,20,0,-1.0,0.10454382051271752
rna_GTGCTTCAGAGTATAC-1,42,20,2,-1.0,0.9230834361171893
rna_GTGCTTCCAACTTCTT-1,42,20,0,-1.0,0.07121146837327008
rna_GTGCTTCCAGTTGTTG-1,42,20,0,-1.0,0.2428992329539642
rna_GTGCTTCCATCGGAAG-1,42,20,0,-1.0,0.253935057715158
rna_GTGGAAGCAAGCTGTT-1,42,20,0,-1.0,0.1622074076627854
rna_GTGGAAGCAGCAGACA-1,42,20,0,-1.0,0.18824126529547258
rna_GTGGAAGGTTTACCAG-1,42,20,1,-1.0,0.5570893538952797
rna_GTGGAGACACCCAAGC-1,42,20,0,-1.0,0.18725100991072224
rna_GTGGAGACATCCGGCA-1,42,20,0,-1.0,0.17760928969003917
rna_GTGGAGAGTCACGACC-1,42,20,2,-1.0,0.936458846669725
rna_GTGGAGATCTCCGAGG-1,42,20,2,-1.0,0.9299828615343744
rna_GTGGCGTAGACTTCAC-1,42,20,0,-1.0,0.2048027545672709
rna_GTGGCGTGTCTTCATT-1,42,20,1,-1.0,0.44317870896345096
rna_GTGGCGTTCTGCCTGT-1,42,20,0,0.24437723,0.2463778310404905
rna_GTGGGAACAGGTGTGA-1,42,20,2,-1.0,0.8977795637442827
rna_GTGGGAAGTTGTGCCG-1,42,20,0,-1.0,0.13421875623960247
rna_GTGGTTAAGCCGTTAT-1,42,20,1,-1.0,0.538775696822907
rna_GTGGTTACACTCACTC-1,42,20,1,-1.0,0.41175124292552456
rna_GTGGTTATCAACCCGG-1,42,20,1,-1.0,0.559079467323704
rna_GTGTAACCAAGGTTGG-1,42,20,0,-1.0,0.24063095672741272
rna_GTGTAACCACCGAATT-1,42,20,0,-1.0,0.1725713592035815
rna_GTGTAACCATAAGCGG-1,42,20,1,-1.0,0.6972715380010862
rna_GTGTAACTCTGTCAGA-1,42,20,0,-1.0,0.34904009455869994
rna_GTGTCCTAGGGCAGTT-1,42,20,2,-1.0,0.8507442522170873
rna_GTGTCCTAGTGTAGTA-1,42,20,0,-1.0,0.23328258592697484
rna_GTGTCCTGTCTCAGGC-1,42,20,0,-1.0,0.1267746136408214
rna_GTGTCCTGTGTCCGTG-1,42,20,1,-1.0,0.717645764350655
rna_GTGTCCTTCACAATGC-1,42,20,0,-1.0,0.14193767010924654
rna_GTGTGATCAAGATGTA-1,42,20,1,-1.0,0.4711507057143109
rna_GTGTGATGTAGACACG-1,42,20,0,-1.0,0.19030010822918716
rna_GTGTGGCGTACAACGG-1,42,20,1,-1.0,0.3669475583188788
rna_GTGTGGCGTAGACACG-1,42,20,1,-1.0,0.37797900442321575
rna_GTGTGGCGTAGCTGAG-1,42,20,0,-1.0,0.14644440562423638
rna_GTGTGGCGTCGAGTTT-1,42,20,2,-1.0,0.9089129060486932
rna_GTGTTAGGTGTGCCTG-1,42,20,1,-1.0,0.44631169007008986
rna_GTGTTCCCACGCCAGT-1,42,20,0,-1.0,0.2370176478221806
rna_GTTACAGAGAGACAAG-1,42,20,0,-1.0,0.23328258592697484
rna_GTTACAGCAGAATTCC-1,42,20,1,-1.0,0.5131782484357239
rna_GTTACAGTCCTATTTG-1,42,20,2,-1.0,0.9345982144438539
rna_GTTACCCAGAGAGGTA-1,42,20,2,-1.0,0.750736713629641
rna_GTTACCCCACTTGGCG-1,42,20,0,-1.0,0.0991675216921176
rna_GTTACGATCCAACTAG-1,42,20,0,-1.0,0.09910057146466583
rna_GTTACGATCGAGTGGA-1,42,20,1,-1.0,0.6127079977129424
rna_GTTAGACCACTACCCT-1,42,20,1,-1.0,0.5735846391250667
rna_GTTAGACCATGTTCAG-1,42,20,0,-1.0,0.14770414461539907
rna_GTTAGACTCAAGCCTA-1,42,20,0,-1.0,0.06912978619433911
rna_GTTAGTGCACTCTGCT-1,42,20,1,-1.0,0.3406287650853572
rna_GTTAGTGGTTTACCAG-1,42,20,1,-1.0,0.44026811611046285
rna_GTTAGTGTCAGTCCGG-1,42,20,0,-1.0,0.4464692652163997
rna_GTTATGGGTAGTGGCA-1,42,20,1,-1.0,0.5524484061595443
rna_GTTATGGGTTACACTG-1,42,20,0,-1.0,0.2588333213037944
rna_GTTATGGGTTGGGCCT-1,42,20,0,-1.0,0.28983087084467113
rna_GTTCATTAGCAATTCC-1,42,20,1,-1.0,0.7102111751113148
rna_GTTCATTCAAGTCATC-1,42,20,0,-1.0,0.12381153971841893
rna_GTTCATTCATAACAGA-1,42,20,1,-1.0,0.3887780176155446
rna_GTTCATTGTCGGAACA-1,42,20,1,-1.0,0.6984375885395069
rna_GTTCATTTCTAATTCC-1,42,20,0,-1.0,0.14657793342428543
rna_GTTCCGTAGGCCTAGA-1,42,20,2,-1.0,0.9111514725021883
rna_GTTCCGTAGTAGAGTT-1,42,20,1,-1.0,0.38913408534828975
rna_GTTCCGTGTCCAGCCA-1,42,20,0,-1.0,0.22525041414673871
rna_GTTCGCTAGGTAAGTT-1,42,20,0,-1.0,0.24461499622799746
rna_GTTCGCTTCGTCAAAC-1,42,20,0,-1.0,0.14955835095070122
rna_GTTCTATAGGAGCAAA-1,42,20,3,-1.0,0.7667120364640683
rna_GTTCTATCATAAGCAA-1,42,20,1,-1.0,0.398991611759045
rna_GTTCTATGTCTTTCTA-1,42,20,1,-1.0,0.5866741295875751
rna_GTTGAACAGGTCTTTG-1,42,20,1,-1.0,0.35836421197182716
rna_GTTGAACAGTTGCATC-1,42,20,1,-1.0,0.3617624126044847
rna_GTTGAACCATCGGAAG-1,42,20,3,-1.0,0.7357858664989473
rna_GTTGCGGAGTGCCCGT-1,42,20,0,-1.0,0.14142957256891073
rna_GTTGCGGGTCGCATCG-1,42,20,0,-1.0,0.1510110697590317
rna_GTTGCGGGTCTTGAGT-1,42,20,0,-1.0,0.2486979557991782
rna_GTTGCGGTCATTTGTC-1,42,20,0,-1.0,0.14934798884914355
rna_GTTGCGGTCCACACCT-1,42,20,1,-1.0,0.5877765443272038
rna_GTTGCTCAGCGCTGCT-1,42,20,0,-1.0,0.06518543638280844
rna_GTTGCTCAGGCCTGAA-1,42,20,0,-1.0,0.23891805557491974
rna_GTTGCTCGTACGGATG-1,42,20,0,-1.0,0.15002830713554208
rna_GTTGCTCTCCGGTAAT-1,42,20,1,-1.0,0.5776187460448748
rna_GTTGCTCTCTATCGCC-1,42,20,1,-1.0,0.4362868197243661
rna_GTTGTAGAGAGCAGTC-1,42,20,0,-1.0,0.2534175433986155
rna_GTTGTAGAGGTAAGAG-1,42,20,1,-1.0,0.5167055820462605
rna_GTTGTAGCAAGCAGGT-1,42,20,0,-1.0,0.0974707185944527
rna_GTTGTAGCATTGTAGC-1,42,20,1,-1.0,0.5550345599424484
rna_GTTGTCCAGGCAATGC-1,42,20,0,-1.0,0.18738919933608905
rna_GTTGTCCCAGAGTGTG-1,42,20,0,-1.0,0.0959221010828198
rna_GTTGTCCTCTGACAGT-1,42,20,0,-1.0,0.10381956567740183
rna_GTTGTGAAGTAACCGG-1,42,20,0,-1.0,0.17153864904726668
rna_GTTGTGAAGTGGTCAG-1,42,20,1,-1.0,0.5684131096777911
rna_GTTGTGACAAGGTCTT-1,42,20,3,-1.0,0.7692367055653822
rna_GTTGTGAGTGATACTC-1,42,20,0,-1.0,0.08848974372493101
rna_GTTGTGATCCCTAGGG-1,42,20,0,-1.0,0.12039835206867887
rna_GTTGTGATCCTGTAAG-1,42,20,0,-1.0,0.1756310298759343
rna_GTTGTGATCTATTTCG-1,42,20,1,-1.0,0.46091844167702256
rna_GTTTACTAGCCTGAAG-1,42,20,0,-1.0,0.22110402142977176
rna_GTTTACTAGGTTGACG-1,42,20,3,-1.0,0.7762996559678804
rna_GTTTACTCATACAGCT-1,42,20,1,-1.0,0.5912249716226047
rna_GTTTGGAAGAGTTGTA-1,42,20,2,-1.0,0.8762220929391676
rna_GTTTGGAAGCTAGAAT-1,42,20,1,-1.0,0.5026520083119117
rna_GTTTGGACAACGAGGT-1,42,20,0,-1.0,0.22649870747958292
rna_GTTTGGATCGCACGGT-1,42,20,0,-1.0,0.21541555101881246
rna_TAACACGAGGTGTGAC-1,42,20,1,-1.0,0.5822862977422395
rna_TAACACGGTAACATCC-1,42,20,1,-1.0,0.5924707728003678
rna_TAACACGGTCGCTGCA-1,42,20,0,-1.0,0.09390061804111895
rna_TAACACGTCTGAGATC-1,42,20,2,-1.0,0.7141235506404491
rna_TAACCAGAGATCCCGC-1,42,20,1,-1.0,0.5799043482374908
rna_TAACCAGCAACGTAAA-1,42,20,0,-1.0,0.27071569392583983
rna_TAACCAGGTCTCACAA-1,42,20,1,-1.0,0.5371584049099829
rna_TAACCAGTCCGTTGAA-1,42,20,0,-1.0,0.19823498281152066
rna_TAACGACCATGCGGTC-1,42,20,1,-1.0,0.3339706425836885
rna_TAACTTCAGCGACTGA-1,42,20,0,-1.0,0.2493170443056151
rna_TAACTTCAGTCCCAAT-1,42,20,0,-1.0,0.060776575895861544
rna_TAACTTCGTGTTAAAG-1,42,20,0,-1.0,0.2152936323026549
rna_TAACTTCGTTATAGCC-1,42,20,0,-1.0,0.07185612898027999
rna_TAACTTCGTTGACTGT-1,42,20,1,-1.0,0.6121747572838313
rna_TAAGCACCACCAGTTA-1,42,20,0,-1.0,0.17628998060823084
rna_TAAGCACGTGAGTAGC-1,42,20,0,-1.0,0.27201456115734834
rna_TAAGCACGTGCTCCGA-1,42,20,0,-1.0,0.26058469136912255
rna_TAAGCACTCCATGATG-1,42,20,0,-1.0,0.15785744091419
rna_TAAGCCAAGAACAGGA-1,42,20,0,-1.0,0.22324473177708148
rna_TAAGCCAAGGAAACGA-1,42,20,0,-1.0,0.4472153398207139
rna_TAAGCCACACGCTATA-1,42,20,1,-1.0,0.38601107901847054
rna_TAAGCCAGTAAGTCAA-1,42,20,1,-1.0,0.581051077244322
rna_TAAGCCAGTCAATCTG-1,42,20,0,-1.0,0.24303821926096097
rna_TAAGCGTCAACGCATT-1,42,20,0,-1.0,0.09802123869350174
rna_TAAGCGTGTGTAAATG-1,42,20,0,-1.0,0.2123438738495673
rna_TAAGCGTTCAACCCGG-1,42,20,1,-1.0,0.5779459867808175
rna_TAAGCGTTCGCGATCG-1,42,20,0,-1.0,0.2842003030559481
rna_TAAGTCGAGCGTGTTT-1,42,20,1,-1.0,0.5756423059944573
rna_TAAGTCGCAATGTGGG-1,42,20,0,-1.0,0.1621895795465255
rna_TAAGTCGCAGCGTAGA-1,42,20,0,-1.0,0.26632688464855564
rna_TAAGTCGCATGCGGTC-1,42,20,0,-1.0,0.0634246672065411
rna_TAAGTCGGTGTCTAAC-1,42,20,0,-1.0,0.19784896013899045
rna_TAAGTCGGTTGCTCGG-1,42,20,2,-1.0,0.8888446393442514
rna_TAAGTCGTCTCTATAC-1,42,20,2,-1.0,0.8024273272310464
rna_TAATCTCCACTCCTTG-1,42,20,0,-1.0,0.1914136932834481
rna_TAATCTCCATGGTGGA-1,42,20,1,-1.0,0.5403608208071242
rna_TAATCTCGTTGCATGT-1,42,20,0,-1.0,0.22211761210780082
rna_TAATCTCTCCATTCGC-1,42,20,2,-1.0,0.7826785044381549
rna_TAATTCCAGGCGTTAG-1,42,20,2,-1.0,0.8387710833674865
rna_TAATTCCCAAACACCT-1,42,20,2,-1.0,0.9334085591895694
rna_TAATTCCGTCGCATGC-1,42,20,0,-1.0,0.24296530079748482
rna_TAATTCCGTCGTGGTC-1,42,20,0,-1.0,0.22745481617424992
rna_TAATTCCGTGAGTTTC-1,42,20,0,-1.0,0.10845255058942477
rna_TAATTCCGTTCCACAA-1,42,20,1,-1.0,0.38946629639111807
rna_TAATTCCGTTGTATGC-1,42,20,2,-1.0,0.9345982144438539
rna_TAATTCCTCACGGTCG-1,42,20,0,-1.0,0.07449198643577151
rna_TACAACGAGCAGTACG-1,42,20,0,-1.0,0.24703932329505263
rna_TACAACGAGTCGGCCT-1,42,20,1,-1.0,0.4270764996008504
rna_TACAACGCAACCGCTG-1,42,20,0,-1.0,0.10701769221537845
rna_TACAACGCAAGCGCAA-1,42,20,0,-1.0,0.20913991375262672
rna_TACAACGCACGCTATA-1,42,20,1,-1.0,0.6250860986224233
rna_TACAACGCACTCCTTG-1,42,20,0,-1.0,0.16511326140069243
rna_TACAACGTCATACGAC-1,42,20,0,-1.0,0.10883895875334676
rna_TACACCCAGTTAACGA-1,42,20,0,-1.0,0.2605487492817439
rna_TACACCCCAACCAGAG-1,42,20,0,-1.0,0.19529374338050812
rna_TACACCCCAGCGTGCT-1,42,20,0,-1.0,0.09769059090545427
rna_TACACCCGTGTCTCCT-1,42,20,1,-1.0,0.5101624352401634
rna_TACACCCGTGTGTACT-1,42,20,1,-1.0,0.4791593919797904
rna_TACACCCTCAGCAATC-1,42,20,0,-1.0,0.17528635131546288
rna_TACAGGTAGGAGATAG-1,42,20,0,-1.0,0.19930148033856138
rna_TACAGGTCAGCTGTAT-1,42,20,0,-1.0,0.24122878565206865
rna_TACAGGTGTAGTCTGT-1,42,20,1,-1.0,0.398991611759045
rna_TACAGGTGTCCCGGTA-1,42,20,1,-1.0,0.5852801287761509
rna_TACAGGTGTGTCGATT-1,42,20,0,-1.0,0.22352837573498516
rna_TACAGGTTCACCTGTC-1,42,20,0,-1.0,0.3653112704056715
rna_TACAGGTTCCGTCAAA-1,42,20,1,-1.0,0.4752101626952608
rna_TACATTCCACCAGCCA-1,42,20,3,-1.0,0.7667120364640683
rna_TACATTCTCAAACGAA-1,42,20,1,-1.0,0.6599093262841991
rna_TACATTCTCTAAACGC-1,42,20,0,-1.0,0.0743633079240616
rna_TACCCACAGACGAGCT-1,42,20,1,-1.0,0.34422527241006134
rna_TACCCACAGTCACACT-1,42,20,0,-1.0,0.2738184844924003
rna_TACCCACCACATATGC-1,42,20,1,-1.0,0.47784791464133897
rna_TACCCACCAGGCACTC-1,42,20,1,-1.0,0.38913408534828975
rna_TACCCACTCAGCGGAA-1,42,20,1,-1.0,0.25122218375640537
rna_TACCCACTCCGTGGCA-1,42,20,0,-1.0,0.15025619794955355
rna_TACCCACTCGACCAAT-1,42,20,2,-1.0,0.9046653465445428
rna_TACCCGTGTAACATCC-1,42,20,1,-1.0,0.5774714963487194
rna_TACCCGTTCCGATCTC-1,42,20,1,-1.0,0.7144939940776384
rna_TACCGAAAGGTTGAGC-1,42,20,0,-1.0,0.13976744780577122
rna_TACCGAACAAGCGATG-1,42,20,1,-1.0,0.5611900218589415
rna_TACCGAACACGAAGAC-1,42,20,1,0.67171884,0.6381878856093143
rna_TACCGAACATCTCATT-1,42,20,1,-1.0,0.41088251316670094
rna_TACCGAATCTACGCGG-1,42,20,1,-1.0,0.6946255859290327
rna_TACCGGGCATCGGAGA-1,42,20,1,-1.0,0.4176864382754715
rna_TACCTCGGTCGCTCGA-1,42,20,0,-1.0,0.12289102200703277
rna_TACCTCGGTGACCGAA-1,42,20,1,-1.0,0.5452685936210034
rna_TACCTCGTCGGTCACG-1,42,20,2,-1.0,0.8390953263508062
rna_TACCTGCGTTCTCAGA-1,42,20,0,-1.0,0.08848974372493101
rna_TACGCTCCAAAGGCTG-1,42,20,1,-1.0,0.5868351820381129
rna_TACGCTCTCACAAGAA-1,42,20,0,-1.0,0.1985523371706673
rna_TACGGGCAGAATCGAT-1,42,20,0,-1.0,0.22027702382456746
rna_TACGGTAAGGTCATCT-1,42,20,1,0.5827457,0.5831207408419181
rna_TACGGTACAGATACCT-1,42,20,0,-1.0,0.09335349207859306
rna_TACGTCCGTACTAAGA-1,42,20,1,-1.0,0.2252047771764953
rna_TACGTCCGTCCGGTGT-1,42,20,2,-1.0,0.5556449624496534
rna_TACGTCCGTTCGTAAC-1,42,20,1,-1.0,0.5293406841545802
rna_TACGTCCTCTAAGAAG-1,42,20,1,-1.0,0.7089501404461882
rna_TACTGCCCATGAGAAT-1,42,20,1,-1.0,0.512072494858728
rna_TACTGCCGTTAAGGGC-1,42,20,0,-1.0,0.14246214833166745
rna_TACTGCCTCTTCGTGC-1,42,20,2,-1.0,0.905974337928019
rna_TACTTACGTCAGTTTG-1,42,20,1,-1.0,0.37826688527552377
rna_TACTTACGTCCTCCAT-1,42,20,1,-1.0,0.47701747190343247
rna_TACTTACGTTGGTGTT-1,42,20,0,-1.0,0.2595448578400496
rna_TACTTACTCCAACCGG-1,42,20,1,-1.0,0.5781493261184698
rna_TACTTACTCGAACTCA-1,42,20,2,-1.0,0.9294325739264943
rna_TACTTACTCGAGCCAC-1,42,20,1,-1.0,0.5367609388366674
rna_TACTTACTCTATCACT-1,42,20,2,-1.0,0.9092908402763171
rna_TACTTCATCCACTGAA-1,42,20,0,-1.0,0.10279271141316235
rna_TACTTGTCAGCAGAAC-1,42,20,1,-1.0,0.2620884662477736
rna_TACTTGTGTAGTCTGT-1,42,20,3,-1.0,0.7626192881673106
rna_TACTTGTTCTATTTCG-1,42,20,0,-1.0,0.40564939493381436
rna_TAGACCAAGGTTGTTC-1,42,20,0,-1.0,0.17673479820493732
rna_TAGACCACAGAGATGC-1,42,20,1,-1.0,0.5461738518379726
rna_TAGACCACAGCGTACC-1,42,20,2,-1.0,0.9367821225189482
rna_TAGACCAGTGGAGGTT-1,42,20,1,-1.0,0.36513079801754694
rna_TAGACCAGTTTGGAAA-1,42,20,1,-1.0,0.5927044635170488
rna_TAGACTGGTATACGGG-1,42,20,1,-1.0,0.40782705705057054
rna_TAGACTGTCCTTATGT-1,42,20,1,0.63793105,0.7115326060733156
rna_TAGAGTCAGATTGACA-1,42,20,0,-1.0,0.25930327748863524
rna_TAGAGTCAGCGTTCCG-1,42,20,0,-1.0,0.2842003030559481
rna_TAGAGTCTCAGACAAA-1,42,20,1,-1.0,0.5725951415480344
rna_TAGAGTCTCGTTAGTG-1,42,20,1,-1.0,0.5373121453561103
rna_TAGATCGCAGCTCCTT-1,42,20,1,-1.0,0.5756904544143426
rna_TAGATCGTCCTATTGT-1,42,20,1,-1.0,0.3356084744248514
rna_TAGCACAAGCGCGTTC-1,42,20,0,-1.0,0.23832022665026384
rna_TAGCACACAGGACATG-1,42,20,0,-1.0,0.17182360653324974
rna_TAGCACAGTTGGTACT-1,42,20,0,-1.0,0.23168142923003163
rna_TAGCACATCCTTCTGG-1,42,20,1,-1.0,0.39913478383810025
rna_TAGCACATCGCTGATA-1,42,20,1,-1.0,0.36918850259906466
rna_TAGGAGGAGTTGCCTA-1,42,20,0,-1.0,0.1287850192622651
rna_TAGGAGGTCACGAACT-1,42,20,1,-1.0,0.35326385052290077
rna_TAGGAGGTCTATACGG-1,42,20,0,-1.0,0.1833270898713982
rna_TAGGGTTAGAAACCCG-1,42,20,0,-1.0,0.19467038717772817
rna_TAGGGTTAGGTTCCGC-1,42,20,0,-1.0,0.07392020641053687
rna_TAGGGTTGTTGCGTAT-1,42,20,0,-1.0,0.26854700829984135
rna_TAGGGTTTCCAGCTCT-1,42,20,0,-1.0,0.1084339015007329
rna_TAGGTACCAGCCATTA-1,42,20,0,-1.0,0.1724640027962271
rna_TAGGTTGGTAGGGAGG-1,42,20,1,-1.0,0.5765335107102967
rna_TAGGTTGTCGTGCACG-1,42,20,1,-1.0,0.5243147268199199
rna_TAGTGCACAGTTGCGC-1,42,20,1,-1.0,0.5088585624944951
rna_TAGTGCAGTGTCATGT-1,42,20,0,-1.0,0.06774423601929956
rna_TATACCTAGCAGGCAT-1,42,20,1,-1.0,0.5755496102228738
rna_TATACCTAGGCACGAT-1,42,20,0,-1.0,0.1507735226378362
rna_TATATCCGTGAGAGGG-1,42,20,0,-1.0,0.20065060233970786
rna_TATATCCTCAAAGCCT-1,42,20,1,-1.0,0.5043000986724501
rna_TATCAGGCAAAGTATG-1,42,20,0,-1.0,0.08250007722168301
rna_TATCAGGGTACCCGCA-1,42,20,0,-1.0,0.3425610970999518
rna_TATCAGGTCGCTCCTA-1,42,20,1,-1.0,0.3355906091995039
rna_TATCAGGTCTGCATAG-1,42,20,1,-1.0,0.5747586884815755
rna_TATCCTAAGATCCCGC-1,42,20,2,-1.0,0.8463011967151998
rna_TATCCTACAAACCACT-1,42,20,1,-1.0,0.34401201086416683
rna_TATCGCCAGTCATTGC-1,42,20,0,-1.0,0.08927371255757047
rna_TATCGCCAGTGATAAC-1,42,20,0,-1.0,0.22745481617424992
rna_TATCGCCCAGAGGCTA-1,42,20,3,-1.0,0.7769699939947047
rna_TATCGCCCAGGCTTGC-1,42,20,2,-1.0,0.9293319993074907
rna_TATCGCCTCGTTCTGC-1,42,20,0,-1.0,0.0967075990038657
rna_TATCTGTGTTCCATTT-1,42,20,0,-1.0,0.14753965992535212
rna_TATCTTGCAATTCTTC-1,42,20,0,-1.0,0.33318580974469925
rna_TATCTTGCACACCGCA-1,42,20,1,-1.0,0.246910980381515
rna_TATCTTGGTCTCCTGT-1,42,20,0,-1.0,0.1498179450339844
rna_TATCTTGGTGAATAAC-1,42,20,2,-1.0,0.9287821224792117
rna_TATGTTCAGTGCCAGA-1,42,20,2,-1.0,0.847278848841561
rna_TATGTTCCAACCGGAA-1,42,20,0,-1.0,0.09506610938366349
rna_TATGTTCCAGCTGTAT-1,42,20,0,-1.0,0.22870666725379196
rna_TATGTTCCATATAGCC-1,42,20,0,-1.0,0.19259462813379633
rna_TATGTTCGTTAGTTCG-1,42,20,0,0.056394745,0.06718879256207524
rna_TATGTTCTCGCCATAA-1,42,20,1,-1.0,0.4910203469086379
rna_TATTCCAAGATACTGA-1,42,20,0,-1.0,0.32945167584431556
rna_TATTCCAGTCGGTAAG-1,42,20,1,-1.0,0.3384290114122389
rna_TATTCCATCATGCGGC-1,42,20,1,-1.0,0.589223178320837
rna_TATTGCTAGACTGAGC-1,42,20,1,-1.0,0.2906082316393638
rna_TATTGCTAGGACAGCT-1,42,20,0,-1.0,0.22250443875000234
rna_TATTGCTCAGTAGTGG-1,42,20,1,-1.0,0.3235245233971462
rna_TATTGGGAGAGTCTGG-1,42,20,0,-1.0,0.1469790366971791
rna_TATTGGGCATTCTTCA-1,42,20,1,-1.0,0.31843111337104224
rna_TATTGGGGTCCACTCT-1,42,20,2,-1.0,0.7186718404890293
rna_TATTTCGAGACTGAGC-1,42,20,0,-1.0,0.06983084157281481
rna_TATTTCGCAGAGTGTG-1,42,20,0,-1.0,0.10170259951545839
rna_TATTTCGGTATCAGGG-1,42,20,0,-1.0,0.08527613850049524
rna_TATTTCGTCAAGAGGC-1,42,20,0,-1.0,0.0656506930402894
rna_TCAAGACGTCGGCCTA-1,42,20,0,-1.0,0.30475403380957944
rna_TCAAGCAAGAATCCCT-1,42,20,1,-1.0,0.25329170878016766
rna_TCAAGTGAGAGGTTTA-1,42,20,1,-1.0,0.47494702955258505
rna_TCAAGTGGTCGCTTAA-1,42,20,0,-1.0,0.10918273564039296
rna_TCAATCTAGCCAACCC-1,42,20,0,-1.0,0.11915823660526302
rna_TCAATCTAGCCTCAAT-1,42,20,1,-1.0,0.3264046951872154
rna_TCAATCTGTGTCTTGA-1,42,20,0,-1.0,0.08384571847550953
rna_TCAATTCCACTATCCC-1,42,20,0,-1.0,0.2029998013296919
rna_TCAATTCGTGTCCGGT-1,42,20,2,-1.0,0.7926986673344122
rna_TCAATTCTCGACGCGT-1,42,20,1,-1.0,0.4960867854822722
rna_TCAATTCTCTGCGGCA-1,42,20,0,-1.0,0.06489406358072947
rna_TCACAAGAGGCCTTGC-1,42,20,2,-1.0,0.918208984354917
rna_TCACAAGAGTGAGTTA-1,42,20,0,-1.0,0.2475092794798935
rna_TCACAAGCAATTGAAG-1,42,20,0,-1.0,0.20321213235561225
rna_TCACAAGCAGGTTCAT-1,42,20,2,-1.0,0.8961941879367055
rna_TCACAAGTCTTAATCC-1,42,20,1,-1.0,0.4451498522249951
rna_TCACACCAGGAGGGTG-1,42,20,1,-1.0,0.3530007868208485
rna_TCACACCTCGACGACC-1,42,20,3,-1.0,0.770808448793633
rna_TCACATTAGACATACA-1,42,20,0,-1.0,0.212460534718213
rna_TCACATTCAGGATTCT-1,42,20,0,-1.0,0.0857460946853361
rna_TCACATTGTTCCACGG-1,42,20,0,-1.0,0.1131414078571833
rna_TCACGCTCATCTGGGC-1,42,20,1,-1.0,0.4003969148166617
rna_TCACGCTGTTCGGTCG-1,42,20,0,-1.0,0.1598317047436533
rna_TCACGGGCACCACATA-1,42,20,0,-1.0,0.13203868255452325
rna_TCACGGGTCTTCCACG-1,42,20,0,-1.0,0.1833270898713982
rna_TCACTATAGCATGCAG-1,42,20,0,-1.0,0.3349492926729243
rna_TCACTATCAGCCGGTT-1,42,20,1,-1.0,0.3877654622937559
rna_TCACTATTCAGGAGAC-1,42,20,0,-1.0,0.29022760308869083
rna_TCACTATTCCGATAAC-1,42,20,0,-1.0,0.17687061109057128
rna_TCAGCAAAGTATCCTG-1,42,20,1,-1.0,0.40595009875180765
rna_TCAGCAACAGGCCCTA-1,42,20,0,-1.0,0.12315886012918596
rna_TCAGCAAGTAAGATTG-1,42,20,2,-1.0,0.9057644844319015
rna_TCAGCAATCCGTAATG-1,42,20,1,-1.0,0.5972534003327148
rna_TCAGCAATCGCATGAT-1,42,20,0,-1.0,0.1645847894612197
rna_TCAGCAATCTGACAGT-1,42,20,0,-1.0,0.2883066015829188
rna_TCAGCAATCTGGACTA-1,42,20,1,0.5689655,0.5907799331563784
rna_TCAGCCTAGACTTGTC-1,42,20,1,-1.0,0.48183553231690834
rna_TCAGCCTCACCTAAAC-1,42,20,2,-1.0,0.9309258006675357
rna_TCAGCCTCACTGTTCC-1,42,20,1,-1.0,0.5580319163845622
rna_TCAGCCTGTAGAATAC-1,42,20,0,-1.0,0.16195277372978606
rna_TCAGCCTGTCTGTCCT-1,42,20,1,-1.0,0.5124269125231556
rna_TCAGCCTGTTTGACAC-1,42,20,1,-1.0,0.701004204333893
rna_TCAGGGCAGATCACTC-1,42,20,0,-1.0,0.14148636775624207
rna_TCAGGGCTCATGCAGT-1,42,20,1,0.6034483,0.6338491059910684
rna_TCAGGGCTCTCACGAA-1,42,20,0,-1.0,0.2974481281344933
rna_TCAGGGCTCTGATGGT-1,42,20,2,-1.0,0.7986812083477546
rna_TCAGGTACAGTCAGCC-1,42,20,1,-1.0,0.2526342421841422
rna_TCAGGTATCGCCGATG-1,42,20,1,-1.0,0.4655441278071691
rna_TCAGTCCAGTTGTCAC-1,42,20,1,-1.0,0.2969709528130256
rna_TCAGTCCGTCTGTGTA-1,42,20,0,-1.0,0.10755747043293347
rna_TCAGTCCTCAGAGTGG-1,42,20,0,-1.0,0.2696031505675089
rna_TCAGTGACAGTTAGAA-1,42,20,0,-1.0,0.21077811426813495
rna_TCAGTGACATGTGACT-1,42,20,1,-1.0,0.270020964051578
rna_TCAGTGAGTGCCTTTC-1,42,20,0,-1.0,0.09506610938366349
rna_TCAGTGATCCGAGTGC-1,42,20,0,-1.0,0.14667304301333595
rna_TCAGTTTAGATTGTGA-1,42,20,0,-1.0,0.14561284416391404
rna_TCAGTTTCACGGTCTG-1,42,20,1,-1.0,0.5298376770862521
rna_TCAGTTTGTAGCGATG-1,42,20,0,-1.0,0.284703505281562
rna_TCAGTTTGTGGCGCTT-1,42,20,1,0.33836848,0.3320398822582095
rna_TCAGTTTGTTCGGTAT-1,42,20,0,-1.0,0.23440098367766699
rna_TCATACTAGTAACCGG-1,42,20,0,-1.0,0.24242927676912335
rna_TCATACTCAAAGTGTA-1,42,20,1,-1.0,0.5371584049099829
rna_TCATACTGTCTGTGGC-1,42,20,1,-1.0,0.5699124798128032
rna_TCATACTTCCATGATG-1,42,20,1,-1.0,0.5235027837716997
rna_TCATACTTCTTTGATC-1,42,20,0,-1.0,0.29748629998638537
rna_TCATATCAGGATATGT-1,42,20,0,-1.0,0.09989845262397637
rna_TCATATCAGGATGGCT-1,42,20,0,-1.0,0.06388365773127101
rna_TCATATCCAAGTGTCT-1,42,20,1,-1.0,0.6527644918052664
rna_TCATATCGTAAGCTCT-1,42,20,0,-1.0,0.32115102097584985
rna_TCATCATAGTAACAGT-1,42,20,0,-1.0,0.1949299600138773
rna_TCATCATTCGTTACCC-1,42,20,0,-1.0,0.246910980381515
rna_TCATCATTCTCGACCT-1,42,20,1,-1.0,0.3909863775658782
rna_TCATCATTCTTCACGC-1,42,20,2,-1.0,0.7916502730628808
rna_TCATCCGAGCCTAGGA-1,42,20,1,-1.0,0.2443364317182244
rna_TCATCCGCAGAAGCTG-1,42,20,0,-1.0,0.16608372607778407
rna_TCATCCGCATCGCTAA-1,42,20,1,-1.0,0.5096729297036572
rna_TCATCCGGTAGGCTGA-1,42,20,0,-1.0,0.1330915327666785
rna_TCATCCGTCGAGTGAG-1,42,20,1,-1.0,0.42776430852380065
rna_TCATCCGTCTGAATGC-1,42,20,2,0.82758623,0.847278848841561
rna_TCATGAGAGAACGCGT-1,42,20,2,-1.0,0.7938889071251907
rna_TCATGAGAGGGTTTCT-1,42,20,0,-1.0,0.25610981348028317
rna_TCATGAGAGTACAACA-1,42,20,2,0.98275864,0.9367821225189482
rna_TCATGCCTCTAACGCA-1,42,20,2,-1.0,0.9087081228377784
rna_TCATGGAAGGACAACC-1,42,20,0,-1.0,0.13249625506758358
rna_TCATGGACATATACCG-1,42,20,0,-1.0,0.28261444756533133
rna_TCATGGAGTAATTGGA-1,42,20,2,-1.0,0.8591073797496652
rna_TCATGGAGTAGCGAGT-1,42,20,0,-1.0,0.22435458829165225
rna_TCATGTTAGAATGTTG-1,42,20,1,-1.0,0.4256302119568582
rna_TCATGTTCAACTGCTA-1,42,20,2,-1.0,0.7490844247491463
rna_TCATGTTTCCCTCTTT-1,42,20,0,-1.0,0.17775462769910635
rna_TCATTACAGTAGTCCT-1,42,20,0,-1.0,0.06389462339138195
rna_TCATTACCACACGCCA-1,42,20,2,-1.0,0.8947058089899513
rna_TCATTCAAGGTATAGT-1,42,20,0,-1.0,0.16992204703120076
rna_TCATTCACACAAGTGG-1,42,20,0,-1.0,0.21087347005799542
rna_TCATTCACATTGTGCA-1,42,20,0,-1.0,0.09856101693086584
rna_TCATTCAGTATACAGA-1,42,20,1,-1.0,0.35207900056243735
rna_TCATTCAGTTCAGTAC-1,42,20,0,-1.0,0.09667873054237973
rna_TCATTGTCATACATCG-1,42,20,1,-1.0,0.44043072796784466
rna_TCATTGTCATTGAAGA-1,42,20,0,-1.0,0.06544391231406627
rna_TCATTGTTCTGCGAGC-1,42,20,0,-1.0,0.14791395106281166
rna_TCCACCAGTCTTGAGT-1,42,20,0,-1.0,0.21763314667253256
rna_TCCACCAGTGACCGAA-1,42,20,0,-1.0,0.3789917867722078
rna_TCCACGTAGGTCACAG-1,42,20,0,-1.0,0.19246045179982926
rna_TCCACGTCAATCAAGA-1,42,20,1,-1.0,0.4022552930700067
rna_TCCAGAACACGATTCA-1,42,20,0,-1.0,0.2002808738879653
rna_TCCATCGCACAACGAG-1,42,20,2,-1.0,0.8410486412601926
rna_TCCATCGGTTGGACTT-1,42,20,0,-1.0,0.20819523461662715
rna_TCCATGCCAATCTCTT-1,42,20,0,-1.0,0.06224597227004992
rna_TCCATGCGTAGATTGA-1,42,20,1,-1.0,0.5003060037016515
rna_TCCCACACAGGTAGTG-1,42,20,2,-1.0,0.8935506365227197
rna_TCCCACAGTCACTTCC-1,42,20,1,-1.0,0.4316624354392527
rna_TCCCACAGTGATTAGA-1,42,20,0,-1.0,0.20081437113833064
rna_TCCCACATCTCAGGCG-1,42,20,1,-1.0,0.3319807809780144
rna_TCCCAGTAGGTTACAA-1,42,20,1,-1.0,0.4641480882020578
rna_TCCCAGTGTGCCTGAC-1,42,20,0,-1.0,0.28240250484985374
rna_TCCCAGTTCGGTCGAC-1,42,20,1,-1.0,0.3995621453152666
rna_TCCCATGCAAGCGAAC-1,42,20,1,-1.0,0.5427602225948788
rna_TCCCATGCACGTTCGG-1,42,20,0,-1.0,0.17815466248278053
rna_TCCCATGCATCGAAGG-1,42,20,0,-1.0,0.26898692766438775
rna_TCCCATGGTGAATAAC-1,42,20,2,-1.0,0.9208522637321002
rna_TCCGAAACATTCTTCA-1,42,20,1,0.3571667,0.36546913603785697
rna_TCCGAAAGTTAAACCC-1,42,20,0,-1.0,0.12850095602199577
rna_TCCGAAATCACACCGG-1,42,20,0,-1.0,0.2333433730740074
rna_TCCGGGATCGTTATCT-1,42,20,0,-1.0,0.061042884395258214
rna_TCCGTGTGTCAGGAGT-1,42,20,0,-1.0,0.060776575895861544
rna_TCCTAATAGAAGATCT-1,42,20,0,-1.0,0.19867354193662032
rna_TCCTAATCAGACGGAT-1,42,20,0,-1.0,0.09975966644486675
rna_TCCTAATCATACTGAC-1,42,20,2,0.8448276,0.8477206841534677
rna_TCCTAATGTACGGATG-1,42,20,2,-1.0,0.936458846669725
rna_TCCTAATGTTACCCTC-1,42,20,1,-1.0,0.6657172161668895
rna_TCCTAATTCGACATCA-1,42,20,0,-1.0,0.1789622411537502
rna_TCCTAATTCTTAGCCC-1,42,20,0,-1.0,0.3432939009006756
rna_TCCTCCCAGGAGTATT-1,42,20,1,-1.0,0.365039775684801
rna_TCCTCCCCAACTAGAA-1,42,20,1,-1.0,0.5661192967396385
rna_TCCTCCCGTTCACCGG-1,42,20,2,0.6896552,0.6995511642974759
rna_TCCTCGAAGTTTCAGC-1,42,20,1,-1.0,0.34672342445277843
rna_TCCTCGACAACTGGTT-1,42,20,1,-1.0,0.6177589491313864
rna_TCCTCGATCATTGCCC-1,42,20,1,-1.0,0.25670466659211416
rna_TCCTCTTTCGCTTGCT-1,42,20,1,-1.0,0.40838168072333886
rna_TCCTGCACAGTTCCAA-1,42,20,0,-1.0,0.07268750383479462
rna_TCCTGCAGTCTGTTAG-1,42,20,1,-1.0,0.2975309178112813
rna_TCCTGCAGTTGCACGC-1,42,20,0,-1.0,0.17039650607582132
rna_TCCTGCATCATACGGT-1,42,20,0,-1.0,0.23066433261589497
rna_TCCTGCATCGGCACTG-1,42,20,0,-1.0,0.0612465320807024
rna_TCCTTTCAGGTGATAT-1,42,20,0,-1.0,0.18465863236079794
rna_TCCTTTCGTGCAGATG-1,42,20,0,0.09399124,0.07957959793588619
rna_TCGAACAGTGTCATGT-1,42,20,0,-1.0,0.13458271136067593
rna_TCGAACATCGCAGTTA-1,42,20,0,-1.0,0.060776575895861544
rna_TCGAAGTAGCTGGCTC-1,42,20,1,-1.0,0.28889177191219767
rna_TCGAAGTAGTCAAGCG-1,42,20,0,-1.0,0.2512334586484316
rna_TCGAAGTCACACCAGC-1,42,20,1,-1.0,0.5419060346839781
rna_TCGAAGTTCGTAGAGG-1,42,20,0,-1.0,0.16077967338261032
rna_TCGACCTCAAGGGCAT-1,42,20,2,-1.0,0.9068425645512703
rna_TCGACCTGTTAGAGAT-1,42,20,1,-1.0,0.390197529101626
rna_TCGACCTTCAGCGCGT-1,42,20,1,-1.0,0.5123848318015891
rna_TCGACCTTCTAGTACG-1,42,20,0,-1.0,0.22452614565756882
rna_TCGACGGAGAAGAACG-1,42,20,0,-1.0,0.24703932329505263
rna_TCGACGGAGGATTCAA-1,42,20,0,-1.0,0.4095347820976898
rna_TCGACGGCATTGAAGA-1,42,20,1,-1.0,0.48094588804364735
rna_TCGACGGCATTGTAGC-1,42,20,0,-1.0,0.13670213986862267
rna_TCGACGGGTGACGTCC-1,42,20,1,-1.0,0.5796378885707661
rna_TCGACGGTCCTCTAAT-1,42,20,1,-1.0,0.3408537241943732
rna_TCGACGGTCGCCCAGA-1,42,20,0,-1.0,0.11244833460084631
rna_TCGATTTAGCATGCAG-1,42,20,1,-1.0,0.5270777564250997
rna_TCGATTTAGCCTCATA-1,42,20,2,-1.0,0.891352360897014
rna_TCGATTTTCACCTGTC-1,42,20,2,-1.0,0.8923579432276142
rna_TCGCACTAGCGCTGCT-1,42,20,1,-1.0,0.38122170081879525
rna_TCGCACTAGGAACGTC-1,42,20,1,-1.0,0.4169467629419921
rna_TCGCACTAGTAATTGG-1,42,20,0,-1.0,0.06224597227004992
rna_TCGCACTCAATCGTCA-1,42,20,0,-1.0,0.22682370943021737
rna_TCGCACTCAGTGTATC-1,42,20,0,-1.0,0.10393959100931761
rna_TCGCAGGAGCTGCCTG-1,42,20,1,-1.0,0.49779457884169515
rna_TCGCAGGCATTGACAC-1,42,20,1,-1.0,0.4103226737623353
rna_TCGCAGGGTCGCTCGA-1,42,20,1,-1.0,0.4014292142703206
rna_TCGCAGGTCGCTAATG-1,42,20,0,-1.0,0.33395804465476353
rna_TCGCTCATCACGGGAA-1,42,20,0,-1.0,0.0897713814074735
rna_TCGCTCATCATTCACT-1,42,20,1,-1.0,0.41199448366102487
rna_TCGCTTGAGATAGCAT-1,42,20,0,-1.0,0.17354129145603397
rna_TCGCTTGCAATCTGCA-1,42,20,1,-1.0,0.35420751485356416
rna_TCGCTTGCACCAGGTC-1,42,20,0,-1.0,0.2123438738495673
rna_TCGCTTGTCCACATAG-1,42,20,0,-1.0,0.25419823355593585
rna_TCGCTTGTCGGTAGGA-1,42,20,0,-1.0,0.28200854826324595
rna_TCGGATAAGCTGACCC-1,42,20,0,0.15038598,0.1422979381205366
rna_TCGGATATCCTAGCGG-1,42,20,1,-1.0,0.308492303331316
rna_TCGGATATCGTCCTCA-1,42,20,0,-1.0,0.24371919440526463
rna_TCGGGACAGCCATTCA-1,42,20,0,-1.0,0.22630127503357772
rna_TCGGGACAGCTTCATG-1,42,20,2,-1.0,0.9367821225189482
rna_TCGGGACGTGCTGATT-1,42,20,2,-1.0,0.8913217873779189
rna_TCGGGACGTTCTCCAC-1,42,20,1,-1.0,0.3642379034584653
rna_TCGGGACTCAGACAAA-1,42,20,1,-1.0,0.19545539254516303
rna_TCGGGACTCCAGCACG-1,42,20,0,-1.0,0.08432100839468663
rna_TCGGGCAAGGTATCTC-1,42,20,1,-1.0,0.26427877077214484
rna_TCGGGCAAGTGCTAGG-1,42,20,1,-1.0,0.529790080854735
rna_TCGGGCACATGACTTG-1,42,20,2,-1.0,0.9143329858729271
rna_TCGGGCAGTATGGGAC-1,42,20,0,-1.0,0.23210002107844363
rna_TCGGGCAGTGCTGATT-1,42,20,1,-1.0,0.5538676665237476
rna_TCGGGCAGTTGGATCT-1,42,20,1,-1.0,0.381609730149486
rna_TCGGGTGAGTTTCAGC-1,42,20,2,-1.0,0.9287821224792117
rna_TCGGTCTCAACCGATT-1,42,20,0,-1.0,0.28546471550026686
rna_TCGGTCTGTCCCAAAT-1,42,20,2,0.7241379,0.7182757032734776
rna_TCGGTCTGTGTACATC-1,42,20,0,0.037596494,0.0612465320807024
rna_TCGTAGAAGATACAGT-1,42,20,2,-1.0,0.9086342310440901
rna_TCGTAGAAGCCTTGAT-1,42,20,0,-1.0,0.1756310298759343
rna_TCGTAGACAAGCGGAT-1,42,20,0,-1.0,0.22507233936488927
rna_TCGTAGACAATAGGAT-1,42,20,0,-1.0,0.11655131291796905
rna_TCGTAGAGTCCACACG-1,42,20,0,-1.0,0.2189619682430335
rna_TCGTAGATCGAGATAA-1,42,20,0,-1.0,0.16932421810654485
rna_TCGTAGATCTTGCGCT-1,42,20,0,-1.0,0.16236711356077815
rna_TCGTCCATCCCTCTAG-1,42,20,1,-1.0,0.5390222464863368
rna_TCGTCCATCGCAATTG-1,42,20,0,-1.0,0.31159346623261547
rna_TCGTGCTAGCTGAAAT-1,42,20,0,-1.0,0.06454070125139569
rna_TCGTGCTGTAAGCAAT-1,42,20,1,-1.0,0.36369472293382094
rna_TCGTGCTGTCAGTCCG-1,42,20,3,-1.0,0.770808448793633
rna_TCGTGCTGTGCCGTAC-1,42,20,0,-1.0,0.11967652161145162
rna_TCGTGCTGTGTCTAAC-1,42,20,1,-1.0,0.46464113842814236
rna_TCGTGCTTCGCAATTG-1,42,20,0,-1.0,0.25760600257913263
rna_TCGTGGGAGGGACACT-1,42,20,1,-1.0,0.5741465176802992
rna_TCGTGGGCATGGTGGA-1,42,20,1,-1.0,0.538775696822907
rna_TCGTGGGGTCTAACTG-1,42,20,1,-1.0,0.5055498471800237
rna_TCGTGGGTCATTTACC-1,42,20,3,-1.0,0.6938810556437522
rna_TCTAACTGTGGAGGTT-1,42,20,0,-1.0,0.39687334567595206
rna_TCTACATAGCGTGCCT-1,42,20,0,-1.0,0.25067365118395535
rna_TCTACATAGGCCACCT-1,42,20,2,-1.0,0.9294325739264943
rna_TCTACATCACCAAAGG-1,42,20,1,-1.0,0.5528432951034039
rna_TCTACATCATTATGCG-1,42,20,0,-1.0,0.1378312282538603
rna_TCTACATGTCGTAATC-1,42,20,0,-1.0,0.08050679157738616
rna_TCTACATTCATCGACA-1,42,20,0,-1.0,0.1874503961190848
rna_TCTACATTCTCCCAAC-1,42,20,1,-1.0,0.2946883839892356
rna_TCTACCGCAAGACCGA-1,42,20,0,-1.0,0.15853261134632313
rna_TCTACCGCAGGATCTT-1,42,20,2,-1.0,0.7707848894286361
rna_TCTACCGCATGACAAA-1,42,20,0,-1.0,0.13343691393855722
rna_TCTACCGTCCAGCCTT-1,42,20,2,-1.0,0.91060652172816
rna_TCTACCGTCCCTCTAG-1,42,20,0,-1.0,0.1700680590707307
rna_TCTATACCAAACTAGA-1,42,20,2,-1.0,0.8903749481868993
rna_TCTATACCAGTCCGTG-1,42,20,0,-1.0,0.09708759242536434
rna_TCTATACGTTGAGAGC-1,42,20,1,-1.0,0.35573135586834653
rna_TCTATACTCAGACCGC-1,42,20,0,-1.0,0.06047893696103154
rna_TCTATACTCTTCCACG-1,42,20,0,-1.0,0.2674349499825861
rna_TCTATCACACGGCCAT-1,42,20,1,-1.0,0.37353213686575826
rna_TCTATCATCATCGTAG-1,42,20,0,-1.0,0.09585052614288017
rna_TCTATCATCTCTCCGA-1,42,20,0,-1.0,0.06471548019796758
rna_TCTCACGAGCGAGTAC-1,42,20,1,-1.0,0.5966069604261505
rna_TCTCACGCACGGATCC-1,42,20,1,-1.0,0.23618034265945373
rna_TCTCACGCAGGTCCGT-1,42,20,1,-1.0,0.4537766726630786
rna_TCTCACGTCCGAGCTG-1,42,20,0,-1.0,0.07039754898356097
rna_TCTCACGTCTTAGTTC-1,42,20,0,-1.0,0.16430381018070445
rna_TCTCAGCCAACAGAGC-1,42,20,1,-1.0,0.5139670462706198
rna_TCTCAGCCAGCTTTGA-1,42,20,2,-1.0,0.9309258006675357
rna_TCTCAGCGTCTTGAGT-1,42,20,1,-1.0,0.3429367351445427
rna_TCTCAGCTCGCTGATA-1,42,20,0,-1.0,0.09930705387074655
rna_TCTCCGACAACAGCCC-1,42,20,0,-1.0,0.07811471453145705
rna_TCTCCGACAGCGGTCT-1,42,20,0,-1.0,0.10247019463512926
rna_TCTCCGAGTAAGATCA-1,42,20,2,-1.0,0.9273701084030506
rna_TCTCCGAGTCATAGTC-1,42,20,1,-1.0,0.5182641984729895
rna_TCTCCGAGTGGTACAG-1,42,20,1,-1.0,0.3528461314208603
rna_TCTCTGGTCGCAGAGA-1,42,20,0,-1.0,0.24736037625380874
rna_TCTGCCACAGGCTACC-1,42,20,2,-1.0,0.8873562603974975
rna_TCTGCCAGTATGGGAC-1,42,20,2,-1.0,0.8515165474366448
rna_TCTGCCAGTGTCGCTG-1,42,20,0,-1.0,0.18622214152760042
rna_TCTGGCTAGGCGCTTC-1,42,20,1,-1.0,0.6301386551692822
rna_TCTGGCTCAAGATCCT-1,42,20,1,-1.0,0.49167562951129823
rna_TCTGGCTCACCGTCGA-1,42,20,1,-1.0,0.30346693609260933
rna_TCTGGCTCACTACAGT-1,42,20,2,-1.0,0.7860223247418334
rna_TCTGGCTGTCAAATCC-1,42,20,0,-1.0,0.217788158437651
rna_TCTGGCTTCGCCAATA-1,42,20,1,-1.0,0.5773186719607007
rna_TCTGGCTTCGGTGTAT-1,42,20,0,-1.0,0.1165041684427199
rna_TCTGGCTTCTTCACAT-1,42,20,0,-1.0,0.24218996338742474
rna_TCTGTCGAGACATCCT-1,42,20,1,-1.0,0.3434791614702119
rna_TCTGTCGAGATCCTAC-1,42,20,2,-1.0,0.7485174434797744
rna_TCTGTCGAGTTGTAGA-1,42,20,1,-1.0,0.6988061990620836
rna_TCTGTCGCAACTACGT-1,42,20,1,-1.0,0.3823997628991268
rna_TCTGTCGGTATACAGA-1,42,20,0,-1.0,0.13216094553976188
rna_TCTGTCGGTCTGCCTT-1,42,20,1,-1.0,0.5136653541200866
rna_TCTTAGTAGACTTAAG-1,42,20,0,-1.0,0.07295515508405007
rna_TCTTAGTCAAGGGCAT-1,42,20,1,-1.0,0.4786720185115461
rna_TCTTAGTCACACCGAC-1,42,20,0,-1.0,0.07131657448717733
rna_TCTTAGTCAGAGGGTT-1,42,20,2,-1.0,0.9345982144438539
rna_TCTTCCTGTCACTAGT-1,42,20,3,-1.0,0.7742674961491005
rna_TCTTTGACAGCCATTA-1,42,20,1,-1.0,0.5673016131547685
rna_TCTTTGACAGGCTATT-1,42,20,1,-1.0,0.5278185481277938
rna_TGAACGTCAATTCACG-1,42,20,1,-1.0,0.39357664338558435
rna_TGAACGTCATCCGAGC-1,42,20,0,-1.0,0.30877969299561314
rna_TGAACGTCATGTCAGT-1,42,20,1,-1.0,0.4594069728670376
rna_TGAACGTTCCCAGGAC-1,42,20,0,-1.0,0.10631305615909926
rna_TGAATCGAGAGGACTC-1,42,20,1,-1.0,0.5239963427650194
rna_TGAATCGAGGTATTGA-1,42,20,0,-1.0,0.1979545082460114
rna_TGAATCGGTGAGATAT-1,42,20,0,-1.0,0.06000898077619068
rna_TGAATCGGTTGGGATG-1,42,20,1,-1.0,0.5911830104479691
rna_TGAATGCAGTCCGTCG-1,42,20,0,-1.0,0.16021882289679434
rna_TGAATGCGTCCGTTTC-1,42,20,0,-1.0,0.3143576155874676
rna_TGAATGCTCTATCGGA-1,42,20,1,-1.0,0.3130815865273356
rna_TGACAGTAGCCATATC-1,42,20,1,-1.0,0.42058959633472653
rna_TGACAGTTCTGAGCAT-1,42,20,1,-1.0,0.467213104249407
rna_TGACCCTAGGTCCAGA-1,42,20,0,-1.0,0.06454070125139569
rna_TGACCCTGTTACCTGA-1,42,20,1,-1.0,0.5489433253261637
rna_TGACCCTGTTGTGTAC-1,42,20,0,-1.0,0.19711113829516058
rna_TGACGCGAGCAACCAG-1,42,20,0,-1.0,0.16232008571541712
rna_TGACGCGAGTGCCCGT-1,42,20,0,-1.0,0.06047893696103154
rna_TGACGCGAGTTCCATG-1,42,20,0,-1.0,0.18823256928693982
rna_TGACGCGCACACACGC-1,42,20,0,-1.0,0.11655131291796905
rna_TGACTCCAGGCCACCT-1,42,20,0,-1.0,0.27472500166680913
rna_TGACTCCCACTCTAGA-1,42,20,1,-1.0,0.39186873209050704
rna_TGACTCCCACTGAATC-1,42,20,1,-1.0,0.5801892565782321
rna_TGACTCCCATGCGTGC-1,42,20,1,-1.0,0.576205557371319
rna_TGACTCCGTACTAACC-1,42,20,0,-1.0,0.2863683676328322
rna_TGACTCCTCGTACCTC-1,42,20,0,-1.0,0.07767608874790101
rna_TGAGACTCAACTCATG-1,42,20,2,-1.0,0.918208984354917
rna_TGAGACTCAGGCACTC-1,42,20,0,-1.0,0.06224597227004992
rna_TGAGACTGTCATAACC-1,42,20,0,-1.0,0.1762288588005902
rna_TGAGACTTCGATGCTA-1,42,20,0,-1.0,0.14489258040408673
rna_TGAGCATAGCTAAATG-1,42,20,1,-1.0,0.39904241692990283
rna_TGAGCATCATGACGTT-1,42,20,1,-1.0,0.5647125120054375
rna_TGAGCATGTATTGACC-1,42,20,1,-1.0,0.5262755253300404
rna_TGAGCATTCGACACCG-1,42,20,0,-1.0,0.15658143565682545
rna_TGAGCGCGTGGCTTGC-1,42,20,0,-1.0,0.11984913759854114
rna_TGAGCGCTCTCGTGGG-1,42,20,2,-1.0,0.8517365203473891
rna_TGAGGAGAGAAGGTAG-1,42,20,0,-1.0,0.08527613850049524
rna_TGAGGAGGTACCATAC-1,42,20,0,-1.0,0.15565323446237941
rna_TGAGGAGGTTCCACGG-1,42,20,0,-1.0,0.18236942361626363
rna_TGAGGAGTCCATTTCA-1,42,20,1,-1.0,0.4679360730501395
rna_TGAGGGAAGTTTCGAC-1,42,20,1,-1.0,0.6346240616171134
rna_TGAGGGACAACGGCTC-1,42,20,1,-1.0,0.3446215053331186
rna_TGAGGGACATTCATCT-1,42,20,0,-1.0,0.14927488460200317
rna_TGAGGTTCATCCGAAT-1,42,20,1,-1.0,0.5706857966551445
rna_TGAGGTTGTTCTAACG-1,42,20,1,-1.0,0.5270012843245412
rna_TGAGGTTTCATGTCTT-1,42,20,1,-1.0,0.4531450657661235
rna_TGAGGTTTCCATAGAC-1,42,20,0,-1.0,0.06000898077619068
rna_TGAGGTTTCCCGTAAA-1,42,20,0,-1.0,0.06303773659752265
rna_TGAGGTTTCCGAACGC-1,42,20,1,-1.0,0.663162651772123
rna_TGAGTCACAACTCCCT-1,42,20,0,-1.0,0.2696031505675089
rna_TGAGTCAGTATGTCAC-1,42,20,0,-1.0,0.2842003030559481
rna_TGAGTCATCATCACTT-1,42,20,0,-1.0,0.12770546219151258
rna_TGAGTCATCGCCAGTG-1,42,20,0,-1.0,0.0688321472595091
rna_TGATCAGAGGAACTCG-1,42,20,1,-1.0,0.5853468280407622
rna_TGATCAGGTTAGGGAC-1,42,20,0,-1.0,0.2123438738495673
rna_TGATCAGTCGTACACA-1,42,20,2,-1.0,0.8520597961966122
rna_TGATCTTTCACAACCA-1,42,20,1,-1.0,0.6137831693974042
rna_TGATGCAAGTGGATAT-1,42,20,0,-1.0,0.10279271141316235
rna_TGATGCACAACCACGC-1,42,20,1,-1.0,0.5643645079616256
rna_TGATGCACATTGACTG-1,42,20,2,-1.0,0.7357514668382592
rna_TGATGCAGTCTGCATA-1,42,20,0,-1.0,0.10636698919488112
rna_TGATGCAGTCTTCAAG-1,42,20,0,-1.0,0.13404711037053027
rna_TGATTCTTCTGTACAG-1,42,20,0,-1.0,0.1008691732472858
rna_TGATTTCAGCACGATG-1,42,20,0,-1.0,0.11922290202681829
rna_TGATTTCCACGATTCA-1,42,20,1,-1.0,0.5572800751137096
rna_TGATTTCCAGCGAGTA-1,42,20,0,-1.0,0.08799159019152883
rna_TGATTTCGTTAAGACA-1,42,20,2,-1.0,0.8438891585675138
rna_TGCACGGAGGTTAGTA-1,42,20,0,-1.0,0.31377839148805964
rna_TGCACGGCACAGTCAT-1,42,20,1,-1.0,0.3844436179420858
rna_TGCACGGCATCATTTC-1,42,20,0,-1.0,0.11210235730547882
rna_TGCACGGCATGCGTGC-1,42,20,0,-1.0,0.17889696949683428
rna_TGCACGGGTGCCGGTT-1,42,20,1,-1.0,0.4581421651463543
rna_TGCACGGGTGTATTGC-1,42,20,0,-1.0,0.1651561592481177
rna_TGCACGGGTTAGTCGT-1,42,20,0,-1.0,0.06828781866584532
rna_TGCACGGGTTCCAGGC-1,42,20,0,-1.0,0.09910057146466583
rna_TGCACGGTCGCTCTAC-1,42,20,1,-1.0,0.5654906893151597
rna_TGCACGGTCGTAGCCG-1,42,20,1,-1.0,0.40641161508450174
rna_TGCAGATCAACTGATC-1,42,20,0,-1.0,0.25616276741896676
rna_TGCAGATCATGTTCAG-1,42,20,0,-1.0,0.09802123869350174
rna_TGCAGGCAGCATCAGG-1,42,20,0,-1.0,0.18188260938917541
rna_TGCAGGCAGTTTCTTC-1,42,20,1,-1.0,0.5817440891877502
rna_TGCAGGCCATCGCCTT-1,42,20,0,0.018798247,0.060776575895861544
rna_TGCAGGCGTAACATCC-1,42,20,0,-1.0,0.13423919641196963
rna_TGCAGGCGTCAAGCGA-1,42,20,0,-1.0,0.23754305148584454
rna_TGCAGTACAGGAGACT-1,42,20,2,-1.0,0.911259231118596
rna_TGCATCCGTACGGTTT-1,42,20,3,-1.0,0.7501852749978738
rna_TGCATCCTCACAACCA-1,42,20,1,-1.0,0.5461585702991534
rna_TGCATGACACAAGCAG-1,42,20,1,-1.0,0.46091037415306557
rna_TGCATGACATGGCTGC-1,42,20,1,0.26317546,0.2703199720074548
rna_TGCATGAGTCTTTCAT-1,42,20,0,-1.0,0.2267181274535446
rna_TGCCGAGCAAGGACAC-1,42,20,1,-1.0,0.22301185632497814
rna_TGCCGAGCATGGGATG-1,42,20,0,-1.0,0.2660408827077321
rna_TGCCGAGCATGTTTGG-1,42,20,0,-1.0,0.29888372181068423
rna_TGCCGAGGTGGAATGC-1,42,20,1,-1.0,0.35192447533246385
rna_TGCCGAGTCTCCTGAC-1,42,20,3,-1.0,0.7590358823693939
rna_TGCGACGAGACCCGCT-1,42,20,0,-1.0,0.15243727486774264
rna_TGCGACGAGATCGCTT-1,42,20,1,-1.0,0.43256351548863914
rna_TGCGACGGTATAGGAT-1,42,20,0,-1.0,0.1598317047436533
rna_TGCGACGTCTAAGAAG-1,42,20,2,-1.0,0.9161700139889148
rna_TGCGACGTCTCGAACA-1,42,20,0,-1.0,0.1058283674910753
rna_TGCGATAAGAAACTGT-1,42,20,1,-1.0,0.5662014385031542
rna_TGCGATACAGCGCTTG-1,42,20,3,-1.0,0.6928434594279479
rna_TGCGATACAGGTGACA-1,42,20,1,-1.0,0.5457884877078332
rna_TGCGGCACACTGTCCT-1,42,20,2,0.7586207,0.7747343714020904
rna_TGCGGCATCGTCCATC-1,42,20,0,-1.0,0.12828473957341557
rna_TGCGGGTCACGCGCTA-1,42,20,0,-1.0,0.10197994828123656
rna_TGCTCCAAGATTAGTG-1,42,20,1,-1.0,0.427820221748085
rna_TGCTCCAGTTCCCACT-1,42,20,1,-1.0,0.4242066334731108
rna_TGCTCGTAGCTAAATG-1,42,20,2,-1.0,0.7651935717916551
rna_TGCTCGTCAAGGCTTT-1,42,20,0,-1.0,0.23283837953185485
rna_TGCTCGTCACTGCTTC-1,42,20,0,-1.0,0.16672155596074906
rna_TGCTCGTGTGGTCAAG-1,42,20,0,-1.0,0.24418064683445145
rna_TGCTGAAAGCTCTATG-1,42,20,1,-1.0,0.5929238222351602
rna_TGCTGAAAGTCGCTAT-1,42,20,1,-1.0,0.5403015651356584
rna_TGCTGAACAATGGGTG-1,42,20,2,-1.0,0.8369797338648323
rna_TGCTGAAGTCGATTAC-1,42,20,0,-1.0,0.20778752686486487
rna_TGCTGAAGTGAGTGAC-1,42,20,0,-1.0,0.18665318098606634
rna_TGCTGAATCGGTAACT-1,42,20,1,-1.0,0.5684131096777911
rna_TGCTTCGAGGTCCTGC-1,42,20,0,-1.0,0.22324473177708148
rna_TGCTTCGCAAAGGAGA-1,42,20,0,-1.0,0.07206835516590243
rna_TGCTTCGCATAATGAG-1,42,20,0,-1.0,0.15529617965493409
rna_TGCTTCGCATGAGGGT-1,42,20,0,-1.0,0.25582562966795147
rna_TGCTTCGGTCTGTAGT-1,42,20,0,-1.0,0.09506968979560396
rna_TGCTTCGTCTCTCAAT-1,42,20,0,-1.0,0.18883039821159575
rna_TGCTTGCCAGGCTACC-1,42,20,0,-1.0,0.12027350993720544
rna_TGCTTGCCATGAATCC-1,42,20,0,-1.0,0.07553596056061279
rna_TGCTTGCGTATGAGGC-1,42,20,1,-1.0,0.6172875085661098
rna_TGCTTGCGTCCCGCAA-1,42,20,1,-1.0,0.5277120181608885
rna_TGCTTGCTCTACCAGA-1,42,20,1,-1.0,0.653681495153736
rna_TGCTTGCTCTGCACCT-1,42,20,0,-1.0,0.12057898143199934
rna_TGGAACTAGGTAGTAT-1,42,20,0,-1.0,0.06736357150864714
rna_TGGAACTGTGTTCAGT-1,42,20,0,-1.0,0.24295822967000152
rna_TGGAACTTCCCACAGG-1,42,20,1,-1.0,0.5285740170820964
rna_TGGAACTTCTGCTTAT-1,42,20,0,0.3195702,0.32151621887576454
rna_TGGAGAGCACTGTGTA-1,42,20,0,-1.0,0.28395708979478085
rna_TGGAGAGGTATGAGAT-1,42,20,0,-1.0,0.18117543665637115
rna_TGGAGAGTCAACTGGT-1,42,20,0,-1.0,0.33941647397676505
rna_TGGAGAGTCCGAAGGA-1,42,20,1,-1.0,0.6665544313735787
rna_TGGAGGACAATGGCCC-1,42,20,1,-1.0,0.4196351897896283
rna_TGGAGGACAGCGGTCT-1,42,20,0,-1.0,0.1330915327666785
rna_TGGAGGAGTACAATAG-1,42,20,0,-1.0,0.19718560041435482
rna_TGGAGGAGTACCAATC-1,42,20,0,-1.0,0.06847266813539826
rna_TGGAGGAGTATGCGGA-1,42,20,0,-1.0,0.21107737018133968
rna_TGGATCAAGACCAGCA-1,42,20,0,-1.0,0.530142330430034
rna_TGGATCAAGCAACAAT-1,42,20,1,-1.0,0.5669377420020932
rna_TGGATCACACCAACAT-1,42,20,3,-1.0,0.7376264274959997
rna_TGGATCACACCAGCGT-1,42,20,1,-1.0,0.32842750945543153
rna_TGGATCACAGGATGAC-1,42,20,2,-1.0,0.9089236400705937
rna_TGGATCAGTAGGTAGC-1,42,20,3,-1.0,0.7337480965422258
rna_TGGATGTCAATGCAAA-1,42,20,1,-1.0,0.3358927634416723
rna_TGGCGTGAGTATAGAC-1,42,20,0,-1.0,0.12548973051786033
rna_TGGCGTGTCAATGCAC-1,42,20,0,-1.0,0.170627391704373
rna_TGGCGTGTCCTACACC-1,42,20,0,-1.0,0.249898089999636
rna_TGGCGTGTCTCCTGCA-1,42,20,1,-1.0,0.4878237995219136
rna_TGGGAAGAGGATACGC-1,42,20,1,-1.0,0.46792493214192127
rna_TGGGAAGGTATGGGAC-1,42,20,1,-1.0,0.4670736869228855
rna_TGGGAGAAGAGATTCA-1,42,20,3,-1.0,0.7675667594705551
rna_TGGGAGACACCTGCGA-1,42,20,2,-1.0,0.8441172886401056
rna_TGGGAGAGTCACCGCA-1,42,20,2,-1.0,0.7178856381060718
rna_TGGGAGAGTTCCGCTT-1,42,20,0,-1.0,0.22719254222447205
rna_TGGGAGATCAGACCCG-1,42,20,0,-1.0,0.6166600625808977
rna_TGGGATTCAAATACAG-1,42,20,0,-1.0,0.22002280093074614
rna_TGGGCGTCACCTGCTT-1,42,20,1,-1.0,0.46407535270577843
rna_TGGGCGTCAGACATCT-1,42,20,0,-1.0,0.09506610938366349
rna_TGGGCGTCATGGATCT-1,42,20,1,-1.0,0.596257291788394
rna_TGGGCTGGTATCTTCT-1,42,20,1,-1.0,0.36525837975500935
rna_TGGGCTGGTCCACACG-1,42,20,1,-1.0,0.5358178736201686
rna_TGGGCTGTCATTGTGG-1,42,20,0,-1.0,0.06224597227004992
rna_TGGGCTGTCTATTTCG-1,42,20,0,-1.0,0.12062763297945138
rna_TGGGTTAAGACCAAGC-1,42,20,0,-1.0,0.0634246672065411
rna_TGGTACAGTACTCCGG-1,42,20,0,-1.0,0.35634435833654615
rna_TGGTACAGTGAGTTGG-1,42,20,1,-1.0,0.23684289178885667
rna_TGGTAGTCACGCACCA-1,42,20,0,-1.0,0.11754552607802994
rna_TGGTAGTGTTCAAACC-1,42,20,1,-1.0,0.4416528844281677
rna_TGGTAGTTCCGCGATG-1,42,20,2,-1.0,0.8018129930441925
rna_TGGTGATAGGACAAGA-1,42,20,0,-1.0,0.15968533441566288
rna_TGGTGATAGTATGGAT-1,42,20,0,-1.0,0.1803898736804813
rna_TGGTGATCAGAGGTAC-1,42,20,0,-1.0,0.17354129145603397
rna_TGGTTAGCACCCTTGT-1,42,20,0,-1.0,0.19730739382178425
rna_TGGTTAGGTAGGAGGG-1,42,20,0,-1.0,0.09809106074602499
rna_TGGTTAGGTTCAGCTA-1,42,20,0,-1.0,0.07972879041993752
rna_TGGTTAGTCCTAAACG-1,42,20,1,-1.0,0.7037392219752668
rna_TGGTTAGTCTAAGAAG-1,42,20,0,-1.0,0.12212495647079592
rna_TGTAACGAGATCCCGC-1,42,20,2,-1.0,0.9109359552693728
rna_TGTAACGAGCCTTTGA-1,42,20,2,-1.0,0.9080437133443716
rna_TGTAACGCACTGAATC-1,42,20,1,-1.0,0.5398826160523368
rna_TGTAACGCATAATGAG-1,42,20,0,-1.0,0.09723298050082133
rna_TGTAAGCAGAGTCACG-1,42,20,1,-1.0,0.5409310304289751
rna_TGTAAGCAGCTGGAGT-1,42,20,3,-1.0,0.7724056740747325
rna_TGTAAGCCAAGGGCAT-1,42,20,0,-1.0,0.19742872248293192
rna_TGTAAGCGTCCTTTGC-1,42,20,1,-1.0,0.5308778311332223
rna_TGTAAGCGTTCTCACC-1,42,20,1,-1.0,0.26240817192731236
rna_TGTAGACGTCATCACA-1,42,20,1,-1.0,0.507673773988904
rna_TGTAGACTCACTTATC-1,42,20,0,-1.0,0.19656453447414954
rna_TGTCAGACAAGCTCTA-1,42,20,1,-1.0,0.32689762786767745
rna_TGTCAGAGTGGGTATG-1,42,20,0,-1.0,0.1854236553985744
rna_TGTCCACAGGGTACGT-1,42,20,1,-1.0,0.3831185845216766
rna_TGTCCACAGTTCCTGA-1,42,20,1,-1.0,0.4758937832377852
rna_TGTCCACCAAGAAATC-1,42,20,0,-1.0,0.17641074792249473
rna_TGTCCACCACGCTGCA-1,42,20,1,-1.0,0.6123720696580315
rna_TGTCCACCAGCACAGA-1,42,20,0,-1.0,0.17981456542174737
rna_TGTCCCAAGTCACTAC-1,42,20,0,-1.0,0.2979965326399615
rna_TGTCCCAAGTGAGGCT-1,42,20,0,-1.0,0.10701769221537845
rna_TGTCCCAGTCGGAAAC-1,42,20,0,-1.0,0.3674704857029551
rna_TGTCCCAGTGATCATC-1,42,20,2,-1.0,0.8947058089899513
rna_TGTCCTGGTCTAACGT-1,42,20,1,-1.0,0.5711402940114079
rna_TGTCCTGGTGTACAGG-1,42,20,0,-1.0,0.16379735180205957
rna_TGTGAGTAGCCAAGGT-1,42,20,1,-1.0,0.5794152650958702
rna_TGTGAGTAGGTTGTTC-1,42,20,1,-1.0,0.4703998536741332
rna_TGTGAGTGTAGCTGCC-1,42,20,1,-1.0,0.5650450220130715
rna_TGTGAGTGTGCGTGCT-1,42,20,1,-1.0,0.33117317197275975
rna_TGTGATGGTGAGGCAT-1,42,20,0,-1.0,0.24418064683445145
rna_TGTGATGTCCACGTGG-1,42,20,0,-1.0,0.17353294271112038
rna_TGTGCGGCACCCAAGC-1,42,20,0,-1.0,0.1878591555209299
rna_TGTGCGGTCAATCGGT-1,42,20,0,-1.0,0.3355387275320482
rna_TGTGCGGTCATTGTGG-1,42,20,1,-1.0,0.32325617612704005
rna_TGTGGCGAGAAGTCCG-1,42,20,1,-1.0,0.5313075427683137
rna_TGTGGCGGTAGATCGG-1,42,20,1,-1.0,0.5703494485615714
rna_TGTGGCGGTGCTCTCT-1,42,20,0,-1.0,0.2691032073919044
rna_TGTGGCGTCCATCTAT-1,42,20,0,-1.0,0.06984650673278947
rna_TGTGGCGTCCTGTTGC-1,42,20,0,-1.0,0.19656453447414954
rna_TGTGTGAAGTCCTACA-1,42,20,0,-1.0,0.17965579544380653
rna_TGTGTGACAGTGTGGA-1,42,20,2,-1.0,0.9367821225189482
rna_TGTGTGATCAACTCTT-1,42,20,0,-1.0,0.06937655054794861
rna_TGTTACTGTAGGACCA-1,42,20,2,-1.0,0.7199042034398709
rna_TGTTACTGTTGAGAGC-1,42,20,1,-1.0,0.2739296833598578
rna_TGTTACTTCTGGACCG-1,42,20,0,-1.0,0.22055412041165284
rna_TGTTACTTCTTCGGTC-1,42,20,1,-1.0,0.5559445554310937
rna_TGTTCATCAGCGCGTT-1,42,20,0,-1.0,0.2139726000563275
rna_TGTTCATGTTGAGAGC-1,42,20,1,-1.0,0.5887680212007607
rna_TGTTCATTCTCTGAGA-1,42,20,1,-1.0,0.5127743276794042
rna_TGTTCCGTCTGGACTA-1,42,20,0,-1.0,0.24853913264157654
rna_TGTTCTAGTCCGATCG-1,42,20,0,-1.0,0.33229411480418347
rna_TGTTGGAAGCCTTTGA-1,42,20,1,-1.0,0.39443370829966073
rna_TGTTGGAAGTGCGACA-1,42,20,1,-1.0,0.31479349689946995
rna_TGTTGGAGTAGCGAGT-1,42,20,1,-1.0,0.3645739586339332
rna_TGTTGGATCTGGGTCG-1,42,20,1,-1.0,0.4042337554221055
rna_TGTTTGTAGATAGGGA-1,42,20,0,-1.0,0.12822207874176794
rna_TGTTTGTAGCAGTAAT-1,42,20,1,-1.0,0.5714742680860394
rna_TGTTTGTGTGCCCTTT-1,42,20,2,-1.0,0.9114747483514114
rna_TGTTTGTTCAGAGCGA-1,42,20,0,-1.0,0.13505266754551679
rna_TTAATCCAGATACATG-1,42,20,0,-1.0,0.22945280779118715
rna_TTAATCCAGTATTAGG-1,42,20,0,-1.0,0.07212631643020237
rna_TTAATCCCACCCTTGT-1,42,20,1,-1.0,0.5893853567111563
rna_TTAATCCGTGACTAAA-1,42,20,0,-1.0,0.16540452724361118
rna_TTAATCCTCCGTGTCT-1,42,20,0,-1.0,0.22677123121841858
rna_TTACAGGCACACCTAA-1,42,20,1,-1.0,0.36981934912792497
rna_TTACAGGTCGGATACT-1,42,20,1,-1.0,0.5773186719607007
rna_TTACCGCCACCGTGCA-1,42,20,1,-1.0,0.4387237147044923
rna_TTACCGCGTCTCACGG-1,42,20,0,-1.0,0.2431213654806087
rna_TTACCGCTCCCGAGAC-1,42,20,0,-1.0,0.07785911071264288
rna_TTACCGCTCCGTGTCT-1,42,20,3,-1.0,0.7356606974518962
rna_TTACGCCAGATTAGCA-1,42,20,1,-1.0,0.5537766059209764
rna_TTACGCCCAAGTGACG-1,42,20,1,-1.0,0.7058940865014874
rna_TTACGCCGTCAGGTGA-1,42,20,1,0.3947632,0.3927393141495114
rna_TTACGCCGTCCTCAGG-1,42,20,0,-1.0,0.15472104282997223
rna_TTACGCCGTTATAGCC-1,42,20,1,-1.0,0.45689740468402024
rna_TTACGTTCAACTCGAT-1,42,20,1,-1.0,0.27966131101043834
rna_TTACGTTGTTATAGCC-1,42,20,0,-1.0,0.2879567094835349
rna_TTACTGTCATGTTTGG-1,42,20,0,-1.0,0.18883039821159575
rna_TTAGGCAAGCGTGCCT-1,42,20,0,-1.0,0.26832173668702164
rna_TTAGGCATCAACACGT-1,42,20,0,-1.0,0.16671831565719875
rna_TTAGGCATCACGAGGA-1,42,20,0,-1.0,0.11152904788410611
rna_TTAGGCATCGGCAGTC-1,42,20,1,-1.0,0.6304399035440764
rna_TTAGGGTCAATCGCAT-1,42,20,1,-1.0,0.35093435310304116
rna_TTAGGGTCACTGATTG-1,42,20,0,-1.0,0.07149694814514518
rna_TTAGGGTCAGAACTTC-1,42,20,0,-1.0,0.21411851757930722
rna_TTAGGGTCAGCTGGTC-1,42,20,0,-1.0,0.060776575895861544
rna_TTAGGGTGTCTAACGT-1,42,20,1,-1.0,0.39894844840683547
rna_TTAGGGTGTGACACGA-1,42,20,0,-1.0,0.18562431260294449
rna_TTATTGCCACGCTGTG-1,42,20,0,-1.0,0.29022760308869083
rna_TTCAATCCACTGAGGA-1,42,20,0,-1.0,0.07778615560646478
rna_TTCAATCCAGCTTTCC-1,42,20,1,-1.0,0.3704135587344707
rna_TTCAATCCATACCAGT-1,42,20,1,-1.0,0.5883011254616414
rna_TTCAATCCATGAGATA-1,42,20,0,-1.0,0.24909908708920397
rna_TTCAATCGTAATCAAG-1,42,20,0,-1.0,0.13605069123298297
rna_TTCACCGAGACCGTTT-1,42,20,1,-1.0,0.29126907938290825
rna_TTCACCGCAGATCATC-1,42,20,1,-1.0,0.36724619746478043
rna_TTCACCGGTACAATAG-1,42,20,1,-1.0,0.5098236989932992
rna_TTCACGCCAACACGAG-1,42,20,1,-1.0,0.38633873431122234
rna_TTCAGGACAAACTCGT-1,42,20,0,-1.0,0.24062229503247712
rna_TTCAGGAGTAGTACGG-1,42,20,0,-1.0,0.13421875623960247
rna_TTCAGGAGTCATGGCC-1,42,20,1,-1.0,0.5435698308511482
rna_TTCAGGAGTCGAGTGA-1,42,20,1,-1.0,0.4031039456610189
rna_TTCAGGAGTTAATCGC-1,42,20,1,-1.0,0.5921521014832173
rna_TTCAGGATCAAAGCCT-1,42,20,2,-1.0,0.8646938330833879
rna_TTCATTGGTGTTCCAA-1,42,20,0,-1.0,0.18823256928693982
rna_TTCCAATAGAAGGTAG-1,42,20,0,-1.0,0.16060418710237084
rna_TTCCAATAGACGATAT-1,42,20,1,-1.0,0.5420747298142009
rna_TTCCAATCAATCAAGA-1,42,20,1,-1.0,0.6671321326014662
rna_TTCCACGAGCAGATAT-1,42,20,0,-1.0,0.2550592375850482
rna_TTCCACGAGGGAGAAT-1,42,20,0,-1.0,0.23229625141010843
rna_TTCCACGGTTATAGCC-1,42,20,1,-1.0,0.5187881256371986
rna_TTCCACGGTTGTTTGG-1,42,20,2,-1.0,0.7123757020821649
rna_TTCCACGGTTTAGTCG-1,42,20,0,-1.0,0.17610098606077515
rna_TTCCACGTCTGAGGTT-1,42,20,1,-1.0,0.35613877410811207
rna_TTCCGGTAGGTCACTT-1,42,20,0,-1.0,0.22263925841470658
rna_TTCCGGTGTACGAAAT-1,42,20,0,-1.0,0.28510575198939053
rna_TTCCGGTGTGAACGGT-1,42,20,0,-1.0,0.17696186406033804
rna_TTCCGGTGTTTCACTT-1,42,20,1,-1.0,0.43913277432210157
rna_TTCCGTGAGACTGGGT-1,42,20,1,-1.0,0.585960812335944
rna_TTCCGTGCATTGCCGG-1,42,20,0,-1.0,0.09331604466867438
rna_TTCCGTGGTCATCACA-1,42,20,0,-1.0,0.1408972813584989
rna_TTCCTAATCCGATAGT-1,42,20,0,-1.0,0.06527942763219424
rna_TTCCTCTAGATGCAGC-1,42,20,0,-1.0,0.12178416328607419
rna_TTCCTCTGTCCACTCT-1,42,20,1,-1.0,0.5245997504640054
rna_TTCCTCTGTTAGGGAC-1,42,20,2,-1.0,0.9358061372792892
rna_TTCCTCTGTTCGGTTA-1,42,20,1,-1.0,0.5732238887444588
rna_TTCCTCTTCGTGGAAG-1,42,20,1,-1.0,0.5409310304289751
rna_TTCCTTCAGGACAAGA-1,42,20,0,-1.0,0.11770740545453824
rna_TTCCTTCAGGATATAC-1,42,20,1,-1.0,0.4140799442736423
rna_TTCCTTCAGGCATCTT-1,42,20,0,-1.0,0.20759641337827858
rna_TTCCTTCCAACAGCTT-1,42,20,1,-1.0,0.31324975105828146
rna_TTCCTTCCAAGCAGGT-1,42,20,1,-1.0,0.619639076872714
rna_TTCCTTCCACTGAGGA-1,42,20,0,-1.0,0.1745539404402029
rna_TTCCTTCTCACCTGGG-1,42,20,0,-1.0,0.24907965461821072
rna_TTCCTTCTCTTCCCGA-1,42,20,0,-1.0,0.11607612970384158
rna_TTCGATTAGTAACGAT-1,42,20,1,-1.0,0.5809565090781498
rna_TTCGATTCAGGCGATA-1,42,20,0,-1.0,0.2475092794798935
rna_TTCGATTTCCAGTTCC-1,42,20,0,-1.0,0.27374612860468817
rna_TTCGCTGGTGATGTAA-1,42,20,0,-1.0,0.238453922680102
rna_TTCGGTCGTATCGGTT-1,42,20,1,-1.0,0.5890817282608082
rna_TTCGGTCGTCACCCTT-1,42,20,1,-1.0,0.6911391079739801
rna_TTCTAACAGCAGATAT-1,42,20,1,-1.0,0.6920441316642342
rna_TTCTAACAGCGAGGAG-1,42,20,0,-1.0,0.12751710145793382
rna_TTCTAACAGTATGACA-1,42,20,0,-1.0,0.15755957864517942
rna_TTCTAACGTGCCGTTG-1,42,20,0,-1.0,0.24992284011388452
rna_TTCTAACGTTGGACCC-1,42,20,0,-1.0,0.15563730880330165
rna_TTCTAACTCCGCGATG-1,42,20,0,-1.0,0.1207434661220463
rna_TTCTAGTCACGACGCT-1,42,20,1,-1.0,0.5961074340884636
rna_TTCTCTCAGACTGGGT-1,42,20,0,-1.0,0.19750420117844633
rna_TTCTCTCAGAGAGTTT-1,42,20,1,-1.0,0.5509069265977118
rna_TTCTCTCGTGGCAACA-1,42,20,1,-1.0,0.5061519601682704
rna_TTCTCTCTCTCGAACA-1,42,20,0,-1.0,0.27995873256775716
rna_TTCTTCCCAGAGAGGG-1,42,20,1,-1.0,0.5195121465835659
rna_TTCTTCCGTTACGGAG-1,42,20,1,-1.0,0.4534657855163373
rna_TTCTTCCGTTGGCCTG-1,42,20,0,-1.0,0.1874503961190848
rna_TTCTTGAAGCTCACTA-1,42,20,1,-1.0,0.29416539032542927
rna_TTCTTGAAGGCCTTGC-1,42,20,0,-1.0,0.1255924500402743
rna_TTCTTGACACTGTCGG-1,42,20,0,-1.0,0.19596670554949364
rna_TTCTTGATCGATACTG-1,42,20,0,-1.0,0.2559351691830241
rna_TTGAACGAGGACAACC-1,42,20,1,-1.0,0.40014027395365465
rna_TTGAACGAGGCTAGCA-1,42,20,1,-1.0,0.3796242775062304
rna_TTGAACGCAGAACTCT-1,42,20,1,-1.0,0.5679648945638089
rna_TTGAACGCAGCTCGGT-1,42,20,1,-1.0,0.5278185481277938
rna_TTGAACGTCTGAATGC-1,42,20,0,-1.0,0.18519042908704425
rna_TTGACCCCAGACCCGT-1,42,20,0,-1.0,0.2074254609427178
rna_TTGACCCGTCTTGAGT-1,42,20,0,-1.0,0.06937655054794861
rna_TTGACCCTCCGCTTAC-1,42,20,1,-1.0,0.43913534731725384
rna_TTGACCCTCTGGGCAC-1,42,20,1,-1.0,0.41419651033826876
rna_TTGACCCTCTTCCACG-1,42,20,0,-1.0,0.2063371545113476
rna_TTGAGTGAGAGTTGCG-1,42,20,1,-1.0,0.5669275410369488
rna_TTGAGTGCACATACGT-1,42,20,1,-1.0,0.5668085175048004
rna_TTGAGTGCATCGTCCT-1,42,20,0,-1.0,0.2537389963863062
rna_TTGATGGCAGTCGGAA-1,42,20,2,0.7758621,0.7903703462761892
rna_TTGCATTAGCTAGATA-1,42,20,1,-1.0,0.5818860689254011
rna_TTGCATTAGCTGGTGA-1,42,20,2,-1.0,0.7222827918601656
rna_TTGCATTTCATGCCCT-1,42,20,0,-1.0,0.3527784472287352
rna_TTGCATTTCGCTTGAA-1,42,20,1,-1.0,0.28850060077955536
rna_TTGCCTGAGCTGCCTG-1,42,20,0,-1.0,0.13010194050158477
rna_TTGCCTGCAAGAGGCT-1,42,20,1,-1.0,0.4215400271658446
rna_TTGCCTGCAGTCGCAC-1,42,20,1,-1.0,0.5141401954495776
rna_TTGCCTGGTTTCGTTT-1,42,20,1,-1.0,0.41194011995613217
rna_TTGCGTCGTCAAGCGA-1,42,20,1,-1.0,0.4311096729213402
rna_TTGCGTCTCCGAGGCT-1,42,20,1,0.4323597,0.420853198488376
rna_TTGCTGCAGCATGAAT-1,42,20,0,-1.0,0.1905033230593813
rna_TTGCTGCAGTCGGCAA-1,42,20,1,-1.0,0.42577178904106705
rna_TTGCTGCCACAACGTT-1,42,20,0,-1.0,0.24621032121767936
rna_TTGCTGCTCTACACTT-1,42,20,0,-1.0,0.25230441849661006
rna_TTGGATGCAGCAGTTT-1,42,20,2,-1.0,0.9339013753943955
rna_TTGGATGTCTCTATGT-1,42,20,0,-1.0,0.18336804331045242
rna_TTGGGATAGTCCTGCG-1,42,20,0,-1.0,0.09784422188492427
rna_TTGGGCGCAACAAGTA-1,42,20,1,-1.0,0.3780445227651368
rna_TTGGGCGGTGGCTGAA-1,42,20,2,-1.0,0.7613608691354231
rna_TTGGGTAAGAACAAGG-1,42,20,2,-1.0,0.711095389665711
rna_TTGGGTATCACTCGAA-1,42,20,0,-1.0,0.30261559620654155
rna_TTGGGTATCGAACGGA-1,42,20,1,-1.0,0.3449985145109059
rna_TTGGGTATCGTGGCTG-1,42,20,2,-1.0,0.8160169203218733
rna_TTGGTTTCATGTTCAG-1,42,20,0,-1.0,0.23328258592697484
rna_TTGGTTTGTGATACCT-1,42,20,2,-1.0,0.8434337176933653
rna_TTGGTTTTCGAGAAAT-1,42,20,0,-1.0,0.20650902273754274
rna_TTGGTTTTCTACTTCA-1,42,20,0,-1.0,0.2401082751420548
rna_TTGTGGAAGATGTTAG-1,42,20,1,-1.0,0.42033609736474253
rna_TTGTGGAAGCAAATGT-1,42,20,1,-1.0,0.598278303948563
rna_TTGTGGACAATCGCAT-1,42,20,0,-1.0,0.3096850969029279
rna_TTGTGGAGTCTGTTAG-1,42,20,0,-1.0,0.1659744436856216
rna_TTGTGTTCATTGCTTT-1,42,20,1,-1.0,0.6110582279458879
rna_TTGTGTTGTACAGGTG-1,42,20,0,-1.0,0.10299546394240668
rna_TTGTGTTGTGATGTAA-1,42,20,1,-1.0,0.28035317522366054
rna_TTGTGTTGTGGTTTGT-1,42,20,0,-1.0,0.3086115060362718
rna_TTGTGTTTCAAACCTG-1,42,20,1,-1.0,0.4556386425179977
rna_TTGTGTTTCGCCTAGG-1,42,20,0,-1.0,0.15238692700872492
rna_TTGTGTTTCTATTTCG-1,42,20,0,-1.0,0.1943260796575526
rna_TTGTTCAAGCGATGAC-1,42,20,1,-1.0,0.520056438326931
rna_TTGTTCATCTGCTGAA-1,42,20,0,-1.0,0.18685769318490628
rna_TTGTTGTAGTAATTGG-1,42,20,0,-1.0,0.16514855025714592
rna_TTGTTGTCACAAATGA-1,42,20,0,-1.0,0.11592220593973368
rna_TTGTTGTCAGTCGCAC-1,42,20,1,-1.0,0.5680283948624394
rna_TTGTTGTTCACAGAGG-1,42,20,1,-1.0,0.5390511743475617
rna_TTGTTGTTCTTGGAAC-1,42,20,2,-1.0,0.9069834372804731
rna_TTGTTTGAGATAACAC-1,42,20,0,-1.0,0.10581766277552385
rna_TTGTTTGAGCTCGACC-1,42,20,1,-1.0,0.35052840121795165
rna_TTTACCAAGAATCGTA-1,42,20,2,-1.0,0.8990831429224149
rna_TTTACCACACAGTCAT-1,42,20,1,-1.0,0.38601111390551784
rna_TTTACCAGTACCCAGC-1,42,20,2,-1.0,0.8573774944248294
rna_TTTACCAGTCGAGCTC-1,42,20,1,-1.0,0.34734783250060197
rna_TTTACCATCCATCTGC-1,42,20,1,0.4699562,0.4607073323497816
rna_TTTACGTAGGGCAATC-1,42,20,2,-1.0,0.9361294131285124
rna_TTTACGTCAGACACCC-1,42,20,0,-1.0,0.2537009559423214
rna_TTTACTGTCGTGAGAG-1,42,20,0,-1.0,0.2566259201546643
rna_TTTACTGTCTCCATAT-1,42,20,0,-1.0,0.19437802974786614
rna_TTTAGTCAGCATGATA-1,42,20,0,-1.0,0.18562487227225768
rna_TTTATGCCACAGTACT-1,42,20,0,-1.0,0.27495691057205246
rna_TTTATGCGTACCGTGC-1,42,20,0,-1.0,0.1671882718420396
rna_TTTATGCGTAGAGTTA-1,42,20,0,-1.0,0.1880029398613122
rna_TTTATGCGTGTTGATC-1,42,20,0,-1.0,0.1971956184801336
rna_TTTATGCGTTGTGGAG-1,42,20,1,-1.0,0.3247418326645429
rna_TTTCACAAGAGAGTTT-1,42,20,0,-1.0,0.09930716582242809
rna_TTTCACAAGATTTGCC-1,42,20,0,-1.0,0.21498780179878194
rna_TTTCACACACGGGTAA-1,42,20,0,-1.0,0.20144267982346498
rna_TTTCACACACTATGTG-1,42,20,0,-1.0,0.14907485020712075
rna_TTTCACAGTAGTGCGA-1,42,20,1,-1.0,0.5528973111002107
rna_TTTCACAGTGTCATCA-1,42,20,1,-1.0,0.5454169816933786
rna_TTTCAGTCAATAGTAG-1,42,20,3,-1.0,0.782089426156193
rna_TTTCAGTCAATTGAAG-1,42,20,0,-1.0,0.25500830412145314
rna_TTTCAGTCACACAGCC-1,42,20,0,-1.0,0.17696186406033804
rna_TTTCAGTCATGTCTAG-1,42,20,1,-1.0,0.3955895585147408
rna_TTTCAGTGTCAACCTA-1,42,20,1,-1.0,0.4932630655261142
rna_TTTCAGTTCACTTGGA-1,42,20,0,-1.0,0.2629973568916576
rna_TTTCAGTTCTGTGTGA-1,42,20,1,-1.0,0.5182641984729895
rna_TTTCATGAGAGCAACC-1,42,20,0,-1.0,0.2079644414372259
rna_TTTCATGAGGGCATGT-1,42,20,1,-1.0,0.36924963513795084
rna_TTTCATGAGGTATAGT-1,42,20,0,-1.0,0.25948118966573935
rna_TTTCATGCAACTTCTT-1,42,20,0,-1.0,0.4109387586172153
rna_TTTCATGCAGCGGATA-1,42,20,1,-1.0,0.47402865606020145
rna_TTTCATGGTAGCTAAA-1,42,20,1,-1.0,0.3700018609700588
rna_TTTCATGGTTAATCGC-1,42,20,1,-1.0,0.4531450657661235
rna_TTTCGATGTGATACCT-1,42,20,3,-1.0,0.7334743573913971
rna_TTTCGATGTGCAATAA-1,42,20,0,-1.0,0.22075765588637483
rna_TTTCGATGTTTAGACC-1,42,20,0,-1.0,0.1756310298759343
rna_TTTGACTCAACAAGTA-1,42,20,1,-1.0,0.5781493261184698
rna_TTTGACTCATCCGTGG-1,42,20,1,-1.0,0.30818124753151827
rna_TTTGACTGTCGGAAAC-1,42,20,1,-1.0,0.6121174803881181
rna_TTTGACTGTCGGCCTA-1,42,20,0,-1.0,0.26427877077214484
rna_TTTGATCCACTACAGT-1,42,20,0,-1.0,0.07221754764995376
rna_TTTGGAGAGAGCCATG-1,42,20,0,-1.0,0.233448464497037
rna_TTTGGAGGTATGCTAC-1,42,20,0,-1.0,0.3950157642659717
rna_TTTGGAGGTTTCACAG-1,42,20,1,-1.0,0.5553362520929817
rna_TTTGGAGTCTGCTGAA-1,42,20,1,-1.0,0.5239963427650194
rna_TTTGGTTAGGATTCCT-1,42,20,0,-1.0,0.2075284934826048
rna_TTTGGTTCAAGCGATG-1,42,20,0,-1.0,0.10845255058942477
rna_TTTGGTTCACAAATCC-1,42,20,1,-1.0,0.44008032163995364
rna_TTTGGTTCATAGACTC-1,42,20,1,-1.0,0.48263773038606383
rna_TTTGTTGAGGGCAAGG-1,42,20,0,-1.0,0.2879680318867467
rna_TTTGTTGCATCTGCGG-1,42,20,0,-1.0,0.1342767176768328
rna_TTTGTTGGTCGGTGAA-1,42,20,1,-1.0,0.5291593352019232
rna_TTTGTTGGTGTCATGT-1,42,20,0,-1.0,0.24371919440526463
