run,seed,random_seed,K,evaluation_mode,reference_trajectory_source,n_paths,traj_cells,rf_mse,rf_r2,start_cell,preprocessing_runtime_seconds,inference_runtime_seconds,pipeline_runtime_seconds,trajectory_metrics_runtime_seconds,pipeline_peak_rss_mb,pipeline_memory_increase_mb,path_1,path_2,branch_1_paths,branch_1_Pearson,branch_1_Spearman,branch_1_Kendall,branch_2_paths,branch_2_Pearson,branch_2_Spearman,branch_2_Kendall,global_Pearson,global_Spearman,global_Kendall,RF_Pearson,RF_Spearman,RF_Kendall,reference_trajectory_note,cor_dist,F1_branches,HIM_similarity,wcor_features,trajectory_overall_geometric_mean,marker_gene_mean_abs_spearman,marker_gene_median_abs_spearman,marker_genes_configured,marker_genes_available,marker_gene_correlations_json,official_dyneval_status,official_dyneval_error,metric_implementation,metric_reference,metric_version,r_version,dyneval_version,dynwrap_version,dynfeature_version,netdist_version,dyneval_commit,dynwrap_commit,dynfeature_commit,netdist_commit,global_pseudotime_min,global_pseudotime_max,rf_pseudotime_min,rf_pseudotime_max,preprocessing_shared_across_repeated_runs,preprocessing_applied,preprocessing_completed_before_inference,preprocessing_profile,preprocessing_step_count,preprocessing_steps_executed,preprocessing_seed,preprocessing_input_shape,preprocessing_output_shape,preprocessing_audit_json
1,42,42,20,curated_reference_real,curated_annotation_literature_lineage_graph,2,67,0.0049723808534878,0.9606457138510468,68,70.60640679998323,63.59469709999394,134.20110389997717,31.27529029996367,1222.9609375,853.69921875,"[234,2888,2727,2512,1485,2672,248,811,2709,1846,1798,68,1481,2261,2895,1126,991,2940,2585,2647,517,3061,460,3171,821,3213,726,1052,802,918,1192,2438,124,2562,1821,2570,959,2464,634,1158,2661,423,2726,1902,2910,3161,1129,2090,2605,2654,861,2170,508,1244,670,2110,1569,2608,1234]","[234,2888,2727,2512,1485,2672,248,811,2709,1846,1798,68,1481,2261,2895,1126,991,2940,2585,2647,517,3061,460,3171,821,3213,726,1052,802,918,1192,2438,124,2427,327,1424,628,1966,191,465,1082]","[234,2888,2727,2512,1485,2672,248,811,2709,1846,1798,68,1481,2261,2895,1126,991,2940,2585,2647,517,3061,460,3171,821,3213,726,1052,802,918,1192,2438,124,2562,1821,2570,959,2464,634,1158,2661,423,2726,1902,2910,3161,1129,2090,2605,2654,861,2170,508,1244,670,2110,1569,2608,1234]",0.9306660610749372,0.9313125746657988,0.810160390662423,"[234,2888,2727,2512,1485,2672,248,811,2709,1846,1798,68,1481,2261,2895,1126,991,2940,2585,2647,517,3061,460,3171,821,3213,726,1052,802,918,1192,2438,124,2427,327,1424,628,1966,191,465,1082]",0.8850668074235186,0.8900298695252149,0.7643978125082713,0.9209677822678662,0.924437054224995,0.8016319069694445,0.9124169122594404,0.8789809600066173,0.7461500241164061,Real-data scores measure agreement with the configured coarse curated reference; they are not absolute biological ground truth.,0.771392488494538,0.7591754362475901,0.8060991837389966,0.8571754189448921,0.7975702310354182,0.3301292251762504,0.2842448180612542,15,12,"{""C1QA"": 0.26514783587134877, ""C1QB"": 0.1420762144671434, ""CCR2"": -0.08388936848980508, ""CD1C"": 0.25388900936433484, ""CD74"": 0.6725456524835529, ""CLEC10A"": 0.321729656329143, ""CLEC5A"": -0.21012393503917176, ""CSF1R"": 0.46470089418752125, ""FCGR3A"": 0.4976368355074285, ""PKIB"": 0.1902869161589801, ""RETN"": -0.30334180025115964, ""SELL"": -0.5561825839654159}",success,,official R dyneval on exported dynwrap trajectories,"Saelens et al., Nature Biotechnology (2019), doi:10.1038/s41587-019-0071-9",v2.0,4.6.1,0.9.9,1.3.0,1.0.1,1.1.0,daeb26af7d40c21b32283af31beb17a8ee8c3c6f,319bcfe3a0e38af45f368d2a53146165416d1a8a,b6fa729b1bc531e179aec3f3d7aa14cd8ef2015e,63fb255c894df1ba6d72b50bd0fb02d78bcee2af,0.0,1.0,0.0,0.936782122518948,True,True,True,raw_counts_common_hvg2000_pca50_neighbors15_umap3,10,exclude_labels|normalize_total|log1p|highly_variable_genes|set_raw|subset_highly_variable|scale|pca|neighbors|umap,42,3264x19089,3264x2000,"{""completed_before_inference"": true, ""input_shape"": [3264, 19089], ""input_x_max"": 1054.0, ""input_x_min"": 1.0, ""model_coordinate_key_ready"": true, ""output_shape"": [3264, 2000], ""plot_coordinate_key_ready"": true, ""profile"": ""raw_counts_common_hvg2000_pca50_neighbors15_umap3"", ""random_seed"": 42, ""steps"": [{""operation"": ""exclude_labels"", ""parameters"": {""values"": []}, ""status"": ""applied""}, {""operation"": ""normalize_total"", ""parameters"": {""target_sum"": 10000.0}, ""status"": ""applied""}, {""operation"": ""log1p"", ""parameters"": {}, ""status"": ""applied""}, {""operation"": ""highly_variable_genes"", ""parameters"": {""flavor"": ""seurat"", ""n_top_genes"": 2000}, ""status"": ""applied""}, {""operation"": ""set_raw"", ""parameters"": {}, ""status"": ""applied""}, {""operation"": ""subset_highly_variable"", ""parameters"": {}, ""status"": ""applied""}, {""operation"": ""scale"", ""parameters"": {""max_value"": 10.0}, ""status"": ""applied""}, {""operation"": ""pca"", ""parameters"": {""n_comps"": 50, ""random_state"": 0, ""svd_solver"": ""arpack"", ""use_highly_variable"": false, ""zero_center"": true}, ""status"": ""applied""}, {""operation"": ""neighbors"", ""parameters"": {""method"": ""umap"", ""metric"": ""euclidean"", ""n_neighbors"": 15, ""n_pcs"": 30, ""random_state"": 0, ""use_rep"": ""X_pca""}, ""status"": ""applied""}, {""operation"": ""umap"", ""parameters"": {""min_dist"": 0.3, ""n_components"": 3, ""preserve_existing"": false, ""random_state"": 0}, ""status"": ""applied""}]}"
2,43,43,20,curated_reference_real,curated_annotation_literature_lineage_graph,2,85,0.0005555318515395,0.987026260182804,231,59.24091130000306,69.37421819998417,128.61512949998723,35.51244580000639,1260.58984375,481.65234375,"[234,2674,1380,1432,1612,960,231,608,2015,1436,1298,411,2032,3056,1519,188,1279,181,804,875,1394,9,2260,76,3141,3205,2750,2838,1668,994,3162,2290,798,2656,2429,1158,812,1001,3180,18,510,1802,1449,1212,3011,529,665,1991,948,1234]","[234,2674,1380,1432,1612,960,231,1330,47,1944,1593,3122,898,1022,36,733,1914,714,3061,460,815,1652,1071,753,2567,1288,918,2060,1192,1997,1579,369,2935,1628,2085,2746,1530,3058,537,1680,465,1082]","[234,2674,1380,1432,1612,960,231,608,2015,1436,1298,411,2032,3056,1519,188,1279,181,804,875,1394,9,2260,76,3141,3205,2750,2838,1668,994,3162,2290,798,2656,2429,1158,812,1001,3180,18,510,1802,1449,1212,3011,529,665,1991,948,1234]",0.9246022662293416,0.9245147801188676,0.8046681428225175,"[234,2674,1380,1432,1612,960,231,1330,47,1944,1593,3122,898,1022,36,733,1914,714,3061,460,815,1652,1071,753,2567,1288,918,2060,1192,1997,1579,369,2935,1628,2085,2746,1530,3058,537,1680,465,1082]",0.9104401546069528,0.9131297895035128,0.7912118933399583,0.904382088942684,0.9078048488924856,0.7841544950091114,0.8943459735662429,0.8582735766017325,0.7276869036819402,Real-data scores measure agreement with the configured coarse curated reference; they are not absolute biological ground truth.,0.5673085915297291,0.2890290633367067,0.6835912907889703,0.9614131824394588,0.5729501895866564,0.3306057693133477,0.2862799135886686,15,12,"{""C1QA"": 0.2626994051576772, ""C1QB"": 0.14017641224207666, ""CCR2"": -0.09872668872375487, ""CD1C"": 0.24821666748952495, ""CD74"": 0.6620664161447535, ""CLEC10A"": 0.3181066615637151, ""CLEC5A"": -0.21046463345552496, ""CSF1R"": 0.4653495275080748, ""FCGR3A"": 0.49621429818790247, ""PKIB"": 0.1886457596900686, ""RETN"": -0.3098604220196601, ""SELL"": -0.5667423395774395}",success,,official R dyneval on exported dynwrap trajectories,"Saelens et al., Nature Biotechnology (2019), doi:10.1038/s41587-019-0071-9",v2.0,4.6.1,0.9.9,1.3.0,1.0.1,1.1.0,daeb26af7d40c21b32283af31beb17a8ee8c3c6f,319bcfe3a0e38af45f368d2a53146165416d1a8a,b6fa729b1bc531e179aec3f3d7aa14cd8ef2015e,63fb255c894df1ba6d72b50bd0fb02d78bcee2af,0.0,1.0,0.0,0.9512587131959576,True,True,True,raw_counts_common_hvg2000_pca50_neighbors15_umap3,10,exclude_labels|normalize_total|log1p|highly_variable_genes|set_raw|subset_highly_variable|scale|pca|neighbors|umap,43,3264x19089,3264x2000,"{""completed_before_inference"": true, ""input_shape"": [3264, 19089], ""input_x_max"": 1054.0, ""input_x_min"": 1.0, ""model_coordinate_key_ready"": true, ""output_shape"": [3264, 2000], ""plot_coordinate_key_ready"": true, ""profile"": ""raw_counts_common_hvg2000_pca50_neighbors15_umap3"", ""random_seed"": 43, ""steps"": [{""operation"": ""exclude_labels"", ""parameters"": {""values"": []}, ""status"": ""applied""}, {""operation"": ""normalize_total"", ""parameters"": {""target_sum"": 10000.0}, ""status"": ""applied""}, {""operation"": ""log1p"", ""parameters"": {}, ""status"": ""applied""}, {""operation"": ""highly_variable_genes"", ""parameters"": {""flavor"": ""seurat"", ""n_top_genes"": 2000}, ""status"": ""applied""}, {""operation"": ""set_raw"", ""parameters"": {}, ""status"": ""applied""}, {""operation"": ""subset_highly_variable"", ""parameters"": {}, ""status"": ""applied""}, {""operation"": ""scale"", ""parameters"": {""max_value"": 10.0}, ""status"": ""applied""}, {""operation"": ""pca"", ""parameters"": {""n_comps"": 50, ""random_state"": 0, ""svd_solver"": ""arpack"", ""use_highly_variable"": false, ""zero_center"": true}, ""status"": ""applied""}, {""operation"": ""neighbors"", ""parameters"": {""method"": ""umap"", ""metric"": ""euclidean"", ""n_neighbors"": 15, ""n_pcs"": 30, ""random_state"": 0, ""use_rep"": ""X_pca""}, ""status"": ""applied""}, {""operation"": ""umap"", ""parameters"": {""min_dist"": 0.3, ""n_components"": 3, ""preserve_existing"": false, ""random_state"": 0}, ""status"": ""applied""}]}"
3,44,44,20,curated_reference_real,curated_annotation_literature_lineage_graph,2,63,0.0110878497923052,0.898578809531085,2,58.71775900002103,70.17203190003056,128.8897909000516,33.09672400000272,1324.66015625,542.25,"[234,2888,551,2820,1544,2236,1127,2982,868,399,295,3216,1521,36,1217,2553,2699,2229,3167,2,1376,573,242,335,321,197,3128,2562,1821,2847,1058,70,374,1572,2429,1158,812,2795,1378,377,1902,1599,1300,2599,2789,510,45,1451,126,968,3011,286,1991,1671,1234]","[234,2888,551,2820,1544,2236,1127,2982,868,399,295,3216,1521,36,1217,2553,2699,2229,3167,2,1376,573,242,335,321,197,3128,2562,2663,1646,1171,1993,2901,2310,2995,1082]","[234,2888,551,2820,1544,2236,1127,2982,868,399,295,3216,1521,36,1217,2553,2699,2229,3167,2,1376,573,242,335,321,197,3128,2562,1821,2847,1058,70,374,1572,2429,1158,812,2795,1378,377,1902,1599,1300,2599,2789,510,45,1451,126,968,3011,286,1991,1671,1234]",0.9313602818413532,0.9321691874007606,0.8115330298797817,"[234,2888,551,2820,1544,2236,1127,2982,868,399,295,3216,1521,36,1217,2553,2699,2229,3167,2,1376,573,242,335,321,197,3128,2562,2663,1646,1171,1993,2901,2310,2995,1082]",0.9042222114021998,0.9087731982561577,0.7857864324740644,0.9023851848676304,0.9166463919310198,0.7910525965097733,0.8888825704574862,0.8555680281164599,0.7253270059832764,Real-data scores measure agreement with the configured coarse curated reference; they are not absolute biological ground truth.,0.7484201516978737,0.7627725862503042,0.8315073156718604,0.8805799872477816,0.8040699996906036,0.3287456202394554,0.2880053686383657,15,12,"{""C1QA"": 0.26261937232263055, ""C1QB"": 0.14180421543924515, ""CCR2"": -0.11017714566873621, ""CD1C"": 0.2408552256241998, ""CD74"": 0.6436357297016015, ""CLEC10A"": 0.31339136495410075, ""CLEC5A"": -0.21365316230506756, ""CSF1R"": 0.45106145860823355, ""FCGR3A"": 0.49693676656305535, ""PKIB"": 0.18424812733416124, ""RETN"": -0.3207831384489186, ""SELL"": -0.5657817359035152}",success,,official R dyneval on exported dynwrap trajectories,"Saelens et al., Nature Biotechnology (2019), doi:10.1038/s41587-019-0071-9",v2.0,4.6.1,0.9.9,1.3.0,1.0.1,1.1.0,daeb26af7d40c21b32283af31beb17a8ee8c3c6f,319bcfe3a0e38af45f368d2a53146165416d1a8a,b6fa729b1bc531e179aec3f3d7aa14cd8ef2015e,63fb255c894df1ba6d72b50bd0fb02d78bcee2af,0.0,1.0,0.0,0.9541126198826564,True,True,True,raw_counts_common_hvg2000_pca50_neighbors15_umap3,10,exclude_labels|normalize_total|log1p|highly_variable_genes|set_raw|subset_highly_variable|scale|pca|neighbors|umap,44,3264x19089,3264x2000,"{""completed_before_inference"": true, ""input_shape"": [3264, 19089], ""input_x_max"": 1054.0, ""input_x_min"": 1.0, ""model_coordinate_key_ready"": true, ""output_shape"": [3264, 2000], ""plot_coordinate_key_ready"": true, ""profile"": ""raw_counts_common_hvg2000_pca50_neighbors15_umap3"", ""random_seed"": 44, ""steps"": [{""operation"": ""exclude_labels"", ""parameters"": {""values"": []}, ""status"": ""applied""}, {""operation"": ""normalize_total"", ""parameters"": {""target_sum"": 10000.0}, ""status"": ""applied""}, {""operation"": ""log1p"", ""parameters"": {}, ""status"": ""applied""}, {""operation"": ""highly_variable_genes"", ""parameters"": {""flavor"": ""seurat"", ""n_top_genes"": 2000}, ""status"": ""applied""}, {""operation"": ""set_raw"", ""parameters"": {}, ""status"": ""applied""}, {""operation"": ""subset_highly_variable"", ""parameters"": {}, ""status"": ""applied""}, {""operation"": ""scale"", ""parameters"": {""max_value"": 10.0}, ""status"": ""applied""}, {""operation"": ""pca"", ""parameters"": {""n_comps"": 50, ""random_state"": 0, ""svd_solver"": ""arpack"", ""use_highly_variable"": false, ""zero_center"": true}, ""status"": ""applied""}, {""operation"": ""neighbors"", ""parameters"": {""method"": ""umap"", ""metric"": ""euclidean"", ""n_neighbors"": 15, ""n_pcs"": 30, ""random_state"": 0, ""use_rep"": ""X_pca""}, ""status"": ""applied""}, {""operation"": ""umap"", ""parameters"": {""min_dist"": 0.3, ""n_components"": 3, ""preserve_existing"": false, ""random_state"": 0}, ""status"": ""applied""}]}"
4,45,45,20,curated_reference_real,curated_annotation_literature_lineage_graph,2,68,0.0006303379451403,0.9928170501946948,7,63.37840059999144,75.66767569998046,139.0460762999719,37.4159247999778,1325.16015625,542.1640625,"[234,1115,1201,2525,2948,140,1059,1791,1972,489,1551,105,2473,2627,1574,638,2031,7,896,1601,1890,2279,2311,722,2241,2282,76,3141,3205,2821,1762,1705,1657,275,1309,3006,637,2656,634,1426,2215,336,33,377,2756,2199,1449,1212,416,1020,2262,365,966,1991,1616,1234]","[234,1115,1201,2525,2948,140,1059,1791,1972,489,1551,105,2473,2627,1574,638,2031,7,896,1601,1890,2279,2311,722,2241,2282,76,3141,3205,2821,1762,1705,1657,2462,1931,2663,2179,1621,1901,2746,2952,687,1318,2739,1082]","[234,1115,1201,2525,2948,140,1059,1791,1972,489,1551,105,2473,2627,1574,638,2031,7,896,1601,1890,2279,2311,722,2241,2282,76,3141,3205,2821,1762,1705,1657,275,1309,3006,637,2656,634,1426,2215,336,33,377,2756,2199,1449,1212,416,1020,2262,365,966,1991,1616,1234]",0.9324456507793089,0.9324456483989,0.8122502113537158,"[234,1115,1201,2525,2948,140,1059,1791,1972,489,1551,105,2473,2627,1574,638,2031,7,896,1601,1890,2279,2311,722,2241,2282,76,3141,3205,2821,1762,1705,1657,2462,1931,2663,2179,1621,1901,2746,2952,687,1318,2739,1082]",0.895611872416525,0.8996225613259804,0.7746139984137095,0.9203627888942484,0.9281698931061696,0.8062187283749842,0.8894859147058196,0.8505015716291121,0.7205697100310323,Real-data scores measure agreement with the configured coarse curated reference; they are not absolute biological ground truth.,0.6945622433290018,0.7126174718363565,0.898584995646914,0.8735387464430934,0.7895001980117328,0.3244051225596264,0.2812729203581217,15,12,"{""C1QA"": 0.26440944722310833, ""C1QB"": 0.1421917493338159, ""CCR2"": -0.10133779950680294, ""CD1C"": 0.24081689578144483, ""CD74"": 0.6460359575339131, ""CLEC10A"": 0.31543097738974185, ""CLEC5A"": -0.19864982924608587, ""CSF1R"": 0.4539539206054184, ""FCGR3A"": 0.5004617095741705, ""PKIB"": 0.185518623643932, ""RETN"": -0.298136393493135, ""SELL"": -0.5459181673839479}",success,,official R dyneval on exported dynwrap trajectories,"Saelens et al., Nature Biotechnology (2019), doi:10.1038/s41587-019-0071-9",v2.0,4.6.1,0.9.9,1.3.0,1.0.1,1.1.0,daeb26af7d40c21b32283af31beb17a8ee8c3c6f,319bcfe3a0e38af45f368d2a53146165416d1a8a,b6fa729b1bc531e179aec3f3d7aa14cd8ef2015e,63fb255c894df1ba6d72b50bd0fb02d78bcee2af,0.0,1.0,0.0,0.9369604475729996,True,True,True,raw_counts_common_hvg2000_pca50_neighbors15_umap3,10,exclude_labels|normalize_total|log1p|highly_variable_genes|set_raw|subset_highly_variable|scale|pca|neighbors|umap,45,3264x19089,3264x2000,"{""completed_before_inference"": true, ""input_shape"": [3264, 19089], ""input_x_max"": 1054.0, ""input_x_min"": 1.0, ""model_coordinate_key_ready"": true, ""output_shape"": [3264, 2000], ""plot_coordinate_key_ready"": true, ""profile"": ""raw_counts_common_hvg2000_pca50_neighbors15_umap3"", ""random_seed"": 45, ""steps"": [{""operation"": ""exclude_labels"", ""parameters"": {""values"": []}, ""status"": ""applied""}, {""operation"": ""normalize_total"", ""parameters"": {""target_sum"": 10000.0}, ""status"": ""applied""}, {""operation"": ""log1p"", ""parameters"": {}, ""status"": ""applied""}, {""operation"": ""highly_variable_genes"", ""parameters"": {""flavor"": ""seurat"", ""n_top_genes"": 2000}, ""status"": ""applied""}, {""operation"": ""set_raw"", ""parameters"": {}, ""status"": ""applied""}, {""operation"": ""subset_highly_variable"", ""parameters"": {}, ""status"": ""applied""}, {""operation"": ""scale"", ""parameters"": {""max_value"": 10.0}, ""status"": ""applied""}, {""operation"": ""pca"", ""parameters"": {""n_comps"": 50, ""random_state"": 0, ""svd_solver"": ""arpack"", ""use_highly_variable"": false, ""zero_center"": true}, ""status"": ""applied""}, {""operation"": ""neighbors"", ""parameters"": {""method"": ""umap"", ""metric"": ""euclidean"", ""n_neighbors"": 15, ""n_pcs"": 30, ""random_state"": 0, ""use_rep"": ""X_pca""}, ""status"": ""applied""}, {""operation"": ""umap"", ""parameters"": {""min_dist"": 0.3, ""n_components"": 3, ""preserve_existing"": false, ""random_state"": 0}, ""status"": ""applied""}]}"
5,46,46,20,curated_reference_real,curated_annotation_literature_lineage_graph,2,78,0.0008556869773802,0.9842941807256852,68,71.48903250001604,84.32068780000554,155.80972030002158,41.95014380000066,1326.125,543.1328125,"[234,1115,1438,237,140,243,671,2399,2301,838,2792,2798,2022,509,1447,68,2896,2267,1866,1750,1681,1743,679,1291,2131,2313,2765,1207,1986,1929,167,1662,1491,676,1969,1648,1578,361,2933,3096,2988,2274,1206,1378,2726,3031,1726,2654,2784,2170,1615,3206,863,481,1234]","[234,1115,1438,237,140,243,671,2399,2301,838,2792,2798,2022,509,1447,68,2896,2267,1866,1750,1681,1743,679,1291,2131,2313,2765,1207,1986,1929,345,3229,2677,1011,438,668,425,2374,1760,1997,2438,124,807,1080,2179,2414,1171,1530,2952,2011,191,2995,1082]","[234,1115,1438,237,140,243,671,2399,2301,838,2792,2798,2022,509,1447,68,2896,2267,1866,1750,1681,1743,679,1291,2131,2313,2765,1207,1986,1929,167,1662,1491,676,1969,1648,1578,361,2933,3096,2988,2274,1206,1378,2726,3031,1726,2654,2784,2170,1615,3206,863,481,1234]",0.9303584341881896,0.9328655290223212,0.8115330298797817,"[234,1115,1438,237,140,243,671,2399,2301,838,2792,2798,2022,509,1447,68,2896,2267,1866,1750,1681,1743,679,1291,2131,2313,2765,1207,1986,1929,345,3229,2677,1011,438,668,425,2374,1760,1997,2438,124,807,1080,2179,2414,1171,1530,2952,2011,191,2995,1082]",0.8998312828637667,0.9072546935996404,0.7784481338291682,0.911044744393224,0.9105305277026672,0.7870260847332711,0.8898326646844369,0.8609106478008324,0.7294064440802233,Real-data scores measure agreement with the configured coarse curated reference; they are not absolute biological ground truth.,0.6806647507467408,0.4824884885645896,0.8775665823705981,0.8711615973360364,0.707863882982171,0.3278119452255516,0.2874021966744146,15,12,"{""C1QA"": 0.2668727337313916, ""C1QB"": 0.14459648133684777, ""CCR2"": -0.09291252277851082, ""CD1C"": 0.24517363290934194, ""CD74"": 0.6571961417818142, ""CLEC10A"": 0.31395271274817826, ""CLEC5A"": -0.20865822251981458, ""CSF1R"": 0.4562418157506766, ""FCGR3A"": 0.4994092817909167, ""PKIB"": 0.184907293112064, ""RETN"": -0.3079316596174377, ""SELL"": -0.5558908446296253}",success,,official R dyneval on exported dynwrap trajectories,"Saelens et al., Nature Biotechnology (2019), doi:10.1038/s41587-019-0071-9",v2.0,4.6.1,0.9.9,1.3.0,1.0.1,1.1.0,daeb26af7d40c21b32283af31beb17a8ee8c3c6f,319bcfe3a0e38af45f368d2a53146165416d1a8a,b6fa729b1bc531e179aec3f3d7aa14cd8ef2015e,63fb255c894df1ba6d72b50bd0fb02d78bcee2af,0.0,1.0,0.0,0.952343387800668,True,True,True,raw_counts_common_hvg2000_pca50_neighbors15_umap3,10,exclude_labels|normalize_total|log1p|highly_variable_genes|set_raw|subset_highly_variable|scale|pca|neighbors|umap,46,3264x19089,3264x2000,"{""completed_before_inference"": true, ""input_shape"": [3264, 19089], ""input_x_max"": 1054.0, ""input_x_min"": 1.0, ""model_coordinate_key_ready"": true, ""output_shape"": [3264, 2000], ""plot_coordinate_key_ready"": true, ""profile"": ""raw_counts_common_hvg2000_pca50_neighbors15_umap3"", ""random_seed"": 46, ""steps"": [{""operation"": ""exclude_labels"", ""parameters"": {""values"": []}, ""status"": ""applied""}, {""operation"": ""normalize_total"", ""parameters"": {""target_sum"": 10000.0}, ""status"": ""applied""}, {""operation"": ""log1p"", ""parameters"": {}, ""status"": ""applied""}, {""operation"": ""highly_variable_genes"", ""parameters"": {""flavor"": ""seurat"", ""n_top_genes"": 2000}, ""status"": ""applied""}, {""operation"": ""set_raw"", ""parameters"": {}, ""status"": ""applied""}, {""operation"": ""subset_highly_variable"", ""parameters"": {}, ""status"": ""applied""}, {""operation"": ""scale"", ""parameters"": {""max_value"": 10.0}, ""status"": ""applied""}, {""operation"": ""pca"", ""parameters"": {""n_comps"": 50, ""random_state"": 0, ""svd_solver"": ""arpack"", ""use_highly_variable"": false, ""zero_center"": true}, ""status"": ""applied""}, {""operation"": ""neighbors"", ""parameters"": {""method"": ""umap"", ""metric"": ""euclidean"", ""n_neighbors"": 15, ""n_pcs"": 30, ""random_state"": 0, ""use_rep"": ""X_pca""}, ""status"": ""applied""}, {""operation"": ""umap"", ""parameters"": {""min_dist"": 0.3, ""n_components"": 3, ""preserve_existing"": false, ""random_state"": 0}, ""status"": ""applied""}]}"
6,47,47,20,curated_reference_real,curated_annotation_literature_lineage_graph,2,65,0.0002562964507451,0.9962725451250676,46,72.43212180002593,85.35210820002249,157.7842300000484,34.194322199968155,1327.5859375,543.8046875,"[234,2888,2625,1818,1499,870,381,3062,207,3152,1344,858,1387,1891,2355,1415,1095,101,1121,1928,2240,46,1157,2412,2327,1311,981,2467,2149,2438,1391,73,1772,976,2863,558,1290,1390,69,2269,2037,1206,336,1326,1102,3163,18,2789,447,2385,2379,2453,2990,1823,1234]","[234,2888,2625,1818,1499,870,381,3062,207,3152,1344,858,1387,1891,2355,1415,1095,101,1121,1928,2240,46,1157,2412,2327,1311,981,2467,2149,2438,1103,2169,2594,1646,1171,2952,636,1318,2544,1082]","[234,2888,2625,1818,1499,870,381,3062,207,3152,1344,858,1387,1891,2355,1415,1095,101,1121,1928,2240,46,1157,2412,2327,1311,981,2467,2149,2438,1391,73,1772,976,2863,558,1290,1390,69,2269,2037,1206,336,1326,1102,3163,18,2789,447,2385,2379,2453,2990,1823,1234]",0.8999291143742617,0.9001780698791153,0.7785008578733895,"[234,2888,2625,1818,1499,870,381,3062,207,3152,1344,858,1387,1891,2355,1415,1095,101,1121,1928,2240,46,1157,2412,2327,1311,981,2467,2149,2438,1103,2169,2594,1646,1171,2952,636,1318,2544,1082]",0.8706525456564516,0.8727692013351811,0.7502136447842793,0.8575230604440264,0.8566673328057455,0.7330685355533886,0.8445045956837505,0.7736388632505637,0.6512475054018109,Real-data scores measure agreement with the configured coarse curated reference; they are not absolute biological ground truth.,0.7205291373103202,0.7311955241690514,0.888090613569759,0.9115970075647511,0.8081394556006739,0.3220089025715226,0.280425794229944,15,12,"{""C1QA"": 0.26158398933532256, ""C1QB"": 0.14400094192958512, ""CCR2"": -0.14599386016506197, ""CD1C"": 0.2215670580778011, ""CD74"": 0.5940217063152073, ""CLEC10A"": 0.29926759912456546, ""CLEC5A"": -0.20350258247727004, ""CSF1R"": 0.43268444490399033, ""FCGR3A"": 0.49578800922422334, ""PKIB"": 0.17323333821259507, ""RETN"": -0.3258693289081766, ""SELL"": -0.5665939721844728}",success,,official R dyneval on exported dynwrap trajectories,"Saelens et al., Nature Biotechnology (2019), doi:10.1038/s41587-019-0071-9",v2.0,4.6.1,0.9.9,1.3.0,1.0.1,1.1.0,daeb26af7d40c21b32283af31beb17a8ee8c3c6f,319bcfe3a0e38af45f368d2a53146165416d1a8a,b6fa729b1bc531e179aec3f3d7aa14cd8ef2015e,63fb255c894df1ba6d72b50bd0fb02d78bcee2af,0.0,1.0,0.0,0.9494713754756816,True,True,True,raw_counts_common_hvg2000_pca50_neighbors15_umap3,10,exclude_labels|normalize_total|log1p|highly_variable_genes|set_raw|subset_highly_variable|scale|pca|neighbors|umap,47,3264x19089,3264x2000,"{""completed_before_inference"": true, ""input_shape"": [3264, 19089], ""input_x_max"": 1054.0, ""input_x_min"": 1.0, ""model_coordinate_key_ready"": true, ""output_shape"": [3264, 2000], ""plot_coordinate_key_ready"": true, ""profile"": ""raw_counts_common_hvg2000_pca50_neighbors15_umap3"", ""random_seed"": 47, ""steps"": [{""operation"": ""exclude_labels"", ""parameters"": {""values"": []}, ""status"": ""applied""}, {""operation"": ""normalize_total"", ""parameters"": {""target_sum"": 10000.0}, ""status"": ""applied""}, {""operation"": ""log1p"", ""parameters"": {}, ""status"": ""applied""}, {""operation"": ""highly_variable_genes"", ""parameters"": {""flavor"": ""seurat"", ""n_top_genes"": 2000}, ""status"": ""applied""}, {""operation"": ""set_raw"", ""parameters"": {}, ""status"": ""applied""}, {""operation"": ""subset_highly_variable"", ""parameters"": {}, ""status"": ""applied""}, {""operation"": ""scale"", ""parameters"": {""max_value"": 10.0}, ""status"": ""applied""}, {""operation"": ""pca"", ""parameters"": {""n_comps"": 50, ""random_state"": 0, ""svd_solver"": ""arpack"", ""use_highly_variable"": false, ""zero_center"": true}, ""status"": ""applied""}, {""operation"": ""neighbors"", ""parameters"": {""method"": ""umap"", ""metric"": ""euclidean"", ""n_neighbors"": 15, ""n_pcs"": 30, ""random_state"": 0, ""use_rep"": ""X_pca""}, ""status"": ""applied""}, {""operation"": ""umap"", ""parameters"": {""min_dist"": 0.3, ""n_components"": 3, ""preserve_existing"": false, ""random_state"": 0}, ""status"": ""applied""}]}"
7,48,48,20,curated_reference_real,curated_annotation_literature_lineage_graph,2,91,0.0010256230316794,0.9870150339330944,234,64.87975309998728,73.27078029996483,138.1505333999521,35.880522699968424,1327.09765625,543.21484375,"[234,2888,551,2763,479,1059,682,1771,3111,2156,2755,1100,2096,3098,1693,2649,1519,15,2788,1241,1533,2497,441,3179,37,926,596,2513,175,304,1627,2409,1883,2397,1443,1686,2429,2796,1506,2795,2522,1209,2981,2090,2508,2692,2281,1733,2507,1691,1234]","[234,2888,551,2617,3026,2672,248,1428,547,1765,1593,1745,542,555,3231,2710,1478,2953,3102,101,872,913,1928,2240,2161,205,2690,3034,2893,321,197,2167,3036,2562,2663,1617,2414,920,1530,2011,191,2995,1082]","[234,2888,551,2763,479,1059,682,1771,3111,2156,2755,1100,2096,3098,1693,2649,1519,15,2788,1241,1533,2497,441,3179,37,926,596,2513,175,304,1627,2409,1883,2397,1443,1686,2429,2796,1506,2795,2522,1209,2981,2090,2508,2692,2281,1733,2507,1691,1234]",0.9226782121555588,0.9231500920504596,0.8030821830862387,"[234,2888,551,2617,3026,2672,248,1428,547,1765,1593,1745,542,555,3231,2710,1478,2953,3102,101,872,913,1928,2240,2161,205,2690,3034,2893,321,197,2167,3036,2562,2663,1617,2414,920,1530,2011,191,2995,1082]",0.9022123381156756,0.9062853113336397,0.781854002396306,0.910419399489336,0.91270670644454,0.7883494059395484,0.8842514652274134,0.8515262646107115,0.7215799049773267,Real-data scores measure agreement with the configured coarse curated reference; they are not absolute biological ground truth.,0.5299319764244451,0.2714863650001389,0.5793733464536035,0.9694472260171398,0.533166321100938,0.3306007489064991,0.2862392192839595,15,12,"{""C1QA"": 0.2638459768482175, ""C1QB"": 0.1415644790848564, ""CCR2"": -0.09333751652563851, ""CD1C"": 0.2496039544548454, ""CD74"": 0.6614455705180244, ""CLEC10A"": 0.31770563290074416, ""CLEC5A"": -0.21354150845093267, ""CSF1R"": 0.46555085100648474, ""FCGR3A"": 0.49655302661567213, ""PKIB"": 0.1882747753642565, ""RETN"": -0.30863246171970166, ""SELL"": -0.5671532333886148}",success,,official R dyneval on exported dynwrap trajectories,"Saelens et al., Nature Biotechnology (2019), doi:10.1038/s41587-019-0071-9",v2.0,4.6.1,0.9.9,1.3.0,1.0.1,1.1.0,daeb26af7d40c21b32283af31beb17a8ee8c3c6f,319bcfe3a0e38af45f368d2a53146165416d1a8a,b6fa729b1bc531e179aec3f3d7aa14cd8ef2015e,63fb255c894df1ba6d72b50bd0fb02d78bcee2af,0.0,1.0,0.0,0.9207267871805362,True,True,True,raw_counts_common_hvg2000_pca50_neighbors15_umap3,10,exclude_labels|normalize_total|log1p|highly_variable_genes|set_raw|subset_highly_variable|scale|pca|neighbors|umap,48,3264x19089,3264x2000,"{""completed_before_inference"": true, ""input_shape"": [3264, 19089], ""input_x_max"": 1054.0, ""input_x_min"": 1.0, ""model_coordinate_key_ready"": true, ""output_shape"": [3264, 2000], ""plot_coordinate_key_ready"": true, ""profile"": ""raw_counts_common_hvg2000_pca50_neighbors15_umap3"", ""random_seed"": 48, ""steps"": [{""operation"": ""exclude_labels"", ""parameters"": {""values"": []}, ""status"": ""applied""}, {""operation"": ""normalize_total"", ""parameters"": {""target_sum"": 10000.0}, ""status"": ""applied""}, {""operation"": ""log1p"", ""parameters"": {}, ""status"": ""applied""}, {""operation"": ""highly_variable_genes"", ""parameters"": {""flavor"": ""seurat"", ""n_top_genes"": 2000}, ""status"": ""applied""}, {""operation"": ""set_raw"", ""parameters"": {}, ""status"": ""applied""}, {""operation"": ""subset_highly_variable"", ""parameters"": {}, ""status"": ""applied""}, {""operation"": ""scale"", ""parameters"": {""max_value"": 10.0}, ""status"": ""applied""}, {""operation"": ""pca"", ""parameters"": {""n_comps"": 50, ""random_state"": 0, ""svd_solver"": ""arpack"", ""use_highly_variable"": false, ""zero_center"": true}, ""status"": ""applied""}, {""operation"": ""neighbors"", ""parameters"": {""method"": ""umap"", ""metric"": ""euclidean"", ""n_neighbors"": 15, ""n_pcs"": 30, ""random_state"": 0, ""use_rep"": ""X_pca""}, ""status"": ""applied""}, {""operation"": ""umap"", ""parameters"": {""min_dist"": 0.3, ""n_components"": 3, ""preserve_existing"": false, ""random_state"": 0}, ""status"": ""applied""}]}"
8,49,49,20,curated_reference_real,curated_annotation_literature_lineage_graph,2,63,0.0090527050821589,0.9206847292763464,24,63.69729000004008,69.26725910004461,132.9645491000847,34.72685249999631,1327.59765625,543.84375,"[234,2767,1438,24,1847,960,591,287,1753,1361,2716,2114,842,1764,562,629,97,1143,2694,1958,1413,2486,2452,2353,1088,425,563,2743,1760,853,1821,1290,959,2058,1426,2303,1915,3181,377,2287,1209,2057,2508,2784,2692,974,2501,929,1336,1305,1234]","[234,2767,1438,24,1847,960,591,287,1753,1361,2716,2114,842,1764,562,629,97,1143,2694,1958,1413,2486,2452,2353,1088,425,563,2743,3036,1579,2192,341,2594,17,2908,2188,1810,1318,1159,1082]","[234,2767,1438,24,1847,960,591,287,1753,1361,2716,2114,842,1764,562,629,97,1143,2694,1958,1413,2486,2452,2353,1088,425,563,2743,1760,853,1821,1290,959,2058,1426,2303,1915,3181,377,2287,1209,2057,2508,2784,2692,974,2501,929,1336,1305,1234]",0.9159844964528436,0.9168181482067796,0.7955856798866225,"[234,2767,1438,24,1847,960,591,287,1753,1361,2716,2114,842,1764,562,629,97,1143,2694,1958,1413,2486,2452,2353,1088,425,563,2743,3036,1579,2192,341,2594,17,2908,2188,1810,1318,1159,1082]",0.8783813423035141,0.8794907129039135,0.7587396862315277,0.9015233894392508,0.9136204353867324,0.7889519799921346,0.8986846301242213,0.8723289338204971,0.7394810708162698,Real-data scores measure agreement with the configured coarse curated reference; they are not absolute biological ground truth.,0.7244705522155506,0.725412902286679,0.901443570282604,0.8677558519402211,0.8007289442151103,0.3282528505105505,0.283286925643651,15,12,"{""C1QA"": 0.27060383762694695, ""C1QB"": 0.1504275841399328, ""CCR2"": -0.0813685474834713, ""CD1C"": 0.2597144247848006, ""CD74"": 0.6717250910481953, ""CLEC10A"": 0.3288036400893964, ""CLEC5A"": -0.19946351904794746, ""CSF1R"": 0.45805414655401067, ""FCGR3A"": 0.48884022313985087, ""PKIB"": 0.19784882611995414, ""RETN"": -0.295970013660355, ""SELL"": -0.5362143524317444}",success,,official R dyneval on exported dynwrap trajectories,"Saelens et al., Nature Biotechnology (2019), doi:10.1038/s41587-019-0071-9",v2.0,4.6.1,0.9.9,1.3.0,1.0.1,1.1.0,daeb26af7d40c21b32283af31beb17a8ee8c3c6f,319bcfe3a0e38af45f368d2a53146165416d1a8a,b6fa729b1bc531e179aec3f3d7aa14cd8ef2015e,63fb255c894df1ba6d72b50bd0fb02d78bcee2af,0.0,1.0,0.0,0.901466579760824,True,True,True,raw_counts_common_hvg2000_pca50_neighbors15_umap3,10,exclude_labels|normalize_total|log1p|highly_variable_genes|set_raw|subset_highly_variable|scale|pca|neighbors|umap,49,3264x19089,3264x2000,"{""completed_before_inference"": true, ""input_shape"": [3264, 19089], ""input_x_max"": 1054.0, ""input_x_min"": 1.0, ""model_coordinate_key_ready"": true, ""output_shape"": [3264, 2000], ""plot_coordinate_key_ready"": true, ""profile"": ""raw_counts_common_hvg2000_pca50_neighbors15_umap3"", ""random_seed"": 49, ""steps"": [{""operation"": ""exclude_labels"", ""parameters"": {""values"": []}, ""status"": ""applied""}, {""operation"": ""normalize_total"", ""parameters"": {""target_sum"": 10000.0}, ""status"": ""applied""}, {""operation"": ""log1p"", ""parameters"": {}, ""status"": ""applied""}, {""operation"": ""highly_variable_genes"", ""parameters"": {""flavor"": ""seurat"", ""n_top_genes"": 2000}, ""status"": ""applied""}, {""operation"": ""set_raw"", ""parameters"": {}, ""status"": ""applied""}, {""operation"": ""subset_highly_variable"", ""parameters"": {}, ""status"": ""applied""}, {""operation"": ""scale"", ""parameters"": {""max_value"": 10.0}, ""status"": ""applied""}, {""operation"": ""pca"", ""parameters"": {""n_comps"": 50, ""random_state"": 0, ""svd_solver"": ""arpack"", ""use_highly_variable"": false, ""zero_center"": true}, ""status"": ""applied""}, {""operation"": ""neighbors"", ""parameters"": {""method"": ""umap"", ""metric"": ""euclidean"", ""n_neighbors"": 15, ""n_pcs"": 30, ""random_state"": 0, ""use_rep"": ""X_pca""}, ""status"": ""applied""}, {""operation"": ""umap"", ""parameters"": {""min_dist"": 0.3, ""n_components"": 3, ""preserve_existing"": false, ""random_state"": 0}, ""status"": ""applied""}]}"
9,50,50,20,curated_reference_real,curated_annotation_literature_lineage_graph,2,72,0.0017051050412267,0.9673123551645224,234,64.99049579998245,73.27190759999212,138.26240339997457,35.783036799984984,1328.0625,543.90625,"[234,2357,532,2880,2492,2498,594,748,3132,2904,311,295,542,703,1251,1493,355,799,1505,913,2703,1176,351,1350,2851,918,2060,2167,2106,973,2312,146,318,272,3129,1355,2568,2215,33,423,3100,2756,45,2535,18,2866,1110,50,2496,416,1150,1212,3011,286,2905,1336,1616,2460,1234]","[234,2357,532,2880,2492,2498,594,748,3132,2904,311,295,542,703,1251,1493,355,799,1505,913,2703,1176,351,1350,2851,918,1192,1579,470,2663,1628,327,2414,2908,2952,636,1318,2029,1082]","[234,2357,532,2880,2492,2498,594,748,3132,2904,311,295,542,703,1251,1493,355,799,1505,913,2703,1176,351,1350,2851,918,2060,2167,2106,973,2312,146,318,272,3129,1355,2568,2215,33,423,3100,2756,45,2535,18,2866,1110,50,2496,416,1150,1212,3011,286,2905,1336,1616,2460,1234]",0.9228438174479304,0.925997253480638,0.8025849115352235,"[234,2357,532,2880,2492,2498,594,748,3132,2904,311,295,542,703,1251,1493,355,799,1505,913,2703,1176,351,1350,2851,918,1192,1579,470,2663,1628,327,2414,2908,2952,636,1318,2029,1082]",0.8849466194158544,0.8862312574949338,0.7655842947638983,0.9086098313113664,0.9081185437602196,0.7821844187939899,0.8756294235431711,0.8339702083753799,0.7059764486336012,Real-data scores measure agreement with the configured coarse curated reference; they are not absolute biological ground truth.,0.6858755245589351,0.6735636654394065,0.8987775836031551,0.8649800022969453,0.7741418821738212,0.3278740617252967,0.2880419887937275,15,12,"{""C1QA"": 0.26228384354155015, ""C1QB"": 0.14408143272337431, ""CCR2"": -0.12017788450928735, ""CD1C"": 0.24329049990282473, ""CD74"": 0.6301716078663618, ""CLEC10A"": 0.3138001340459049, ""CLEC5A"": -0.20388544562153293, ""CSF1R"": 0.44479934407814253, ""FCGR3A"": 0.49143389511538005, ""PKIB"": 0.1903813585389945, ""RETN"": -0.32307471082997513, ""SELL"": -0.5671085839302314}",success,,official R dyneval on exported dynwrap trajectories,"Saelens et al., Nature Biotechnology (2019), doi:10.1038/s41587-019-0071-9",v2.0,4.6.1,0.9.9,1.3.0,1.0.1,1.1.0,daeb26af7d40c21b32283af31beb17a8ee8c3c6f,319bcfe3a0e38af45f368d2a53146165416d1a8a,b6fa729b1bc531e179aec3f3d7aa14cd8ef2015e,63fb255c894df1ba6d72b50bd0fb02d78bcee2af,0.0,1.0,0.0,0.9639506050497288,True,True,True,raw_counts_common_hvg2000_pca50_neighbors15_umap3,10,exclude_labels|normalize_total|log1p|highly_variable_genes|set_raw|subset_highly_variable|scale|pca|neighbors|umap,50,3264x19089,3264x2000,"{""completed_before_inference"": true, ""input_shape"": [3264, 19089], ""input_x_max"": 1054.0, ""input_x_min"": 1.0, ""model_coordinate_key_ready"": true, ""output_shape"": [3264, 2000], ""plot_coordinate_key_ready"": true, ""profile"": ""raw_counts_common_hvg2000_pca50_neighbors15_umap3"", ""random_seed"": 50, ""steps"": [{""operation"": ""exclude_labels"", ""parameters"": {""values"": []}, ""status"": ""applied""}, {""operation"": ""normalize_total"", ""parameters"": {""target_sum"": 10000.0}, ""status"": ""applied""}, {""operation"": ""log1p"", ""parameters"": {}, ""status"": ""applied""}, {""operation"": ""highly_variable_genes"", ""parameters"": {""flavor"": ""seurat"", ""n_top_genes"": 2000}, ""status"": ""applied""}, {""operation"": ""set_raw"", ""parameters"": {}, ""status"": ""applied""}, {""operation"": ""subset_highly_variable"", ""parameters"": {}, ""status"": ""applied""}, {""operation"": ""scale"", ""parameters"": {""max_value"": 10.0}, ""status"": ""applied""}, {""operation"": ""pca"", ""parameters"": {""n_comps"": 50, ""random_state"": 0, ""svd_solver"": ""arpack"", ""use_highly_variable"": false, ""zero_center"": true}, ""status"": ""applied""}, {""operation"": ""neighbors"", ""parameters"": {""method"": ""umap"", ""metric"": ""euclidean"", ""n_neighbors"": 15, ""n_pcs"": 30, ""random_state"": 0, ""use_rep"": ""X_pca""}, ""status"": ""applied""}, {""operation"": ""umap"", ""parameters"": {""min_dist"": 0.3, ""n_components"": 3, ""preserve_existing"": false, ""random_state"": 0}, ""status"": ""applied""}]}"
10,51,51,20,curated_reference_real,curated_annotation_literature_lineage_graph,2,73,0.000540816022171,0.9914763865869608,180,65.11012710002251,72.25127309997333,137.36140019999584,38.203821199946105,1326.41015625,542.328125,"[234,2173,2525,580,261,2740,1724,1707,917,2755,507,1371,1745,542,555,3231,1649,3083,792,180,1095,2747,202,3151,2459,1011,2677,668,1964,1197,3024,2469,249,1309,633,844,1495,1390,3060,225,2443,1512,1374,423,377,2237,18,1690,2964,1845,2036,1449,1773,2101,2248,2200,2905,1336,1823,1234]","[234,2173,2525,580,261,2740,1724,1707,917,2755,507,1371,1745,542,555,3231,1649,3083,792,180,1095,2747,202,3151,2459,3204,563,1636,1391,2562,2663,1646,920,1530,1966,2500,705,1082]","[234,2173,2525,580,261,2740,1724,1707,917,2755,507,1371,1745,542,555,3231,1649,3083,792,180,1095,2747,202,3151,2459,1011,2677,668,1964,1197,3024,2469,249,1309,633,844,1495,1390,3060,225,2443,1512,1374,423,377,2237,18,1690,2964,1845,2036,1449,1773,2101,2248,2200,2905,1336,1823,1234]",0.9343092851374118,0.934309284791078,0.8137427903483972,"[234,2173,2525,580,261,2740,1724,1707,917,2755,507,1371,1745,542,555,3231,1649,3083,792,180,1095,2747,202,3151,2459,3204,563,1636,1391,2562,2663,1646,920,1530,1966,2500,705,1082]",0.8950468127022728,0.9014300521349,0.7804001455139988,0.9007772618363244,0.912349450601925,0.7876134618630621,0.8621844588361922,0.8041877809962347,0.6792228159280397,Real-data scores measure agreement with the configured coarse curated reference; they are not absolute biological ground truth.,0.7407842558428172,0.5229306808955535,0.9017938987304208,0.8887735494208805,0.7464634885628868,0.327192376297433,0.2857130190427515,15,12,"{""C1QA"": 0.2619047675513757, ""C1QB"": 0.142428491766598, ""CCR2"": -0.1236213428845396, ""CD1C"": 0.23594988475507306, ""CD74"": 0.6271845556092553, ""CLEC10A"": 0.3095212705341273, ""CLEC5A"": -0.20456500545224113, ""CSF1R"": 0.4448836174982238, ""FCGR3A"": 0.49805581036489843, ""PKIB"": 0.1809795336941753, ""RETN"": -0.32356958718062656, ""SELL"": -0.5736446482780622}",success,,official R dyneval on exported dynwrap trajectories,"Saelens et al., Nature Biotechnology (2019), doi:10.1038/s41587-019-0071-9",v2.0,4.6.1,0.9.9,1.3.0,1.0.1,1.1.0,daeb26af7d40c21b32283af31beb17a8ee8c3c6f,319bcfe3a0e38af45f368d2a53146165416d1a8a,b6fa729b1bc531e179aec3f3d7aa14cd8ef2015e,63fb255c894df1ba6d72b50bd0fb02d78bcee2af,0.0,1.0,0.0,0.962795880478644,True,True,True,raw_counts_common_hvg2000_pca50_neighbors15_umap3,10,exclude_labels|normalize_total|log1p|highly_variable_genes|set_raw|subset_highly_variable|scale|pca|neighbors|umap,51,3264x19089,3264x2000,"{""completed_before_inference"": true, ""input_shape"": [3264, 19089], ""input_x_max"": 1054.0, ""input_x_min"": 1.0, ""model_coordinate_key_ready"": true, ""output_shape"": [3264, 2000], ""plot_coordinate_key_ready"": true, ""profile"": ""raw_counts_common_hvg2000_pca50_neighbors15_umap3"", ""random_seed"": 51, ""steps"": [{""operation"": ""exclude_labels"", ""parameters"": {""values"": []}, ""status"": ""applied""}, {""operation"": ""normalize_total"", ""parameters"": {""target_sum"": 10000.0}, ""status"": ""applied""}, {""operation"": ""log1p"", ""parameters"": {}, ""status"": ""applied""}, {""operation"": ""highly_variable_genes"", ""parameters"": {""flavor"": ""seurat"", ""n_top_genes"": 2000}, ""status"": ""applied""}, {""operation"": ""set_raw"", ""parameters"": {}, ""status"": ""applied""}, {""operation"": ""subset_highly_variable"", ""parameters"": {}, ""status"": ""applied""}, {""operation"": ""scale"", ""parameters"": {""max_value"": 10.0}, ""status"": ""applied""}, {""operation"": ""pca"", ""parameters"": {""n_comps"": 50, ""random_state"": 0, ""svd_solver"": ""arpack"", ""use_highly_variable"": false, ""zero_center"": true}, ""status"": ""applied""}, {""operation"": ""neighbors"", ""parameters"": {""method"": ""umap"", ""metric"": ""euclidean"", ""n_neighbors"": 15, ""n_pcs"": 30, ""random_state"": 0, ""use_rep"": ""X_pca""}, ""status"": ""applied""}, {""operation"": ""umap"", ""parameters"": {""min_dist"": 0.3, ""n_components"": 3, ""preserve_existing"": false, ""random_state"": 0}, ""status"": ""applied""}]}"
11,52,52,20,curated_reference_real,curated_annotation_literature_lineage_graph,2,65,0.0030649454090053,0.9527199049461128,211,64.21550410002237,72.65500639996026,136.87051049998263,37.08854889997747,1326.94140625,544.0546875,"[234,523,1315,2666,261,2740,2005,1752,1597,522,211,2897,1353,1532,505,794,1308,2639,2662,560,2878,2846,401,801,209,676,178,2195,1352,622,1098,3130,634,1158,1915,423,3100,2910,2981,2605,2760,2692,1124,1025,185,948,1234]","[234,523,1315,2666,261,2740,2005,1752,1597,522,211,2897,1353,1532,505,794,1308,2639,2662,560,2878,2846,401,1980,1299,472,2838,1779,1391,2562,732,421,1080,1646,1424,628,954,572,191,465,1082]","[234,523,1315,2666,261,2740,2005,1752,1597,522,211,2897,1353,1532,505,794,1308,2639,2662,560,2878,2846,401,801,209,676,178,2195,1352,622,1098,3130,634,1158,1915,423,3100,2910,2981,2605,2760,2692,1124,1025,185,948,1234]",0.9260524081836606,0.9258697233492272,0.8065401457661733,"[234,523,1315,2666,261,2740,2005,1752,1597,522,211,2897,1353,1532,505,794,1308,2639,2662,560,2878,2846,401,1980,1299,472,2838,1779,1391,2562,732,421,1080,1646,1424,628,954,572,191,465,1082]",0.8904587655975279,0.893656414461485,0.7711406683134493,0.9079991953710416,0.9106618258634424,0.7879157870470386,0.8920533822204537,0.8641890392030687,0.7328908128581856,Real-data scores measure agreement with the configured coarse curated reference; they are not absolute biological ground truth.,0.6719188012763759,0.5193470485912398,0.8719215692257312,0.8807183396102526,0.7194858060343954,0.3307838366990858,0.2916099840170628,15,12,"{""C1QA"": 0.2669569200125174, ""C1QB"": 0.1448883806951424, ""CCR2"": -0.10823002569532553, ""CD1C"": 0.2432662671823976, ""CD74"": 0.6534870799818432, ""CLEC10A"": 0.31626304802160826, ""CLEC5A"": -0.2066180359081457, ""CSF1R"": 0.46050599174911444, ""FCGR3A"": 0.49828580556402435, ""PKIB"": 0.1856996625017952, ""RETN"": -0.31774248784460823, ""SELL"": -0.5674623352325073}",success,,official R dyneval on exported dynwrap trajectories,"Saelens et al., Nature Biotechnology (2019), doi:10.1038/s41587-019-0071-9",v2.0,4.6.1,0.9.9,1.3.0,1.0.1,1.1.0,daeb26af7d40c21b32283af31beb17a8ee8c3c6f,319bcfe3a0e38af45f368d2a53146165416d1a8a,b6fa729b1bc531e179aec3f3d7aa14cd8ef2015e,63fb255c894df1ba6d72b50bd0fb02d78bcee2af,0.0,1.0,0.0,0.93138992824299,True,True,True,raw_counts_common_hvg2000_pca50_neighbors15_umap3,10,exclude_labels|normalize_total|log1p|highly_variable_genes|set_raw|subset_highly_variable|scale|pca|neighbors|umap,52,3264x19089,3264x2000,"{""completed_before_inference"": true, ""input_shape"": [3264, 19089], ""input_x_max"": 1054.0, ""input_x_min"": 1.0, ""model_coordinate_key_ready"": true, ""output_shape"": [3264, 2000], ""plot_coordinate_key_ready"": true, ""profile"": ""raw_counts_common_hvg2000_pca50_neighbors15_umap3"", ""random_seed"": 52, ""steps"": [{""operation"": ""exclude_labels"", ""parameters"": {""values"": []}, ""status"": ""applied""}, {""operation"": ""normalize_total"", ""parameters"": {""target_sum"": 10000.0}, ""status"": ""applied""}, {""operation"": ""log1p"", ""parameters"": {}, ""status"": ""applied""}, {""operation"": ""highly_variable_genes"", ""parameters"": {""flavor"": ""seurat"", ""n_top_genes"": 2000}, ""status"": ""applied""}, {""operation"": ""set_raw"", ""parameters"": {}, ""status"": ""applied""}, {""operation"": ""subset_highly_variable"", ""parameters"": {}, ""status"": ""applied""}, {""operation"": ""scale"", ""parameters"": {""max_value"": 10.0}, ""status"": ""applied""}, {""operation"": ""pca"", ""parameters"": {""n_comps"": 50, ""random_state"": 0, ""svd_solver"": ""arpack"", ""use_highly_variable"": false, ""zero_center"": true}, ""status"": ""applied""}, {""operation"": ""neighbors"", ""parameters"": {""method"": ""umap"", ""metric"": ""euclidean"", ""n_neighbors"": 15, ""n_pcs"": 30, ""random_state"": 0, ""use_rep"": ""X_pca""}, ""status"": ""applied""}, {""operation"": ""umap"", ""parameters"": {""min_dist"": 0.3, ""n_components"": 3, ""preserve_existing"": false, ""random_state"": 0}, ""status"": ""applied""}]}"
12,53,53,20,curated_reference_real,curated_annotation_literature_lineage_graph,2,62,0.0010623379153577,0.9859129971064748,234,64.77409339998849,74.58675810002023,139.36085150000872,35.528874600015115,1328.00390625,544.20703125,"[234,2888,2670,2832,344,1544,262,2273,2911,837,2629,782,521,542,703,1493,2585,2053,454,913,2703,328,3213,1157,2787,2690,3034,2750,1188,1183,2791,2484,3050,511,1486,1685,1426,2215,1450,3181,377,2237,45,1451,1845,666,730,2758,2905,1336,481,1234]","[234,2888,2670,2832,344,1544,262,2273,2911,837,2629,782,521,542,703,1493,2585,2053,454,913,2703,328,3213,1157,2787,2690,3034,2291,2860,2427,327,920,1530,1966,2500,465,1082]","[234,2888,2670,2832,344,1544,262,2273,2911,837,2629,782,521,542,703,1493,2585,2053,454,913,2703,328,3213,1157,2787,2690,3034,2750,1188,1183,2791,2484,3050,511,1486,1685,1426,2215,1450,3181,377,2237,45,1451,1845,666,730,2758,2905,1336,481,1234]",0.926744805864228,0.926940746861922,0.8067422400855635,"[234,2888,2670,2832,344,1544,262,2273,2911,837,2629,782,521,542,703,1493,2585,2053,454,913,2703,328,3213,1157,2787,2690,3034,2291,2860,2427,327,920,1530,1966,2500,465,1082]",0.9082604032493616,0.911320196388306,0.7903410179403096,0.9206982049124732,0.9262694535576506,0.8035495241824986,0.8944811702694623,0.8628430120600267,0.7318355924038447,Real-data scores measure agreement with the configured coarse curated reference; they are not absolute biological ground truth.,0.666778612950581,0.6148616796955905,0.8915846017690681,0.8555685184616636,0.7478148945191097,0.3300230437091999,0.290876620037054,15,12,"{""C1QA"": 0.26429558975006606, ""C1QB"": 0.14138014067628552, ""CCR2"": -0.10499507274650266, ""CD1C"": 0.24666127445493627, ""CD74"": 0.6526506619918662, ""CLEC10A"": 0.31745765032404205, ""CLEC5A"": -0.2093275598608168, ""CSF1R"": 0.45683875288869613, ""FCGR3A"": 0.4952293689455341, ""PKIB"": 0.18858253621951035, ""RETN"": -0.31889717908056464, ""SELL"": -0.5639607375715787}",success,,official R dyneval on exported dynwrap trajectories,"Saelens et al., Nature Biotechnology (2019), doi:10.1038/s41587-019-0071-9",v2.0,4.6.1,0.9.9,1.3.0,1.0.1,1.1.0,daeb26af7d40c21b32283af31beb17a8ee8c3c6f,319bcfe3a0e38af45f368d2a53146165416d1a8a,b6fa729b1bc531e179aec3f3d7aa14cd8ef2015e,63fb255c894df1ba6d72b50bd0fb02d78bcee2af,0.0,1.0,0.0,0.9562704804946076,True,True,True,raw_counts_common_hvg2000_pca50_neighbors15_umap3,10,exclude_labels|normalize_total|log1p|highly_variable_genes|set_raw|subset_highly_variable|scale|pca|neighbors|umap,53,3264x19089,3264x2000,"{""completed_before_inference"": true, ""input_shape"": [3264, 19089], ""input_x_max"": 1054.0, ""input_x_min"": 1.0, ""model_coordinate_key_ready"": true, ""output_shape"": [3264, 2000], ""plot_coordinate_key_ready"": true, ""profile"": ""raw_counts_common_hvg2000_pca50_neighbors15_umap3"", ""random_seed"": 53, ""steps"": [{""operation"": ""exclude_labels"", ""parameters"": {""values"": []}, ""status"": ""applied""}, {""operation"": ""normalize_total"", ""parameters"": {""target_sum"": 10000.0}, ""status"": ""applied""}, {""operation"": ""log1p"", ""parameters"": {}, ""status"": ""applied""}, {""operation"": ""highly_variable_genes"", ""parameters"": {""flavor"": ""seurat"", ""n_top_genes"": 2000}, ""status"": ""applied""}, {""operation"": ""set_raw"", ""parameters"": {}, ""status"": ""applied""}, {""operation"": ""subset_highly_variable"", ""parameters"": {}, ""status"": ""applied""}, {""operation"": ""scale"", ""parameters"": {""max_value"": 10.0}, ""status"": ""applied""}, {""operation"": ""pca"", ""parameters"": {""n_comps"": 50, ""random_state"": 0, ""svd_solver"": ""arpack"", ""use_highly_variable"": false, ""zero_center"": true}, ""status"": ""applied""}, {""operation"": ""neighbors"", ""parameters"": {""method"": ""umap"", ""metric"": ""euclidean"", ""n_neighbors"": 15, ""n_pcs"": 30, ""random_state"": 0, ""use_rep"": ""X_pca""}, ""status"": ""applied""}, {""operation"": ""umap"", ""parameters"": {""min_dist"": 0.3, ""n_components"": 3, ""preserve_existing"": false, ""random_state"": 0}, ""status"": ""applied""}]}"
13,54,54,20,curated_reference_real,curated_annotation_literature_lineage_graph,2,60,0.0014284456156628,0.9801680554114732,228,65.78407930000685,69.90171619999455,135.6857955000014,31.32168009999441,1328.08984375,544.6875,"[234,3074,2670,2777,2492,1538,513,1981,311,2308,535,1022,2235,228,3061,579,2229,3167,2045,2637,2418,630,2128,1288,1311,2291,1657,2462,1714,2847,1390,1108,2443,1172,605,2522,1209,914,1690,1165,382,2496,1086,770,2095,929,2891,1336,1691,1234]","[234,3074,2670,2777,2492,1538,513,1981,311,2308,535,1022,2235,228,3061,579,2229,3167,2045,2637,2418,630,2128,1288,1311,2291,2860,369,1617,2414,239,954,1966,191,465,1082]","[234,3074,2670,2777,2492,1538,513,1981,311,2308,535,1022,2235,228,3061,579,2229,3167,2045,2637,2418,630,2128,1288,1311,2291,1657,2462,1714,2847,1390,1108,2443,1172,605,2522,1209,914,1690,1165,382,2496,1086,770,2095,929,2891,1336,1691,1234]",0.9173651189556468,0.9199026515644696,0.7974681937282867,"[234,3074,2670,2777,2492,1538,513,1981,311,2308,535,1022,2235,228,3061,579,2229,3167,2045,2637,2418,630,2128,1288,1311,2291,2860,369,1617,2414,239,954,1966,191,465,1082]",0.8827169320682056,0.8832269485188067,0.7643803765579241,0.8872116382164653,0.9055020691632972,0.7768740219795608,0.7967586571332163,0.7437075873248521,0.6252795742674645,Real-data scores measure agreement with the configured coarse curated reference; they are not absolute biological ground truth.,0.732910547672277,0.6969148630005667,0.8758102107436445,0.8401647276762256,0.7829811142936526,0.3179406336069981,0.2754071333509271,15,12,"{""C1QA"": 0.25832755105036737, ""C1QB"": 0.1428967633174279, ""CCR2"": -0.16738290903262917, ""CD1C"": 0.2147062329863089, ""CD74"": 0.5617036892195401, ""CLEC10A"": 0.292486715651487, ""CLEC5A"": -0.20374834028635985, ""CSF1R"": 0.4161972646843176, ""FCGR3A"": 0.4886576046892173, ""PKIB"": 0.17294327297858042, ""RETN"": -0.3317129574125976, ""SELL"": -0.5645243019751441}",success,,official R dyneval on exported dynwrap trajectories,"Saelens et al., Nature Biotechnology (2019), doi:10.1038/s41587-019-0071-9",v2.0,4.6.1,0.9.9,1.3.0,1.0.1,1.1.0,daeb26af7d40c21b32283af31beb17a8ee8c3c6f,319bcfe3a0e38af45f368d2a53146165416d1a8a,b6fa729b1bc531e179aec3f3d7aa14cd8ef2015e,63fb255c894df1ba6d72b50bd0fb02d78bcee2af,0.0,1.0,0.0,0.9558967086297894,True,True,True,raw_counts_common_hvg2000_pca50_neighbors15_umap3,10,exclude_labels|normalize_total|log1p|highly_variable_genes|set_raw|subset_highly_variable|scale|pca|neighbors|umap,54,3264x19089,3264x2000,"{""completed_before_inference"": true, ""input_shape"": [3264, 19089], ""input_x_max"": 1054.0, ""input_x_min"": 1.0, ""model_coordinate_key_ready"": true, ""output_shape"": [3264, 2000], ""plot_coordinate_key_ready"": true, ""profile"": ""raw_counts_common_hvg2000_pca50_neighbors15_umap3"", ""random_seed"": 54, ""steps"": [{""operation"": ""exclude_labels"", ""parameters"": {""values"": []}, ""status"": ""applied""}, {""operation"": ""normalize_total"", ""parameters"": {""target_sum"": 10000.0}, ""status"": ""applied""}, {""operation"": ""log1p"", ""parameters"": {}, ""status"": ""applied""}, {""operation"": ""highly_variable_genes"", ""parameters"": {""flavor"": ""seurat"", ""n_top_genes"": 2000}, ""status"": ""applied""}, {""operation"": ""set_raw"", ""parameters"": {}, ""status"": ""applied""}, {""operation"": ""subset_highly_variable"", ""parameters"": {}, ""status"": ""applied""}, {""operation"": ""scale"", ""parameters"": {""max_value"": 10.0}, ""status"": ""applied""}, {""operation"": ""pca"", ""parameters"": {""n_comps"": 50, ""random_state"": 0, ""svd_solver"": ""arpack"", ""use_highly_variable"": false, ""zero_center"": true}, ""status"": ""applied""}, {""operation"": ""neighbors"", ""parameters"": {""method"": ""umap"", ""metric"": ""euclidean"", ""n_neighbors"": 15, ""n_pcs"": 30, ""random_state"": 0, ""use_rep"": ""X_pca""}, ""status"": ""applied""}, {""operation"": ""umap"", ""parameters"": {""min_dist"": 0.3, ""n_components"": 3, ""preserve_existing"": false, ""random_state"": 0}, ""status"": ""applied""}]}"
14,55,55,20,curated_reference_real,curated_annotation_literature_lineage_graph,2,58,0.0019638883409562,0.9728891261844408,55,62.18177989998367,70.08376350003527,132.26554340001894,32.658507300016936,1327.21875,543.85546875,"[234,2767,1438,1780,2621,2740,2136,608,724,3220,2753,2949,431,55,1446,2782,407,2220,1917,688,364,2285,2403,2839,654,1088,425,1060,1887,1134,622,1098,1686,2429,1426,1206,1243,1147,2654,861,398,1797,3206,863,1823,1234]","[234,2767,1438,1780,2621,2740,2136,608,724,3220,2753,2949,431,55,1446,2782,407,2220,1917,688,364,2285,2403,2839,654,1088,425,2374,3128,2562,470,1804,1806,2746,954,2011,191,465,1082]","[234,2767,1438,1780,2621,2740,2136,608,724,3220,2753,2949,431,55,1446,2782,407,2220,1917,688,364,2285,2403,2839,654,1088,425,1060,1887,1134,622,1098,1686,2429,1426,1206,1243,1147,2654,861,398,1797,3206,863,1823,1234]",0.9301098620012462,0.9323063818505282,0.8123443737987679,"[234,2767,1438,1780,2621,2740,2136,608,724,3220,2753,2949,431,55,1446,2782,407,2220,1917,688,364,2285,2403,2839,654,1088,425,2374,3128,2562,470,1804,1806,2746,954,2011,191,465,1082]",0.9122292667770276,0.9192608366671344,0.7964157222826878,0.9198711685485316,0.9308490851389069,0.8104316910706644,0.9072195050094626,0.8762017218769692,0.7436024968463725,Real-data scores measure agreement with the configured coarse curated reference; they are not absolute biological ground truth.,0.7431887964375987,0.6261914265447105,0.9066031441661307,0.877408037195056,0.7800209641397917,0.3281405202960765,0.2835103389324325,15,12,"{""C1QA"": 0.26305288473732535, ""C1QB"": 0.14134694755506746, ""CCR2"": -0.08806584521258982, ""CD1C"": 0.25020289484486713, ""CD74"": 0.6634679373908087, ""CLEC10A"": 0.32217684714118205, ""CLEC5A"": -0.20170289958245227, ""CSF1R"": 0.4647116395330308, ""FCGR3A"": 0.4969995931057774, ""PKIB"": 0.18908876016590245, ""RETN"": -0.30396779312753963, ""SELL"": -0.5529022011563749}",success,,official R dyneval on exported dynwrap trajectories,"Saelens et al., Nature Biotechnology (2019), doi:10.1038/s41587-019-0071-9",v2.0,4.6.1,0.9.9,1.3.0,1.0.1,1.1.0,daeb26af7d40c21b32283af31beb17a8ee8c3c6f,319bcfe3a0e38af45f368d2a53146165416d1a8a,b6fa729b1bc531e179aec3f3d7aa14cd8ef2015e,63fb255c894df1ba6d72b50bd0fb02d78bcee2af,0.0,1.0,0.0,0.963300504373706,True,True,True,raw_counts_common_hvg2000_pca50_neighbors15_umap3,10,exclude_labels|normalize_total|log1p|highly_variable_genes|set_raw|subset_highly_variable|scale|pca|neighbors|umap,55,3264x19089,3264x2000,"{""completed_before_inference"": true, ""input_shape"": [3264, 19089], ""input_x_max"": 1054.0, ""input_x_min"": 1.0, ""model_coordinate_key_ready"": true, ""output_shape"": [3264, 2000], ""plot_coordinate_key_ready"": true, ""profile"": ""raw_counts_common_hvg2000_pca50_neighbors15_umap3"", ""random_seed"": 55, ""steps"": [{""operation"": ""exclude_labels"", ""parameters"": {""values"": []}, ""status"": ""applied""}, {""operation"": ""normalize_total"", ""parameters"": {""target_sum"": 10000.0}, ""status"": ""applied""}, {""operation"": ""log1p"", ""parameters"": {}, ""status"": ""applied""}, {""operation"": ""highly_variable_genes"", ""parameters"": {""flavor"": ""seurat"", ""n_top_genes"": 2000}, ""status"": ""applied""}, {""operation"": ""set_raw"", ""parameters"": {}, ""status"": ""applied""}, {""operation"": ""subset_highly_variable"", ""parameters"": {}, ""status"": ""applied""}, {""operation"": ""scale"", ""parameters"": {""max_value"": 10.0}, ""status"": ""applied""}, {""operation"": ""pca"", ""parameters"": {""n_comps"": 50, ""random_state"": 0, ""svd_solver"": ""arpack"", ""use_highly_variable"": false, ""zero_center"": true}, ""status"": ""applied""}, {""operation"": ""neighbors"", ""parameters"": {""method"": ""umap"", ""metric"": ""euclidean"", ""n_neighbors"": 15, ""n_pcs"": 30, ""random_state"": 0, ""use_rep"": ""X_pca""}, ""status"": ""applied""}, {""operation"": ""umap"", ""parameters"": {""min_dist"": 0.3, ""n_components"": 3, ""preserve_existing"": false, ""random_state"": 0}, ""status"": ""applied""}]}"
15,56,56,20,curated_reference_real,curated_annotation_literature_lineage_graph,2,67,0.004540321357171,0.9304725648644968,175,62.92336439999053,73.7981685999548,136.72153299994534,32.200173099990934,1327.3671875,543.56640625,"[234,523,1380,2880,2993,1119,2189,3225,211,2897,2345,1978,1922,263,251,528,371,2956,2053,454,913,1094,722,3258,452,2513,175,304,3059,2409,1883,1225,2290,1686,374,2796,2661,2232,3100,2615,2921,1939,508,772,2724,905,25,1234]","[234,523,1380,2880,2993,1119,2189,3225,211,2897,2345,1978,1922,263,251,528,371,2956,2053,454,913,1094,722,3258,452,2513,175,304,3059,2951,2924,989,2469,241,587,1391,2562,2663,2935,1806,920,2069,1993,2335,350,1184,1268,1082]","[234,523,1380,2880,2993,1119,2189,3225,211,2897,2345,1978,1922,263,251,528,371,2956,2053,454,913,1094,722,3258,452,2513,175,304,3059,2409,1883,1225,2290,1686,374,2796,2661,2232,3100,2615,2921,1939,508,772,2724,905,25,1234]",0.9081242961382864,0.9081242846175058,0.7878391360767255,"[234,523,1380,2880,2993,1119,2189,3225,211,2897,2345,1978,1922,263,251,528,371,2956,2053,454,913,1094,722,3258,452,2513,175,304,3059,2951,2924,989,2469,241,587,1391,2562,2663,2935,1806,920,2069,1993,2335,350,1184,1268,1082]",0.8716287927051212,0.8717965295758849,0.7509759837791832,0.8535956651987052,0.8467293562346311,0.7227456392004252,0.8667294385025046,0.8320984472359609,0.7039997872781565,Real-data scores measure agreement with the configured coarse curated reference; they are not absolute biological ground truth.,0.7176226902119098,0.6029934097223165,0.8956243175058625,0.8631297218454801,0.7605060425548952,0.3207403034085712,0.281690214523187,15,12,"{""C1QA"": 0.2656979666438857, ""C1QB"": 0.14218706066263828, ""CCR2"": -0.12319511423945392, ""CD1C"": 0.2218463729078887, ""CD74"": 0.6180511524204706, ""CLEC10A"": 0.29768246240248825, ""CLEC5A"": -0.20163558684862895, ""CSF1R"": 0.44556710413744877, ""FCGR3A"": 0.4890152603054028, ""PKIB"": 0.1770038192446223, ""RETN"": -0.316808420341543, ""SELL"": -0.5501933207483827}",success,,official R dyneval on exported dynwrap trajectories,"Saelens et al., Nature Biotechnology (2019), doi:10.1038/s41587-019-0071-9",v2.0,4.6.1,0.9.9,1.3.0,1.0.1,1.1.0,daeb26af7d40c21b32283af31beb17a8ee8c3c6f,319bcfe3a0e38af45f368d2a53146165416d1a8a,b6fa729b1bc531e179aec3f3d7aa14cd8ef2015e,63fb255c894df1ba6d72b50bd0fb02d78bcee2af,0.0,1.0,0.0,0.9559302230853406,True,True,True,raw_counts_common_hvg2000_pca50_neighbors15_umap3,10,exclude_labels|normalize_total|log1p|highly_variable_genes|set_raw|subset_highly_variable|scale|pca|neighbors|umap,56,3264x19089,3264x2000,"{""completed_before_inference"": true, ""input_shape"": [3264, 19089], ""input_x_max"": 1054.0, ""input_x_min"": 1.0, ""model_coordinate_key_ready"": true, ""output_shape"": [3264, 2000], ""plot_coordinate_key_ready"": true, ""profile"": ""raw_counts_common_hvg2000_pca50_neighbors15_umap3"", ""random_seed"": 56, ""steps"": [{""operation"": ""exclude_labels"", ""parameters"": {""values"": []}, ""status"": ""applied""}, {""operation"": ""normalize_total"", ""parameters"": {""target_sum"": 10000.0}, ""status"": ""applied""}, {""operation"": ""log1p"", ""parameters"": {}, ""status"": ""applied""}, {""operation"": ""highly_variable_genes"", ""parameters"": {""flavor"": ""seurat"", ""n_top_genes"": 2000}, ""status"": ""applied""}, {""operation"": ""set_raw"", ""parameters"": {}, ""status"": ""applied""}, {""operation"": ""subset_highly_variable"", ""parameters"": {}, ""status"": ""applied""}, {""operation"": ""scale"", ""parameters"": {""max_value"": 10.0}, ""status"": ""applied""}, {""operation"": ""pca"", ""parameters"": {""n_comps"": 50, ""random_state"": 0, ""svd_solver"": ""arpack"", ""use_highly_variable"": false, ""zero_center"": true}, ""status"": ""applied""}, {""operation"": ""neighbors"", ""parameters"": {""method"": ""umap"", ""metric"": ""euclidean"", ""n_neighbors"": 15, ""n_pcs"": 30, ""random_state"": 0, ""use_rep"": ""X_pca""}, ""status"": ""applied""}, {""operation"": ""umap"", ""parameters"": {""min_dist"": 0.3, ""n_components"": 3, ""preserve_existing"": false, ""random_state"": 0}, ""status"": ""applied""}]}"
16,57,57,20,curated_reference_real,curated_annotation_literature_lineage_graph,2,72,0.0007668970789853,0.9906038478355152,86,63.00496230000863,69.91234630002873,132.91730860003736,33.972563999996055,1327.859375,544.44140625,"[234,2674,2321,1050,2498,2867,831,424,2239,1656,3153,3252,1153,3032,1231,86,281,1547,230,1469,2045,2819,1974,2448,279,3139,1156,1296,2973,1299,142,2750,3158,2488,3054,249,1309,1495,277,1486,2037,634,2269,2568,812,1001,2127,2146,2756,2199,1822,3211,126,968,2101,665,1991,1671,1234]","[234,2674,2321,1050,2498,2867,831,424,2239,1656,3153,3252,1153,3032,1231,86,281,1547,230,1469,2045,2819,1974,2448,279,3139,1156,1296,2973,1299,142,2750,2467,866,1705,1579,369,1617,163,2746,954,687,1318,2995,1082]","[234,2674,2321,1050,2498,2867,831,424,2239,1656,3153,3252,1153,3032,1231,86,281,1547,230,1469,2045,2819,1974,2448,279,3139,1156,1296,2973,1299,142,2750,3158,2488,3054,249,1309,1495,277,1486,2037,634,2269,2568,812,1001,2127,2146,2756,2199,1822,3211,126,968,2101,665,1991,1671,1234]",0.8970713653008401,0.8971554826563642,0.7751477688283537,"[234,2674,2321,1050,2498,2867,831,424,2239,1656,3153,3252,1153,3032,1231,86,281,1547,230,1469,2045,2819,1974,2448,279,3139,1156,1296,2973,1299,142,2750,2467,866,1705,1579,369,1617,163,2746,954,687,1318,2995,1082]",0.8718172197557675,0.8735235991436462,0.7507571935295483,0.8659105956179309,0.8712614286668917,0.7463575892408726,0.8730350032167358,0.8423902341303805,0.7133854048801593,Real-data scores measure agreement with the configured coarse curated reference; they are not absolute biological ground truth.,0.7183678980068698,0.6492575209432578,0.9019090191194328,0.8597892610598418,0.7754961802528506,0.3276838258931201,0.2865997082107447,15,12,"{""C1QA"": 0.2644713031809251, ""C1QB"": 0.14211809396323577, ""CCR2"": -0.12454618153565442, ""CD1C"": 0.23546000915324938, ""CD74"": 0.629925449340403, ""CLEC10A"": 0.3087281132405643, ""CLEC5A"": -0.2023445007625393, ""CSF1R"": 0.45383184562042894, ""FCGR3A"": 0.4981976459742159, ""PKIB"": 0.18680736768159367, ""RETN"": -0.32067385264244896, ""SELL"": -0.5651015476221829}",success,,official R dyneval on exported dynwrap trajectories,"Saelens et al., Nature Biotechnology (2019), doi:10.1038/s41587-019-0071-9",v2.0,4.6.1,0.9.9,1.3.0,1.0.1,1.1.0,daeb26af7d40c21b32283af31beb17a8ee8c3c6f,319bcfe3a0e38af45f368d2a53146165416d1a8a,b6fa729b1bc531e179aec3f3d7aa14cd8ef2015e,63fb255c894df1ba6d72b50bd0fb02d78bcee2af,0.0,1.0,0.0,0.9591060928394868,True,True,True,raw_counts_common_hvg2000_pca50_neighbors15_umap3,10,exclude_labels|normalize_total|log1p|highly_variable_genes|set_raw|subset_highly_variable|scale|pca|neighbors|umap,57,3264x19089,3264x2000,"{""completed_before_inference"": true, ""input_shape"": [3264, 19089], ""input_x_max"": 1054.0, ""input_x_min"": 1.0, ""model_coordinate_key_ready"": true, ""output_shape"": [3264, 2000], ""plot_coordinate_key_ready"": true, ""profile"": ""raw_counts_common_hvg2000_pca50_neighbors15_umap3"", ""random_seed"": 57, ""steps"": [{""operation"": ""exclude_labels"", ""parameters"": {""values"": []}, ""status"": ""applied""}, {""operation"": ""normalize_total"", ""parameters"": {""target_sum"": 10000.0}, ""status"": ""applied""}, {""operation"": ""log1p"", ""parameters"": {}, ""status"": ""applied""}, {""operation"": ""highly_variable_genes"", ""parameters"": {""flavor"": ""seurat"", ""n_top_genes"": 2000}, ""status"": ""applied""}, {""operation"": ""set_raw"", ""parameters"": {}, ""status"": ""applied""}, {""operation"": ""subset_highly_variable"", ""parameters"": {}, ""status"": ""applied""}, {""operation"": ""scale"", ""parameters"": {""max_value"": 10.0}, ""status"": ""applied""}, {""operation"": ""pca"", ""parameters"": {""n_comps"": 50, ""random_state"": 0, ""svd_solver"": ""arpack"", ""use_highly_variable"": false, ""zero_center"": true}, ""status"": ""applied""}, {""operation"": ""neighbors"", ""parameters"": {""method"": ""umap"", ""metric"": ""euclidean"", ""n_neighbors"": 15, ""n_pcs"": 30, ""random_state"": 0, ""use_rep"": ""X_pca""}, ""status"": ""applied""}, {""operation"": ""umap"", ""parameters"": {""min_dist"": 0.3, ""n_components"": 3, ""preserve_existing"": false, ""random_state"": 0}, ""status"": ""applied""}]}"
17,58,58,20,curated_reference_real,curated_annotation_literature_lineage_graph,2,70,0.0037216302500737,0.9542867597936532,97,65.79489020002075,76.08545899996534,141.88034919998609,35.870014299987815,1327.91796875,543.7890625,"[234,523,2737,499,2802,309,671,514,1428,2823,1765,2096,3098,1848,153,332,2008,536,1796,97,1143,1604,1176,351,1024,349,1742,2048,1197,3124,1657,2462,1596,758,2360,2168,3130,2269,1512,2215,605,1001,2127,914,2789,50,413,871,2062,1065,1066,2422,1190,1276,1124,165,206,1305,1234]","[234,523,2737,499,2802,309,671,514,1428,2823,1765,2096,3098,1848,153,332,2008,536,1796,97,1143,1604,1176,351,1024,349,1742,2048,2372,1103,470,1080,2414,239,2952,636,350,705,1082]","[234,523,2737,499,2802,309,671,514,1428,2823,1765,2096,3098,1848,153,332,2008,536,1796,97,1143,1604,1176,351,1024,349,1742,2048,1197,3124,1657,2462,1596,758,2360,2168,3130,2269,1512,2215,605,1001,2127,914,2789,50,413,871,2062,1065,1066,2422,1190,1276,1124,165,206,1305,1234]",0.932732274047158,0.9337336677256004,0.8126699795221911,"[234,523,2737,499,2802,309,671,514,1428,2823,1765,2096,3098,1848,153,332,2008,536,1796,97,1143,1604,1176,351,1024,349,1742,2048,2372,1103,470,1080,2414,239,2952,636,350,705,1082]",0.9157765097402512,0.9193199830587852,0.798115529606025,0.9061072341009764,0.9163180548353173,0.7897471813879203,0.8572310414756087,0.7933442423908276,0.6698420030176658,Real-data scores measure agreement with the configured coarse curated reference; they are not absolute biological ground truth.,0.6962337030122512,0.6629509263521508,0.8882490228857883,0.8744646590304486,0.7737993424059239,0.3221517918729712,0.2840846501474001,15,12,"{""C1QA"": 0.2635595655358924, ""C1QB"": 0.1446327108844291, ""CCR2"": -0.1322274986280154, ""CD1C"": 0.23353431758151982, ""CD74"": 0.5998914260450453, ""CLEC10A"": 0.30460973475890785, ""CLEC5A"": -0.20417394404378306, ""CSF1R"": 0.42948234411867664, ""FCGR3A"": 0.4910790921810553, ""PKIB"": 0.1803317999874472, ""RETN"": -0.32321188695018216, ""SELL"": -0.5590871817606997}",success,,official R dyneval on exported dynwrap trajectories,"Saelens et al., Nature Biotechnology (2019), doi:10.1038/s41587-019-0071-9",v2.0,4.6.1,0.9.9,1.3.0,1.0.1,1.1.0,daeb26af7d40c21b32283af31beb17a8ee8c3c6f,319bcfe3a0e38af45f368d2a53146165416d1a8a,b6fa729b1bc531e179aec3f3d7aa14cd8ef2015e,63fb255c894df1ba6d72b50bd0fb02d78bcee2af,0.0,1.0,0.0,0.9592816699846268,True,True,True,raw_counts_common_hvg2000_pca50_neighbors15_umap3,10,exclude_labels|normalize_total|log1p|highly_variable_genes|set_raw|subset_highly_variable|scale|pca|neighbors|umap,58,3264x19089,3264x2000,"{""completed_before_inference"": true, ""input_shape"": [3264, 19089], ""input_x_max"": 1054.0, ""input_x_min"": 1.0, ""model_coordinate_key_ready"": true, ""output_shape"": [3264, 2000], ""plot_coordinate_key_ready"": true, ""profile"": ""raw_counts_common_hvg2000_pca50_neighbors15_umap3"", ""random_seed"": 58, ""steps"": [{""operation"": ""exclude_labels"", ""parameters"": {""values"": []}, ""status"": ""applied""}, {""operation"": ""normalize_total"", ""parameters"": {""target_sum"": 10000.0}, ""status"": ""applied""}, {""operation"": ""log1p"", ""parameters"": {}, ""status"": ""applied""}, {""operation"": ""highly_variable_genes"", ""parameters"": {""flavor"": ""seurat"", ""n_top_genes"": 2000}, ""status"": ""applied""}, {""operation"": ""set_raw"", ""parameters"": {}, ""status"": ""applied""}, {""operation"": ""subset_highly_variable"", ""parameters"": {}, ""status"": ""applied""}, {""operation"": ""scale"", ""parameters"": {""max_value"": 10.0}, ""status"": ""applied""}, {""operation"": ""pca"", ""parameters"": {""n_comps"": 50, ""random_state"": 0, ""svd_solver"": ""arpack"", ""use_highly_variable"": false, ""zero_center"": true}, ""status"": ""applied""}, {""operation"": ""neighbors"", ""parameters"": {""method"": ""umap"", ""metric"": ""euclidean"", ""n_neighbors"": 15, ""n_pcs"": 30, ""random_state"": 0, ""use_rep"": ""X_pca""}, ""status"": ""applied""}, {""operation"": ""umap"", ""parameters"": {""min_dist"": 0.3, ""n_components"": 3, ""preserve_existing"": false, ""random_state"": 0}, ""status"": ""applied""}]}"
18,59,59,20,curated_reference_real,curated_annotation_literature_lineage_graph,2,61,0.0022287621017845,0.97405042321523,4,66.4077377000358,73.38890359998913,139.79664130002493,36.40353050001431,1328.21484375,544.10546875,"[234,2888,532,1315,1818,4,870,2130,1180,2112,2010,1340,1056,712,2705,1095,101,2945,2770,3243,2529,2999,2128,1594,2060,2372,73,1772,146,622,3096,2988,2464,2429,2796,1512,1374,2522,3180,2756,45,1451,126,666,1200,317,2054,2990,1823,1234]","[234,2888,532,1315,1818,4,870,2130,1180,2112,2010,1340,1056,712,2705,1095,101,2945,2770,3243,2529,2999,2128,1594,2060,2372,1579,369,830,571,1424,2908,954,2901,2341,465,1082]","[234,2888,532,1315,1818,4,870,2130,1180,2112,2010,1340,1056,712,2705,1095,101,2945,2770,3243,2529,2999,2128,1594,2060,2372,73,1772,146,622,3096,2988,2464,2429,2796,1512,1374,2522,3180,2756,45,1451,126,666,1200,317,2054,2990,1823,1234]",0.9200954662765432,0.9203655909643984,0.8000103070867669,"[234,2888,532,1315,1818,4,870,2130,1180,2112,2010,1340,1056,712,2705,1095,101,2945,2770,3243,2529,2999,2128,1594,2060,2372,1579,369,830,571,1424,2908,954,2901,2341,465,1082]",0.9100248403118628,0.9112791763320618,0.7922651210612639,0.9128910909761708,0.921041458689256,0.7977656784870798,0.85965452936409,0.80343337091283,0.6790658777709876,Real-data scores measure agreement with the configured coarse curated reference; they are not absolute biological ground truth.,0.7140364499782904,0.7101076262693288,0.894119341953254,0.8873191679677551,0.7963976649738672,0.3253238128817615,0.2852000474443257,15,12,"{""C1QA"": 0.26251558503338335, ""C1QB"": 0.14405454011260513, ""CCR2"": -0.14170845572890722, ""CD1C"": 0.23477819259572766, ""CD74"": 0.6045539212456862, ""CLEC10A"": 0.3078845098552681, ""CLEC5A"": -0.1969844888862636, ""CSF1R"": 0.43651863416672504, ""FCGR3A"": 0.49391801501188143, ""PKIB"": 0.18448263319317543, ""RETN"": -0.3286871888987173, ""SELL"": -0.5677995898527979}",success,,official R dyneval on exported dynwrap trajectories,"Saelens et al., Nature Biotechnology (2019), doi:10.1038/s41587-019-0071-9",v2.0,4.6.1,0.9.9,1.3.0,1.0.1,1.1.0,daeb26af7d40c21b32283af31beb17a8ee8c3c6f,319bcfe3a0e38af45f368d2a53146165416d1a8a,b6fa729b1bc531e179aec3f3d7aa14cd8ef2015e,63fb255c894df1ba6d72b50bd0fb02d78bcee2af,0.0,1.0,0.0,0.9578582449121368,True,True,True,raw_counts_common_hvg2000_pca50_neighbors15_umap3,10,exclude_labels|normalize_total|log1p|highly_variable_genes|set_raw|subset_highly_variable|scale|pca|neighbors|umap,59,3264x19089,3264x2000,"{""completed_before_inference"": true, ""input_shape"": [3264, 19089], ""input_x_max"": 1054.0, ""input_x_min"": 1.0, ""model_coordinate_key_ready"": true, ""output_shape"": [3264, 2000], ""plot_coordinate_key_ready"": true, ""profile"": ""raw_counts_common_hvg2000_pca50_neighbors15_umap3"", ""random_seed"": 59, ""steps"": [{""operation"": ""exclude_labels"", ""parameters"": {""values"": []}, ""status"": ""applied""}, {""operation"": ""normalize_total"", ""parameters"": {""target_sum"": 10000.0}, ""status"": ""applied""}, {""operation"": ""log1p"", ""parameters"": {}, ""status"": ""applied""}, {""operation"": ""highly_variable_genes"", ""parameters"": {""flavor"": ""seurat"", ""n_top_genes"": 2000}, ""status"": ""applied""}, {""operation"": ""set_raw"", ""parameters"": {}, ""status"": ""applied""}, {""operation"": ""subset_highly_variable"", ""parameters"": {}, ""status"": ""applied""}, {""operation"": ""scale"", ""parameters"": {""max_value"": 10.0}, ""status"": ""applied""}, {""operation"": ""pca"", ""parameters"": {""n_comps"": 50, ""random_state"": 0, ""svd_solver"": ""arpack"", ""use_highly_variable"": false, ""zero_center"": true}, ""status"": ""applied""}, {""operation"": ""neighbors"", ""parameters"": {""method"": ""umap"", ""metric"": ""euclidean"", ""n_neighbors"": 15, ""n_pcs"": 30, ""random_state"": 0, ""use_rep"": ""X_pca""}, ""status"": ""applied""}, {""operation"": ""umap"", ""parameters"": {""min_dist"": 0.3, ""n_components"": 3, ""preserve_existing"": false, ""random_state"": 0}, ""status"": ""applied""}]}"
19,60,60,20,curated_reference_real,curated_annotation_literature_lineage_graph,2,65,0.0012127666151306,0.9847598790975322,234,63.31512430001749,76.75791870005196,140.07304300006945,32.766752500028815,1328.70703125,544.76953125,"[234,2834,1438,692,2621,2740,2610,2582,507,2942,2996,1247,2074,1848,1502,515,2243,1583,2701,804,1890,810,2241,3197,1334,746,335,3034,2297,2871,2907,563,2495,1772,2933,511,1486,1702,2300,1450,3181,1102,1726,2981,2605,861,2783,1983,1429,1336,2386,1234]","[234,2834,1438,692,2621,2740,2610,2582,507,2942,2996,1247,2074,1848,1502,515,2243,1583,2701,804,1890,810,2241,3197,1334,746,335,3034,1192,2192,124,3070,2013,1901,2119,2955,636,2500,1851,465,1082]","[234,2834,1438,692,2621,2740,2610,2582,507,2942,2996,1247,2074,1848,1502,515,2243,1583,2701,804,1890,810,2241,3197,1334,746,335,3034,2297,2871,2907,563,2495,1772,2933,511,1486,1702,2300,1450,3181,1102,1726,2981,2605,861,2783,1983,1429,1336,2386,1234]",0.93264428564511,0.9340110557186252,0.814192563936828,"[234,2834,1438,692,2621,2740,2610,2582,507,2942,2996,1247,2074,1848,1502,515,2243,1583,2701,804,1890,810,2241,3197,1334,746,335,3034,1192,2192,124,3070,2013,1901,2119,2955,636,2500,1851,465,1082]",0.902365156738729,0.9098512206465068,0.7886627212202605,0.923868915890968,0.9355457486954328,0.8145525637556358,0.8867030988961517,0.8502943127973646,0.7205186830440147,Real-data scores measure agreement with the configured coarse curated reference; they are not absolute biological ground truth.,0.694744751943482,0.617546572978721,0.8989653867183287,0.8853762229141782,0.7644365678210319,0.3309611331547904,0.2908227703400398,15,12,"{""C1QA"": 0.263795978827585, ""C1QB"": 0.14266493409547412, ""CCR2"": -0.11087989948219773, ""CD1C"": 0.24525739440010486, ""CD74"": 0.6507828524550692, ""CLEC10A"": 0.3178495618524947, ""CLEC5A"": -0.20537527643171574, ""CSF1R"": 0.4566027974594259, ""FCGR3A"": 0.498511815698026, ""PKIB"": 0.18697442386728524, ""RETN"": -0.32045779995841983, ""SELL"": -0.5723808633296873}",success,,official R dyneval on exported dynwrap trajectories,"Saelens et al., Nature Biotechnology (2019), doi:10.1038/s41587-019-0071-9",v2.0,4.6.1,0.9.9,1.3.0,1.0.1,1.1.0,daeb26af7d40c21b32283af31beb17a8ee8c3c6f,319bcfe3a0e38af45f368d2a53146165416d1a8a,b6fa729b1bc531e179aec3f3d7aa14cd8ef2015e,63fb255c894df1ba6d72b50bd0fb02d78bcee2af,0.0,1.0,0.0,0.9565474660197892,True,True,True,raw_counts_common_hvg2000_pca50_neighbors15_umap3,10,exclude_labels|normalize_total|log1p|highly_variable_genes|set_raw|subset_highly_variable|scale|pca|neighbors|umap,60,3264x19089,3264x2000,"{""completed_before_inference"": true, ""input_shape"": [3264, 19089], ""input_x_max"": 1054.0, ""input_x_min"": 1.0, ""model_coordinate_key_ready"": true, ""output_shape"": [3264, 2000], ""plot_coordinate_key_ready"": true, ""profile"": ""raw_counts_common_hvg2000_pca50_neighbors15_umap3"", ""random_seed"": 60, ""steps"": [{""operation"": ""exclude_labels"", ""parameters"": {""values"": []}, ""status"": ""applied""}, {""operation"": ""normalize_total"", ""parameters"": {""target_sum"": 10000.0}, ""status"": ""applied""}, {""operation"": ""log1p"", ""parameters"": {}, ""status"": ""applied""}, {""operation"": ""highly_variable_genes"", ""parameters"": {""flavor"": ""seurat"", ""n_top_genes"": 2000}, ""status"": ""applied""}, {""operation"": ""set_raw"", ""parameters"": {}, ""status"": ""applied""}, {""operation"": ""subset_highly_variable"", ""parameters"": {}, ""status"": ""applied""}, {""operation"": ""scale"", ""parameters"": {""max_value"": 10.0}, ""status"": ""applied""}, {""operation"": ""pca"", ""parameters"": {""n_comps"": 50, ""random_state"": 0, ""svd_solver"": ""arpack"", ""use_highly_variable"": false, ""zero_center"": true}, ""status"": ""applied""}, {""operation"": ""neighbors"", ""parameters"": {""method"": ""umap"", ""metric"": ""euclidean"", ""n_neighbors"": 15, ""n_pcs"": 30, ""random_state"": 0, ""use_rep"": ""X_pca""}, ""status"": ""applied""}, {""operation"": ""umap"", ""parameters"": {""min_dist"": 0.3, ""n_components"": 3, ""preserve_existing"": false, ""random_state"": 0}, ""status"": ""applied""}]}"
20,61,61,20,curated_reference_real,curated_annotation_literature_lineage_graph,2,77,0.0006578294850123,0.9854253260309376,75,71.99119859997882,88.93570889998227,160.9269074999611,40.12845630000811,1328.48828125,543.90625,"[234,446,1201,2523,2525,990,261,2740,2610,213,1597,522,1593,1745,256,663,2196,2675,2940,646,192,170,1279,1688,2972,2765,1207,75,1382,1782,1051,1053,2934,142,2893,2033,1197,2372,1041,2351,1134,1842,146,622,2360,637,3060,2274,1206,1378,1102,1902,2910,500,2789,447,2842,737,2783,730,929,1336,1616,1234]","[234,446,1201,2523,2525,990,261,2740,2610,213,1597,522,1593,1745,256,663,2196,2675,2940,646,192,170,1279,1688,2972,2765,1207,75,1382,1782,1051,1053,2934,142,2893,2297,197,1103,807,1804,2179,1901,2069,2188,1418,1535,2164,1082]","[234,446,1201,2523,2525,990,261,2740,2610,213,1597,522,1593,1745,256,663,2196,2675,2940,646,192,170,1279,1688,2972,2765,1207,75,1382,1782,1051,1053,2934,142,2893,2033,1197,2372,1041,2351,1134,1842,146,622,2360,637,3060,2274,1206,1378,1102,1902,2910,500,2789,447,2842,737,2783,730,929,1336,1616,1234]",0.9061840015583228,0.9057901746297762,0.783601088912614,"[234,446,1201,2523,2525,990,261,2740,2610,213,1597,522,1593,1745,256,663,2196,2675,2940,646,192,170,1279,1688,2972,2765,1207,75,1382,1782,1051,1053,2934,142,2893,2297,197,1103,807,1804,2179,1901,2069,2188,1418,1535,2164,1082]",0.8643918529359624,0.8664165291177904,0.742980027212754,0.9053650311423124,0.91521592370739,0.7921101502917861,0.9076553683359774,0.8694993634138467,0.7374671505787112,Real-data scores measure agreement with the configured coarse curated reference; they are not absolute biological ground truth.,0.6705924652880498,0.6373368852709482,0.8940358529622572,0.8830048983729382,0.7621429607724527,0.3219153762041699,0.2715858398415803,15,12,"{""C1QA"": 0.26807868839301113, ""C1QB"": 0.14446177286569964, ""CCR2"": -0.0612725414664134, ""CD1C"": 0.2538799004648571, ""CD74"": 0.6665710078818888, ""CLEC10A"": 0.3214934955845621, ""CLEC5A"": -0.19434036723238754, ""CSF1R"": 0.4667297841051003, ""FCGR3A"": 0.5030957587223975, ""PKIB"": 0.18611797196030713, ""RETN"": -0.27509299129014964, ""SELL"": -0.5218502344832648}",success,,official R dyneval on exported dynwrap trajectories,"Saelens et al., Nature Biotechnology (2019), doi:10.1038/s41587-019-0071-9",v2.0,4.6.1,0.9.9,1.3.0,1.0.1,1.1.0,daeb26af7d40c21b32283af31beb17a8ee8c3c6f,319bcfe3a0e38af45f368d2a53146165416d1a8a,b6fa729b1bc531e179aec3f3d7aa14cd8ef2015e,63fb255c894df1ba6d72b50bd0fb02d78bcee2af,0.0,1.0,0.0,0.95385984649521,True,True,True,raw_counts_common_hvg2000_pca50_neighbors15_umap3,10,exclude_labels|normalize_total|log1p|highly_variable_genes|set_raw|subset_highly_variable|scale|pca|neighbors|umap,61,3264x19089,3264x2000,"{""completed_before_inference"": true, ""input_shape"": [3264, 19089], ""input_x_max"": 1054.0, ""input_x_min"": 1.0, ""model_coordinate_key_ready"": true, ""output_shape"": [3264, 2000], ""plot_coordinate_key_ready"": true, ""profile"": ""raw_counts_common_hvg2000_pca50_neighbors15_umap3"", ""random_seed"": 61, ""steps"": [{""operation"": ""exclude_labels"", ""parameters"": {""values"": []}, ""status"": ""applied""}, {""operation"": ""normalize_total"", ""parameters"": {""target_sum"": 10000.0}, ""status"": ""applied""}, {""operation"": ""log1p"", ""parameters"": {}, ""status"": ""applied""}, {""operation"": ""highly_variable_genes"", ""parameters"": {""flavor"": ""seurat"", ""n_top_genes"": 2000}, ""status"": ""applied""}, {""operation"": ""set_raw"", ""parameters"": {}, ""status"": ""applied""}, {""operation"": ""subset_highly_variable"", ""parameters"": {}, ""status"": ""applied""}, {""operation"": ""scale"", ""parameters"": {""max_value"": 10.0}, ""status"": ""applied""}, {""operation"": ""pca"", ""parameters"": {""n_comps"": 50, ""random_state"": 0, ""svd_solver"": ""arpack"", ""use_highly_variable"": false, ""zero_center"": true}, ""status"": ""applied""}, {""operation"": ""neighbors"", ""parameters"": {""method"": ""umap"", ""metric"": ""euclidean"", ""n_neighbors"": 15, ""n_pcs"": 30, ""random_state"": 0, ""use_rep"": ""X_pca""}, ""status"": ""applied""}, {""operation"": ""umap"", ""parameters"": {""min_dist"": 0.3, ""n_components"": 3, ""preserve_existing"": false, ""random_state"": 0}, ""status"": ""applied""}]}"
21,62,62,20,curated_reference_real,curated_annotation_literature_lineage_graph,2,70,0.0030024381811104,0.9550108064201016,234,74.80487160000484,87.7866182999569,162.59148989996174,42.07879459997639,1327.9375,543.01953125,"[234,2888,2321,598,1323,3088,1504,1736,919,1745,663,2897,555,251,2675,355,799,2794,2078,2693,1958,940,2741,681,933,3037,1594,160,1197,1636,2351,146,2570,959,2464,2037,1474,812,1374,33,377,1902,1599,18,2384,2606,2789,447,1766,1408,2101,1763,1991,948,1234]","[234,2888,2321,598,1323,3088,1504,1736,919,1745,663,2897,555,251,2675,355,799,2794,2078,2693,1958,970,1296,221,918,1192,2192,1804,571,2085,2908,2188,537,1680,2739,1082]","[234,2888,2321,598,1323,3088,1504,1736,919,1745,663,2897,555,251,2675,355,799,2794,2078,2693,1958,940,2741,681,933,3037,1594,160,1197,1636,2351,146,2570,959,2464,2037,1474,812,1374,33,377,1902,1599,18,2384,2606,2789,447,1766,1408,2101,1763,1991,948,1234]",0.927601110200646,0.928623265917431,0.8074339623538923,"[234,2888,2321,598,1323,3088,1504,1736,919,1745,663,2897,555,251,2675,355,799,2794,2078,2693,1958,970,1296,221,918,1192,2192,1804,571,2085,2908,2188,537,1680,2739,1082]",0.9020177000144768,0.904883207277944,0.784935965279854,0.916705840828858,0.9164431496599365,0.7921223046446719,0.8900932901107586,0.8505602175370992,0.7208365023725515,Real-data scores measure agreement with the configured coarse curated reference; they are not absolute biological ground truth.,0.6443957875434346,0.450254069056002,0.9039138771381998,0.8710194705311548,0.6913394089954664,0.3307299138757563,0.2906912723094849,15,12,"{""C1QA"": 0.26595728109685746, ""C1QB"": 0.14491592812242973, ""CCR2"": -0.11791015610511657, ""CD1C"": 0.24381344458486928, ""CD74"": 0.6424306271235057, ""CLEC10A"": 0.31542526352211236, ""CLEC5A"": -0.2056038897448208, ""CSF1R"": 0.4555908396328185, ""FCGR3A"": 0.49546786255788383, ""PKIB"": 0.1884357209068951, ""RETN"": -0.3221992720901818, ""SELL"": -0.5710086810215841}",success,,official R dyneval on exported dynwrap trajectories,"Saelens et al., Nature Biotechnology (2019), doi:10.1038/s41587-019-0071-9",v2.0,4.6.1,0.9.9,1.3.0,1.0.1,1.1.0,daeb26af7d40c21b32283af31beb17a8ee8c3c6f,319bcfe3a0e38af45f368d2a53146165416d1a8a,b6fa729b1bc531e179aec3f3d7aa14cd8ef2015e,63fb255c894df1ba6d72b50bd0fb02d78bcee2af,0.0,1.0,0.0,0.916343067932498,True,True,True,raw_counts_common_hvg2000_pca50_neighbors15_umap3,10,exclude_labels|normalize_total|log1p|highly_variable_genes|set_raw|subset_highly_variable|scale|pca|neighbors|umap,62,3264x19089,3264x2000,"{""completed_before_inference"": true, ""input_shape"": [3264, 19089], ""input_x_max"": 1054.0, ""input_x_min"": 1.0, ""model_coordinate_key_ready"": true, ""output_shape"": [3264, 2000], ""plot_coordinate_key_ready"": true, ""profile"": ""raw_counts_common_hvg2000_pca50_neighbors15_umap3"", ""random_seed"": 62, ""steps"": [{""operation"": ""exclude_labels"", ""parameters"": {""values"": []}, ""status"": ""applied""}, {""operation"": ""normalize_total"", ""parameters"": {""target_sum"": 10000.0}, ""status"": ""applied""}, {""operation"": ""log1p"", ""parameters"": {}, ""status"": ""applied""}, {""operation"": ""highly_variable_genes"", ""parameters"": {""flavor"": ""seurat"", ""n_top_genes"": 2000}, ""status"": ""applied""}, {""operation"": ""set_raw"", ""parameters"": {}, ""status"": ""applied""}, {""operation"": ""subset_highly_variable"", ""parameters"": {}, ""status"": ""applied""}, {""operation"": ""scale"", ""parameters"": {""max_value"": 10.0}, ""status"": ""applied""}, {""operation"": ""pca"", ""parameters"": {""n_comps"": 50, ""random_state"": 0, ""svd_solver"": ""arpack"", ""use_highly_variable"": false, ""zero_center"": true}, ""status"": ""applied""}, {""operation"": ""neighbors"", ""parameters"": {""method"": ""umap"", ""metric"": ""euclidean"", ""n_neighbors"": 15, ""n_pcs"": 30, ""random_state"": 0, ""use_rep"": ""X_pca""}, ""status"": ""applied""}, {""operation"": ""umap"", ""parameters"": {""min_dist"": 0.3, ""n_components"": 3, ""preserve_existing"": false, ""random_state"": 0}, ""status"": ""applied""}]}"
22,63,63,20,curated_reference_real,curated_annotation_literature_lineage_graph,2,72,0.0009699961089034,0.9902463645188384,110,76.82799429999432,91.53954749996774,168.36754179996203,38.56644389999565,1328.31640625,543.50390625,"[234,523,532,2800,2498,2236,1127,1880,887,2638,827,1862,2586,1978,2517,2754,1509,492,2078,110,597,3142,1167,221,2973,1299,2821,2838,3024,2469,1060,809,2423,1249,3050,1754,1098,2656,634,2796,1172,1474,1374,1001,377,2237,500,2632,1451,1845,1090,642,3092,317,770,2758,1429,2720,1991,1616,1234]","[234,523,532,2800,2498,2236,1127,1880,887,2638,827,1862,2586,1978,2517,2754,1509,492,2078,110,597,3142,1167,221,2973,1299,2821,2291,2860,341,2594,2414,2908,2188,636,1318,2544,1082]","[234,523,532,2800,2498,2236,1127,1880,887,2638,827,1862,2586,1978,2517,2754,1509,492,2078,110,597,3142,1167,221,2973,1299,2821,2838,3024,2469,1060,809,2423,1249,3050,1754,1098,2656,634,2796,1172,1474,1374,1001,377,2237,500,2632,1451,1845,1090,642,3092,317,770,2758,1429,2720,1991,1616,1234]",0.9314162685387788,0.9326897128605732,0.8111248345771196,"[234,523,532,2800,2498,2236,1127,1880,887,2638,827,1862,2586,1978,2517,2754,1509,492,2078,110,597,3142,1167,221,2973,1299,2821,2291,2860,341,2594,2414,2908,2188,636,1318,2544,1082]",0.912550203027792,0.9167085275948136,0.7947194142390264,0.904050746141943,0.915975334575864,0.7892402663753364,0.8294577489640076,0.7530840805372353,0.6336417081297864,Real-data scores measure agreement with the configured coarse curated reference; they are not absolute biological ground truth.,0.6937658506195427,0.6712777805403417,0.8959308353553701,0.8949557136449513,0.78171384701617,0.3188870489064263,0.2786413469328077,15,12,"{""C1QA"": 0.2613274333856061, ""C1QB"": 0.143723331847415, ""CCR2"": -0.15949664348152146, ""CD1C"": 0.21917764632422063, ""CD74"": 0.572900101982086, ""CLEC10A"": 0.2959552604800093, ""CLEC5A"": -0.20455871012040536, ""CSF1R"": 0.41729674161137975, ""FCGR3A"": 0.4898907262518758, ""PKIB"": 0.17537351392861777, ""RETN"": -0.32432311949916753, ""SELL"": -0.5626213579648109}",success,,official R dyneval on exported dynwrap trajectories,"Saelens et al., Nature Biotechnology (2019), doi:10.1038/s41587-019-0071-9",v2.0,4.6.1,0.9.9,1.3.0,1.0.1,1.1.0,daeb26af7d40c21b32283af31beb17a8ee8c3c6f,319bcfe3a0e38af45f368d2a53146165416d1a8a,b6fa729b1bc531e179aec3f3d7aa14cd8ef2015e,63fb255c894df1ba6d72b50bd0fb02d78bcee2af,0.0,1.0,0.0,0.9419088158650064,True,True,True,raw_counts_common_hvg2000_pca50_neighbors15_umap3,10,exclude_labels|normalize_total|log1p|highly_variable_genes|set_raw|subset_highly_variable|scale|pca|neighbors|umap,63,3264x19089,3264x2000,"{""completed_before_inference"": true, ""input_shape"": [3264, 19089], ""input_x_max"": 1054.0, ""input_x_min"": 1.0, ""model_coordinate_key_ready"": true, ""output_shape"": [3264, 2000], ""plot_coordinate_key_ready"": true, ""profile"": ""raw_counts_common_hvg2000_pca50_neighbors15_umap3"", ""random_seed"": 63, ""steps"": [{""operation"": ""exclude_labels"", ""parameters"": {""values"": []}, ""status"": ""applied""}, {""operation"": ""normalize_total"", ""parameters"": {""target_sum"": 10000.0}, ""status"": ""applied""}, {""operation"": ""log1p"", ""parameters"": {}, ""status"": ""applied""}, {""operation"": ""highly_variable_genes"", ""parameters"": {""flavor"": ""seurat"", ""n_top_genes"": 2000}, ""status"": ""applied""}, {""operation"": ""set_raw"", ""parameters"": {}, ""status"": ""applied""}, {""operation"": ""subset_highly_variable"", ""parameters"": {}, ""status"": ""applied""}, {""operation"": ""scale"", ""parameters"": {""max_value"": 10.0}, ""status"": ""applied""}, {""operation"": ""pca"", ""parameters"": {""n_comps"": 50, ""random_state"": 0, ""svd_solver"": ""arpack"", ""use_highly_variable"": false, ""zero_center"": true}, ""status"": ""applied""}, {""operation"": ""neighbors"", ""parameters"": {""method"": ""umap"", ""metric"": ""euclidean"", ""n_neighbors"": 15, ""n_pcs"": 30, ""random_state"": 0, ""use_rep"": ""X_pca""}, ""status"": ""applied""}, {""operation"": ""umap"", ""parameters"": {""min_dist"": 0.3, ""n_components"": 3, ""preserve_existing"": false, ""random_state"": 0}, ""status"": ""applied""}]}"
23,64,64,20,curated_reference_real,curated_annotation_literature_lineage_graph,2,73,0.0004637198371645,0.9894760036613248,109,76.89267349999864,90.81515750003746,167.7078310000361,42.56191699998453,1328.5234375,543.28515625,"[234,523,2737,1544,1397,109,2911,1087,2629,399,827,999,2307,1892,136,975,646,133,1601,1890,2408,2883,3258,531,2969,222,483,2690,2681,1594,2060,2003,3124,2469,2162,3162,994,2887,2559,3006,2168,3130,1189,2274,2300,2215,605,609,914,1690,2380,2120,737,2783,398,260,3206,1324,1305,1234]","[234,523,2737,1544,1397,109,2911,1087,2629,399,827,999,2307,1892,136,975,646,133,1601,1890,2408,2883,3258,531,2969,222,483,2690,2681,1594,2060,1779,197,1579,470,1804,1628,1621,1171,2955,1418,2804,1385,1082]","[234,523,2737,1544,1397,109,2911,1087,2629,399,827,999,2307,1892,136,975,646,133,1601,1890,2408,2883,3258,531,2969,222,483,2690,2681,1594,2060,2003,3124,2469,2162,3162,994,2887,2559,3006,2168,3130,1189,2274,2300,2215,605,609,914,1690,2380,2120,737,2783,398,260,3206,1324,1305,1234]",0.91939162987979,0.9193754878315572,0.7979605383218757,"[234,523,2737,1544,1397,109,2911,1087,2629,399,827,999,2307,1892,136,975,646,133,1601,1890,2408,2883,3258,531,2969,222,483,2690,2681,1594,2060,1779,197,1579,470,1804,1628,1621,1171,2955,1418,2804,1385,1082]",0.8851192861267928,0.8897344972038111,0.7632299944864307,0.9072494008080032,0.9132198124274274,0.7901231254649982,0.8887627898388655,0.854225078132038,0.7239576461371299,Real-data scores measure agreement with the configured coarse curated reference; they are not absolute biological ground truth.,0.684022507813181,0.647084208378367,0.8952864793544442,0.8700274400546436,0.7662695050442239,0.3314463492395528,0.289658382810614,15,12,"{""C1QA"": 0.26564677579997864, ""C1QB"": 0.1440196786187806, ""CCR2"": -0.11451829615300337, ""CD1C"": 0.24413479357814327, ""CD74"": 0.6467190671662, ""CLEC10A"": 0.3136699898212494, ""CLEC5A"": -0.2116173707264209, ""CSF1R"": 0.45595340260349765, ""FCGR3A"": 0.49828518500328123, ""PKIB"": 0.18572978793675018, ""RETN"": -0.3245030813509483, ""SELL"": -0.5725587621163792}",success,,official R dyneval on exported dynwrap trajectories,"Saelens et al., Nature Biotechnology (2019), doi:10.1038/s41587-019-0071-9",v2.0,4.6.1,0.9.9,1.3.0,1.0.1,1.1.0,daeb26af7d40c21b32283af31beb17a8ee8c3c6f,319bcfe3a0e38af45f368d2a53146165416d1a8a,b6fa729b1bc531e179aec3f3d7aa14cd8ef2015e,63fb255c894df1ba6d72b50bd0fb02d78bcee2af,0.0,1.0,0.0,0.9582510625166764,True,True,True,raw_counts_common_hvg2000_pca50_neighbors15_umap3,10,exclude_labels|normalize_total|log1p|highly_variable_genes|set_raw|subset_highly_variable|scale|pca|neighbors|umap,64,3264x19089,3264x2000,"{""completed_before_inference"": true, ""input_shape"": [3264, 19089], ""input_x_max"": 1054.0, ""input_x_min"": 1.0, ""model_coordinate_key_ready"": true, ""output_shape"": [3264, 2000], ""plot_coordinate_key_ready"": true, ""profile"": ""raw_counts_common_hvg2000_pca50_neighbors15_umap3"", ""random_seed"": 64, ""steps"": [{""operation"": ""exclude_labels"", ""parameters"": {""values"": []}, ""status"": ""applied""}, {""operation"": ""normalize_total"", ""parameters"": {""target_sum"": 10000.0}, ""status"": ""applied""}, {""operation"": ""log1p"", ""parameters"": {}, ""status"": ""applied""}, {""operation"": ""highly_variable_genes"", ""parameters"": {""flavor"": ""seurat"", ""n_top_genes"": 2000}, ""status"": ""applied""}, {""operation"": ""set_raw"", ""parameters"": {}, ""status"": ""applied""}, {""operation"": ""subset_highly_variable"", ""parameters"": {}, ""status"": ""applied""}, {""operation"": ""scale"", ""parameters"": {""max_value"": 10.0}, ""status"": ""applied""}, {""operation"": ""pca"", ""parameters"": {""n_comps"": 50, ""random_state"": 0, ""svd_solver"": ""arpack"", ""use_highly_variable"": false, ""zero_center"": true}, ""status"": ""applied""}, {""operation"": ""neighbors"", ""parameters"": {""method"": ""umap"", ""metric"": ""euclidean"", ""n_neighbors"": 15, ""n_pcs"": 30, ""random_state"": 0, ""use_rep"": ""X_pca""}, ""status"": ""applied""}, {""operation"": ""umap"", ""parameters"": {""min_dist"": 0.3, ""n_components"": 3, ""preserve_existing"": false, ""random_state"": 0}, ""status"": ""applied""}]}"
24,65,65,20,curated_reference_real,curated_annotation_literature_lineage_graph,2,63,0.0014192611151004,0.9834272049647572,129,79.03443560004234,90.99111420003464,170.025549800077,40.57603380002547,1328.5625,543.83203125,"[234,745,2321,2666,261,1499,1463,591,2582,507,1872,1745,1344,1625,129,783,1415,422,3043,1778,3243,1974,2999,205,2690,3034,197,1197,3045,2351,2312,1655,3096,2424,69,2269,1474,336,2726,1102,2146,391,45,1451,1273,2558,103,3113,185,948,1234]","[234,745,2321,2666,261,1499,1463,591,2582,507,1872,1745,1344,1625,129,783,1415,422,3043,1778,3243,1974,2999,205,2690,3034,1192,2192,341,2935,2085,239,954,1228,2901,2341,705,1082]","[234,745,2321,2666,261,1499,1463,591,2582,507,1872,1745,1344,1625,129,783,1415,422,3043,1778,3243,1974,2999,205,2690,3034,197,1197,3045,2351,2312,1655,3096,2424,69,2269,1474,336,2726,1102,2146,391,45,1451,1273,2558,103,3113,185,948,1234]",0.9242052279699182,0.924390851328454,0.8039948352778974,"[234,745,2321,2666,261,1499,1463,591,2582,507,1872,1745,1344,1625,129,783,1415,422,3043,1778,3243,1974,2999,205,2690,3034,1192,2192,341,2935,2085,239,954,1228,2901,2341,705,1082]",0.9013299840165384,0.9025397637247572,0.7832860019848318,0.8935884187007995,0.9083175518416376,0.7825729065869679,0.8734655703974945,0.827552866542947,0.700070618768658,Real-data scores measure agreement with the configured coarse curated reference; they are not absolute biological ground truth.,0.7579598978707829,0.6637671461241894,0.8985725009622831,0.8358294124949962,0.7840309169408893,0.3256842409679186,0.2852583447435601,15,12,"{""C1QA"": 0.26286055841368966, ""C1QB"": 0.14240672031667892, ""CCR2"": -0.12864941268019475, ""CD1C"": 0.23228650463472694, ""CD74"": 0.617742331330929, ""CLEC10A"": 0.3076561310734306, ""CLEC5A"": -0.19805460549514875, ""CSF1R"": 0.44681175644235466, ""FCGR3A"": 0.4975115152525568, ""PKIB"": 0.18310801890209638, ""RETN"": -0.32513815570318366, ""SELL"": -0.5659851813700326}",success,,official R dyneval on exported dynwrap trajectories,"Saelens et al., Nature Biotechnology (2019), doi:10.1038/s41587-019-0071-9",v2.0,4.6.1,0.9.9,1.3.0,1.0.1,1.1.0,daeb26af7d40c21b32283af31beb17a8ee8c3c6f,319bcfe3a0e38af45f368d2a53146165416d1a8a,b6fa729b1bc531e179aec3f3d7aa14cd8ef2015e,63fb255c894df1ba6d72b50bd0fb02d78bcee2af,0.0,1.0,0.0,0.9588229333463878,True,True,True,raw_counts_common_hvg2000_pca50_neighbors15_umap3,10,exclude_labels|normalize_total|log1p|highly_variable_genes|set_raw|subset_highly_variable|scale|pca|neighbors|umap,65,3264x19089,3264x2000,"{""completed_before_inference"": true, ""input_shape"": [3264, 19089], ""input_x_max"": 1054.0, ""input_x_min"": 1.0, ""model_coordinate_key_ready"": true, ""output_shape"": [3264, 2000], ""plot_coordinate_key_ready"": true, ""profile"": ""raw_counts_common_hvg2000_pca50_neighbors15_umap3"", ""random_seed"": 65, ""steps"": [{""operation"": ""exclude_labels"", ""parameters"": {""values"": []}, ""status"": ""applied""}, {""operation"": ""normalize_total"", ""parameters"": {""target_sum"": 10000.0}, ""status"": ""applied""}, {""operation"": ""log1p"", ""parameters"": {}, ""status"": ""applied""}, {""operation"": ""highly_variable_genes"", ""parameters"": {""flavor"": ""seurat"", ""n_top_genes"": 2000}, ""status"": ""applied""}, {""operation"": ""set_raw"", ""parameters"": {}, ""status"": ""applied""}, {""operation"": ""subset_highly_variable"", ""parameters"": {}, ""status"": ""applied""}, {""operation"": ""scale"", ""parameters"": {""max_value"": 10.0}, ""status"": ""applied""}, {""operation"": ""pca"", ""parameters"": {""n_comps"": 50, ""random_state"": 0, ""svd_solver"": ""arpack"", ""use_highly_variable"": false, ""zero_center"": true}, ""status"": ""applied""}, {""operation"": ""neighbors"", ""parameters"": {""method"": ""umap"", ""metric"": ""euclidean"", ""n_neighbors"": 15, ""n_pcs"": 30, ""random_state"": 0, ""use_rep"": ""X_pca""}, ""status"": ""applied""}, {""operation"": ""umap"", ""parameters"": {""min_dist"": 0.3, ""n_components"": 3, ""preserve_existing"": false, ""random_state"": 0}, ""status"": ""applied""}]}"
25,66,66,20,curated_reference_real,curated_annotation_literature_lineage_graph,2,97,0.0015448568128851,0.9734135528251472,24,76.71532479999587,93.30171700002391,170.0170418000198,39.09427140001208,1328.26953125,543.53125,"[234,745,1438,24,1847,58,1516,2177,2644,1109,2378,503,1283,2793,794,1308,1952,1198,2078,2693,1566,457,2404,3168,167,801,1689,1414,2893,981,1762,1705,1579,3036,853,2768,2847,959,2424,2269,1158,1915,1378,2915,2057,1690,2606,6,398,2134,2991,2891,2905,863,1305,1234]","[234,745,1438,24,516,1612,960,381,2068,207,3225,372,1559,1521,663,706,1625,1649,1056,478,783,2848,2190,2553,2699,299,2394,2045,329,1145,775,630,3236,1742,2048,1192,2192,830,2013,1901,2069,572,191,705,1082]","[234,745,1438,24,1847,58,1516,2177,2644,1109,2378,503,1283,2793,794,1308,1952,1198,2078,2693,1566,457,2404,3168,167,801,1689,1414,2893,981,1762,1705,1579,3036,853,2768,2847,959,2424,2269,1158,1915,1378,2915,2057,1690,2606,6,398,2134,2991,2891,2905,863,1305,1234]",0.9320427683870132,0.9320744691982704,0.8118441408859889,"[234,745,1438,24,516,1612,960,381,2068,207,3225,372,1559,1521,663,706,1625,1649,1056,478,783,2848,2190,2553,2699,299,2394,2045,329,1145,775,630,3236,1742,2048,1192,2192,830,2013,1901,2069,572,191,705,1082]",0.8851883822519756,0.8898685137569576,0.7627882116409891,0.9115013802951336,0.9134142249162296,0.7887531089096279,0.9027831654538336,0.8812304659721328,0.7460577821121771,Real-data scores measure agreement with the configured coarse curated reference; they are not absolute biological ground truth.,0.5585244801004422,0.2883424740486385,0.5861965637796528,0.955646852191414,0.5480534094533762,0.3254320115530811,0.2784194463814041,15,12,"{""C1QA"": 0.2691458556688206, ""C1QB"": 0.14682630112739845, ""CCR2"": -0.06262041976565406, ""CD1C"": 0.2633605284466777, ""CD74"": 0.6756512829803721, ""CLEC10A"": 0.32456247620349316, ""CLEC5A"": -0.20414760665769538, ""CSF1R"": 0.46043068759654676, ""FCGR3A"": 0.4885629418876482, ""PKIB"": 0.1940292403827721, ""RETN"": -0.28769303709398775, ""SELL"": -0.5281537608259074}",success,,official R dyneval on exported dynwrap trajectories,"Saelens et al., Nature Biotechnology (2019), doi:10.1038/s41587-019-0071-9",v2.0,4.6.1,0.9.9,1.3.0,1.0.1,1.1.0,daeb26af7d40c21b32283af31beb17a8ee8c3c6f,319bcfe3a0e38af45f368d2a53146165416d1a8a,b6fa729b1bc531e179aec3f3d7aa14cd8ef2015e,63fb255c894df1ba6d72b50bd0fb02d78bcee2af,0.0,1.0,0.0,0.9559184411453866,True,True,True,raw_counts_common_hvg2000_pca50_neighbors15_umap3,10,exclude_labels|normalize_total|log1p|highly_variable_genes|set_raw|subset_highly_variable|scale|pca|neighbors|umap,66,3264x19089,3264x2000,"{""completed_before_inference"": true, ""input_shape"": [3264, 19089], ""input_x_max"": 1054.0, ""input_x_min"": 1.0, ""model_coordinate_key_ready"": true, ""output_shape"": [3264, 2000], ""plot_coordinate_key_ready"": true, ""profile"": ""raw_counts_common_hvg2000_pca50_neighbors15_umap3"", ""random_seed"": 66, ""steps"": [{""operation"": ""exclude_labels"", ""parameters"": {""values"": []}, ""status"": ""applied""}, {""operation"": ""normalize_total"", ""parameters"": {""target_sum"": 10000.0}, ""status"": ""applied""}, {""operation"": ""log1p"", ""parameters"": {}, ""status"": ""applied""}, {""operation"": ""highly_variable_genes"", ""parameters"": {""flavor"": ""seurat"", ""n_top_genes"": 2000}, ""status"": ""applied""}, {""operation"": ""set_raw"", ""parameters"": {}, ""status"": ""applied""}, {""operation"": ""subset_highly_variable"", ""parameters"": {}, ""status"": ""applied""}, {""operation"": ""scale"", ""parameters"": {""max_value"": 10.0}, ""status"": ""applied""}, {""operation"": ""pca"", ""parameters"": {""n_comps"": 50, ""random_state"": 0, ""svd_solver"": ""arpack"", ""use_highly_variable"": false, ""zero_center"": true}, ""status"": ""applied""}, {""operation"": ""neighbors"", ""parameters"": {""method"": ""umap"", ""metric"": ""euclidean"", ""n_neighbors"": 15, ""n_pcs"": 30, ""random_state"": 0, ""use_rep"": ""X_pca""}, ""status"": ""applied""}, {""operation"": ""umap"", ""parameters"": {""min_dist"": 0.3, ""n_components"": 3, ""preserve_existing"": false, ""random_state"": 0}, ""status"": ""applied""}]}"
26,67,67,20,curated_reference_real,curated_annotation_literature_lineage_graph,2,65,0.0132656074628311,0.861913846666241,76,76.15354670002125,78.84388999996008,154.99743669998134,36.01450960000511,1329.44921875,544.046875,"[234,2173,644,462,516,1047,2236,2911,1981,311,1761,2171,1353,251,2710,2953,3102,1526,3003,722,3258,3197,76,3141,335,321,197,339,2462,2768,2847,1058,70,3130,1189,2796,2303,1915,423,3100,2910,2599,2964,2496,3184,1476,1020,2244,2200,2905,254,1305,1234]","[234,2173,644,462,516,1047,2236,2911,1981,311,1761,2171,1353,251,2710,2953,3102,1526,3003,722,3258,3197,76,3141,335,321,3034,1762,400,470,830,2179,2746,2952,636,2804,1159,1082]","[234,2173,644,462,516,1047,2236,2911,1981,311,1761,2171,1353,251,2710,2953,3102,1526,3003,722,3258,3197,76,3141,335,321,197,339,2462,2768,2847,1058,70,3130,1189,2796,2303,1915,423,3100,2910,2599,2964,2496,3184,1476,1020,2244,2200,2905,254,1305,1234]",0.9231440430266364,0.9237373144432296,0.8027848826572784,"[234,2173,644,462,516,1047,2236,2911,1981,311,1761,2171,1353,251,2710,2953,3102,1526,3003,722,3258,3197,76,3141,335,321,3034,1762,400,470,830,2179,2746,2952,636,2804,1159,1082]",0.8946181686130418,0.8965628271932099,0.7758313907731189,0.8825836369947726,0.8895332726293258,0.7638321427328635,0.8876747287618024,0.8627727682614769,0.7314136832613132,Real-data scores measure agreement with the configured coarse curated reference; they are not absolute biological ground truth.,0.673472191595841,0.6676082674439057,0.8989549489097594,0.8631913925470345,0.7685490688184113,0.3292748952982766,0.2882371915482749,15,12,"{""C1QA"": 0.2637017891238018, ""C1QB"": 0.1423137598140171, ""CCR2"": -0.10811735552697987, ""CD1C"": 0.23998712008443845, ""CD74"": 0.6523544681424631, ""CLEC10A"": 0.3127725939727479, ""CLEC5A"": -0.2051947955113315, ""CSF1R"": 0.4615963382631498, ""FCGR3A"": 0.5007840861234887, ""PKIB"": 0.1831046424560114, ""RETN"": -0.3143083178292241, ""SELL"": -0.5670634767316658}",success,,official R dyneval on exported dynwrap trajectories,"Saelens et al., Nature Biotechnology (2019), doi:10.1038/s41587-019-0071-9",v2.0,4.6.1,0.9.9,1.3.0,1.0.1,1.1.0,daeb26af7d40c21b32283af31beb17a8ee8c3c6f,319bcfe3a0e38af45f368d2a53146165416d1a8a,b6fa729b1bc531e179aec3f3d7aa14cd8ef2015e,63fb255c894df1ba6d72b50bd0fb02d78bcee2af,0.0,1.0,0.0,0.952566268371846,True,True,True,raw_counts_common_hvg2000_pca50_neighbors15_umap3,10,exclude_labels|normalize_total|log1p|highly_variable_genes|set_raw|subset_highly_variable|scale|pca|neighbors|umap,67,3264x19089,3264x2000,"{""completed_before_inference"": true, ""input_shape"": [3264, 19089], ""input_x_max"": 1054.0, ""input_x_min"": 1.0, ""model_coordinate_key_ready"": true, ""output_shape"": [3264, 2000], ""plot_coordinate_key_ready"": true, ""profile"": ""raw_counts_common_hvg2000_pca50_neighbors15_umap3"", ""random_seed"": 67, ""steps"": [{""operation"": ""exclude_labels"", ""parameters"": {""values"": []}, ""status"": ""applied""}, {""operation"": ""normalize_total"", ""parameters"": {""target_sum"": 10000.0}, ""status"": ""applied""}, {""operation"": ""log1p"", ""parameters"": {}, ""status"": ""applied""}, {""operation"": ""highly_variable_genes"", ""parameters"": {""flavor"": ""seurat"", ""n_top_genes"": 2000}, ""status"": ""applied""}, {""operation"": ""set_raw"", ""parameters"": {}, ""status"": ""applied""}, {""operation"": ""subset_highly_variable"", ""parameters"": {}, ""status"": ""applied""}, {""operation"": ""scale"", ""parameters"": {""max_value"": 10.0}, ""status"": ""applied""}, {""operation"": ""pca"", ""parameters"": {""n_comps"": 50, ""random_state"": 0, ""svd_solver"": ""arpack"", ""use_highly_variable"": false, ""zero_center"": true}, ""status"": ""applied""}, {""operation"": ""neighbors"", ""parameters"": {""method"": ""umap"", ""metric"": ""euclidean"", ""n_neighbors"": 15, ""n_pcs"": 30, ""random_state"": 0, ""use_rep"": ""X_pca""}, ""status"": ""applied""}, {""operation"": ""umap"", ""parameters"": {""min_dist"": 0.3, ""n_components"": 3, ""preserve_existing"": false, ""random_state"": 0}, ""status"": ""applied""}]}"
27,68,68,20,curated_reference_real,curated_annotation_literature_lineage_graph,2,69,0.0023731735733277,0.976151131408881,92,67.47117979999166,74.60957690002397,142.08075670001563,34.217607599974144,1328.578125,543.30078125,"[234,2767,644,1550,2174,96,870,779,287,1238,1872,522,803,782,999,703,1493,1795,2543,2642,2172,3170,92,2640,2082,1071,2276,1179,2787,3037,2851,2048,2372,587,853,2462,2919,778,3080,463,1686,374,2037,1158,1506,1450,1326,3180,1102,1726,459,320,1884,103,2258,3214,2608,1234]","[234,2767,644,1550,2174,96,870,779,287,1238,1872,522,803,782,999,703,1493,1795,2543,2642,2172,3170,92,2640,2082,1071,2276,1179,2787,3037,2851,2048,2372,1103,341,2427,327,920,1530,1993,687,191,2995,1082]","[234,2767,644,1550,2174,96,870,779,287,1238,1872,522,803,782,999,703,1493,1795,2543,2642,2172,3170,92,2640,2082,1071,2276,1179,2787,3037,2851,2048,2372,587,853,2462,2919,778,3080,463,1686,374,2037,1158,1506,1450,1326,3180,1102,1726,459,320,1884,103,2258,3214,2608,1234]",0.9098625195337928,0.9099618403251748,0.7882750173293949,"[234,2767,644,1550,2174,96,870,779,287,1238,1872,522,803,782,999,703,1493,1795,2543,2642,2172,3170,92,2640,2082,1071,2276,1179,2787,3037,2851,2048,2372,1103,341,2427,327,920,1530,1993,687,191,2995,1082]",0.8905170405112554,0.8918998302013595,0.7701981548382631,0.8628204622263765,0.8578824898831588,0.7330495254664183,0.8604946339969344,0.8009122362296678,0.6756081037869489,Real-data scores measure agreement with the configured coarse curated reference; they are not absolute biological ground truth.,0.7190429314202647,0.6853136255255757,0.8732887404276684,0.8607217036847623,0.7801286017769904,0.3256803183526528,0.2845362925751616,15,12,"{""C1QA"": 0.26241283133501436, ""C1QB"": 0.14354945354137935, ""CCR2"": -0.1327671161756032, ""CD1C"": 0.23167054180893085, ""CD74"": 0.6154547820003691, ""CLEC10A"": 0.30665975381530886, ""CLEC5A"": -0.19795524380929347, ""CSF1R"": 0.44564866916743356, ""FCGR3A"": 0.49861179394444877, ""PKIB"": 0.17669213524442304, ""RETN"": -0.323103774359577, ""SELL"": -0.5736377250300522}",success,,official R dyneval on exported dynwrap trajectories,"Saelens et al., Nature Biotechnology (2019), doi:10.1038/s41587-019-0071-9",v2.0,4.6.1,0.9.9,1.3.0,1.0.1,1.1.0,daeb26af7d40c21b32283af31beb17a8ee8c3c6f,319bcfe3a0e38af45f368d2a53146165416d1a8a,b6fa729b1bc531e179aec3f3d7aa14cd8ef2015e,63fb255c894df1ba6d72b50bd0fb02d78bcee2af,0.0,1.0,0.0,0.9426912117256304,True,True,True,raw_counts_common_hvg2000_pca50_neighbors15_umap3,10,exclude_labels|normalize_total|log1p|highly_variable_genes|set_raw|subset_highly_variable|scale|pca|neighbors|umap,68,3264x19089,3264x2000,"{""completed_before_inference"": true, ""input_shape"": [3264, 19089], ""input_x_max"": 1054.0, ""input_x_min"": 1.0, ""model_coordinate_key_ready"": true, ""output_shape"": [3264, 2000], ""plot_coordinate_key_ready"": true, ""profile"": ""raw_counts_common_hvg2000_pca50_neighbors15_umap3"", ""random_seed"": 68, ""steps"": [{""operation"": ""exclude_labels"", ""parameters"": {""values"": []}, ""status"": ""applied""}, {""operation"": ""normalize_total"", ""parameters"": {""target_sum"": 10000.0}, ""status"": ""applied""}, {""operation"": ""log1p"", ""parameters"": {}, ""status"": ""applied""}, {""operation"": ""highly_variable_genes"", ""parameters"": {""flavor"": ""seurat"", ""n_top_genes"": 2000}, ""status"": ""applied""}, {""operation"": ""set_raw"", ""parameters"": {}, ""status"": ""applied""}, {""operation"": ""subset_highly_variable"", ""parameters"": {}, ""status"": ""applied""}, {""operation"": ""scale"", ""parameters"": {""max_value"": 10.0}, ""status"": ""applied""}, {""operation"": ""pca"", ""parameters"": {""n_comps"": 50, ""random_state"": 0, ""svd_solver"": ""arpack"", ""use_highly_variable"": false, ""zero_center"": true}, ""status"": ""applied""}, {""operation"": ""neighbors"", ""parameters"": {""method"": ""umap"", ""metric"": ""euclidean"", ""n_neighbors"": 15, ""n_pcs"": 30, ""random_state"": 0, ""use_rep"": ""X_pca""}, ""status"": ""applied""}, {""operation"": ""umap"", ""parameters"": {""min_dist"": 0.3, ""n_components"": 3, ""preserve_existing"": false, ""random_state"": 0}, ""status"": ""applied""}]}"
28,69,69,20,curated_reference_real,curated_annotation_literature_lineage_graph,2,70,0.0006981136490143,0.9860053462573352,11,66.70287639996968,80.61751930002356,147.32039569999324,37.12913900002604,1329.1171875,544.0,"[234,523,2824,2512,2359,567,2672,11,1428,935,509,550,2159,1848,2708,3008,975,1279,2228,215,1633,1168,3164,3010,926,596,1899,3234,175,1695,1178,924,2409,1883,1225,463,1686,1661,1108,2037,1206,1243,423,377,2237,1599,1690,2606,486,343,1797,1381,2990,1305,1965,1234]","[234,523,2824,2512,2359,567,2672,11,1428,935,509,550,2159,1848,2708,3008,975,1279,2228,215,1633,1168,3164,3010,926,596,1899,3234,175,1695,1178,2565,2467,3107,2438,2192,1804,2935,1646,1171,1993,1810,2804,465,1082]","[234,523,2824,2512,2359,567,2672,11,1428,935,509,550,2159,1848,2708,3008,975,1279,2228,215,1633,1168,3164,3010,926,596,1899,3234,175,1695,1178,924,2409,1883,1225,463,1686,1661,1108,2037,1206,1243,423,377,2237,1599,1690,2606,486,343,1797,1381,2990,1305,1965,1234]",0.9264505181923112,0.9264847707655516,0.8055751295358181,"[234,523,2824,2512,2359,567,2672,11,1428,935,509,550,2159,1848,2708,3008,975,1279,2228,215,1633,1168,3164,3010,926,596,1899,3234,175,1695,1178,2565,2467,3107,2438,2192,1804,2935,1646,1171,1993,1810,2804,465,1082]",0.8735874630260055,0.8805609892690217,0.7544754693433798,0.9127741288690452,0.9282992302082036,0.8062915956434137,0.894742185295164,0.866870130873441,0.7353905374345033,Real-data scores measure agreement with the configured coarse curated reference; they are not absolute biological ground truth.,0.7147997534625607,0.5767614179654431,0.9403267312874136,0.887604418281272,0.7658958355894117,0.3313995171825479,0.2895131557045814,15,12,"{""C1QA"": 0.26761448003671434, ""C1QB"": 0.1453881156442041, ""CCR2"": -0.09534281728760326, ""CD1C"": 0.25131560020271765, ""CD74"": 0.6657998141130854, ""CLEC10A"": 0.32148956865683065, ""CLEC5A"": -0.20655333525155437, ""CSF1R"": 0.4618820203705069, ""FCGR3A"": 0.4982059562574947, ""PKIB"": 0.1889830017817158, ""RETN"": -0.31141183137244866, ""SELL"": -0.5628076652156996}",success,,official R dyneval on exported dynwrap trajectories,"Saelens et al., Nature Biotechnology (2019), doi:10.1038/s41587-019-0071-9",v2.0,4.6.1,0.9.9,1.3.0,1.0.1,1.1.0,daeb26af7d40c21b32283af31beb17a8ee8c3c6f,319bcfe3a0e38af45f368d2a53146165416d1a8a,b6fa729b1bc531e179aec3f3d7aa14cd8ef2015e,63fb255c894df1ba6d72b50bd0fb02d78bcee2af,0.0,1.0,0.0,0.9378509276471444,True,True,True,raw_counts_common_hvg2000_pca50_neighbors15_umap3,10,exclude_labels|normalize_total|log1p|highly_variable_genes|set_raw|subset_highly_variable|scale|pca|neighbors|umap,69,3264x19089,3264x2000,"{""completed_before_inference"": true, ""input_shape"": [3264, 19089], ""input_x_max"": 1054.0, ""input_x_min"": 1.0, ""model_coordinate_key_ready"": true, ""output_shape"": [3264, 2000], ""plot_coordinate_key_ready"": true, ""profile"": ""raw_counts_common_hvg2000_pca50_neighbors15_umap3"", ""random_seed"": 69, ""steps"": [{""operation"": ""exclude_labels"", ""parameters"": {""values"": []}, ""status"": ""applied""}, {""operation"": ""normalize_total"", ""parameters"": {""target_sum"": 10000.0}, ""status"": ""applied""}, {""operation"": ""log1p"", ""parameters"": {}, ""status"": ""applied""}, {""operation"": ""highly_variable_genes"", ""parameters"": {""flavor"": ""seurat"", ""n_top_genes"": 2000}, ""status"": ""applied""}, {""operation"": ""set_raw"", ""parameters"": {}, ""status"": ""applied""}, {""operation"": ""subset_highly_variable"", ""parameters"": {}, ""status"": ""applied""}, {""operation"": ""scale"", ""parameters"": {""max_value"": 10.0}, ""status"": ""applied""}, {""operation"": ""pca"", ""parameters"": {""n_comps"": 50, ""random_state"": 0, ""svd_solver"": ""arpack"", ""use_highly_variable"": false, ""zero_center"": true}, ""status"": ""applied""}, {""operation"": ""neighbors"", ""parameters"": {""method"": ""umap"", ""metric"": ""euclidean"", ""n_neighbors"": 15, ""n_pcs"": 30, ""random_state"": 0, ""use_rep"": ""X_pca""}, ""status"": ""applied""}, {""operation"": ""umap"", ""parameters"": {""min_dist"": 0.3, ""n_components"": 3, ""preserve_existing"": false, ""random_state"": 0}, ""status"": ""applied""}]}"
29,70,70,20,curated_reference_real,curated_annotation_literature_lineage_graph,2,71,0.0094658781585773,0.8769730306176458,97,67.3272945000208,76.41977839998435,143.74707290000515,37.05347410001559,1329.34375,544.05078125,"[234,2173,1438,692,1771,342,2489,1448,2333,2716,1383,325,2008,562,3119,97,2662,95,364,1162,301,2027,1577,2223,1242,54,1867,2450,680,2185,1337,798,2656,634,2300,1243,1209,2921,1939,2714,2281,1733,863,1616,1234]","[234,2173,1438,692,1771,342,2489,1448,2333,2716,1383,325,2008,562,3119,97,2662,3212,492,366,110,1604,1376,1176,1664,2602,1024,2468,1742,2821,2467,2017,339,1391,2562,305,1628,920,1530,2892,191,465,1082]","[234,2173,1438,692,1771,342,2489,1448,2333,2716,1383,325,2008,562,3119,97,2662,95,364,1162,301,2027,1577,2223,1242,54,1867,2450,680,2185,1337,798,2656,634,2300,1243,1209,2921,1939,2714,2281,1733,863,1616,1234]",0.8771369703149186,0.8767648359395505,0.7567461650596657,"[234,2173,1438,692,1771,342,2489,1448,2333,2716,1383,325,2008,562,3119,97,2662,3212,492,366,110,1604,1376,1176,1664,2602,1024,2468,1742,2821,2467,2017,339,1391,2562,305,1628,920,1530,2892,191,465,1082]",0.8548456322290788,0.8555493408822307,0.7351393221035588,0.829848851584518,0.8189399225253449,0.6959309461778033,0.8724904456707787,0.8238415021105876,0.6965344600505108,Real-data scores measure agreement with the configured coarse curated reference; they are not absolute biological ground truth.,0.6794985640681734,0.385116623644726,0.8990379559658866,0.8752233710720866,0.6736269217070521,0.3299700052014562,0.2873473397833026,15,12,"{""C1QA"": 0.26280204166195587, ""C1QB"": 0.14182906662488765, ""CCR2"": -0.12896743751736078, ""CD1C"": 0.23698740822600461, ""CD74"": 0.6340937146339081, ""CLEC10A"": 0.3118926379046494, ""CLEC5A"": -0.20789883944878218, ""CSF1R"": 0.45395137295828747, ""FCGR3A"": 0.4978797018580869, ""PKIB"": 0.18018181119598006, ""RETN"": -0.32655624619170015, ""SELL"": -0.5765997841958718}",success,,official R dyneval on exported dynwrap trajectories,"Saelens et al., Nature Biotechnology (2019), doi:10.1038/s41587-019-0071-9",v2.0,4.6.1,0.9.9,1.3.0,1.0.1,1.1.0,daeb26af7d40c21b32283af31beb17a8ee8c3c6f,319bcfe3a0e38af45f368d2a53146165416d1a8a,b6fa729b1bc531e179aec3f3d7aa14cd8ef2015e,63fb255c894df1ba6d72b50bd0fb02d78bcee2af,0.0,1.0,0.0,0.9502000459105016,True,True,True,raw_counts_common_hvg2000_pca50_neighbors15_umap3,10,exclude_labels|normalize_total|log1p|highly_variable_genes|set_raw|subset_highly_variable|scale|pca|neighbors|umap,70,3264x19089,3264x2000,"{""completed_before_inference"": true, ""input_shape"": [3264, 19089], ""input_x_max"": 1054.0, ""input_x_min"": 1.0, ""model_coordinate_key_ready"": true, ""output_shape"": [3264, 2000], ""plot_coordinate_key_ready"": true, ""profile"": ""raw_counts_common_hvg2000_pca50_neighbors15_umap3"", ""random_seed"": 70, ""steps"": [{""operation"": ""exclude_labels"", ""parameters"": {""values"": []}, ""status"": ""applied""}, {""operation"": ""normalize_total"", ""parameters"": {""target_sum"": 10000.0}, ""status"": ""applied""}, {""operation"": ""log1p"", ""parameters"": {}, ""status"": ""applied""}, {""operation"": ""highly_variable_genes"", ""parameters"": {""flavor"": ""seurat"", ""n_top_genes"": 2000}, ""status"": ""applied""}, {""operation"": ""set_raw"", ""parameters"": {}, ""status"": ""applied""}, {""operation"": ""subset_highly_variable"", ""parameters"": {}, ""status"": ""applied""}, {""operation"": ""scale"", ""parameters"": {""max_value"": 10.0}, ""status"": ""applied""}, {""operation"": ""pca"", ""parameters"": {""n_comps"": 50, ""random_state"": 0, ""svd_solver"": ""arpack"", ""use_highly_variable"": false, ""zero_center"": true}, ""status"": ""applied""}, {""operation"": ""neighbors"", ""parameters"": {""method"": ""umap"", ""metric"": ""euclidean"", ""n_neighbors"": 15, ""n_pcs"": 30, ""random_state"": 0, ""use_rep"": ""X_pca""}, ""status"": ""applied""}, {""operation"": ""umap"", ""parameters"": {""min_dist"": 0.3, ""n_components"": 3, ""preserve_existing"": false, ""random_state"": 0}, ""status"": ""applied""}]}"
30,71,71,20,curated_reference_real,curated_annotation_literature_lineage_graph,2,94,0.0014806051021232,0.9758850294135152,234,65.67113599996082,73.56511230004253,139.23624830000335,36.39859350002371,1329.96875,544.55078125,"[234,2888,1438,24,111,2740,2136,2156,418,466,1753,2333,408,107,332,307,188,2788,1794,2639,3042,1496,961,1675,2994,3115,1825,906,2334,2805,1969,1054,1578,42,2944,1781,69,1426,2037,1474,1374,2522,3031,2146,1270,45,2036,1822,416,2262,2101,297,694,2305,2990,1305,1234]","[234,2888,1438,692,990,1499,960,748,2616,803,399,1149,623,638,2420,1483,898,2196,556,2848,429,2699,2229,3243,2529,2787,3037,802,918,1192,2860,369,1617,1621,1171,3244,687,1318,1682,1082]","[234,2888,1438,24,111,2740,2136,2156,418,466,1753,2333,408,107,332,307,188,2788,1794,2639,3042,1496,961,1675,2994,3115,1825,906,2334,2805,1969,1054,1578,42,2944,1781,69,1426,2037,1474,1374,2522,3031,2146,1270,45,2036,1822,416,2262,2101,297,694,2305,2990,1305,1234]",0.9329300719335925,0.9334604057328332,0.8126864967646428,"[234,2888,1438,692,990,1499,960,748,2616,803,399,1149,623,638,2420,1483,898,2196,556,2848,429,2699,2229,3243,2529,2787,3037,802,918,1192,2860,369,1617,1621,1171,3244,687,1318,1682,1082]",0.8726916308022328,0.8750204135832691,0.7522768094325056,0.9097870674370218,0.911765683724769,0.7874753485678494,0.9154568001227186,0.8834623465520687,0.7501771125790082,Real-data scores measure agreement with the configured coarse curated reference; they are not absolute biological ground truth.,0.5544547074723462,0.2826921996553634,0.5699467469173993,0.9548635219046556,0.5404292797530146,0.3270415513610263,0.2791326773151735,15,12,"{""C1QA"": 0.26822515776341826, ""C1QB"": 0.14395660275274774, ""CCR2"": -0.0651754519592883, ""CD1C"": 0.25823864474557195, ""CD74"": 0.6790025797231728, ""CLEC10A"": 0.32559970618942674, ""CLEC5A"": -0.2008453335093828, ""CSF1R"": 0.4683075582044289, ""FCGR3A"": 0.4968582028088512, ""PKIB"": 0.1918985602889551, ""RETN"": -0.2900401968669288, ""SELL"": -0.5363506215201442}",success,,official R dyneval on exported dynwrap trajectories,"Saelens et al., Nature Biotechnology (2019), doi:10.1038/s41587-019-0071-9",v2.0,4.6.1,0.9.9,1.3.0,1.0.1,1.1.0,daeb26af7d40c21b32283af31beb17a8ee8c3c6f,319bcfe3a0e38af45f368d2a53146165416d1a8a,b6fa729b1bc531e179aec3f3d7aa14cd8ef2015e,63fb255c894df1ba6d72b50bd0fb02d78bcee2af,0.0,1.0,0.0,0.9549065350075328,True,True,True,raw_counts_common_hvg2000_pca50_neighbors15_umap3,10,exclude_labels|normalize_total|log1p|highly_variable_genes|set_raw|subset_highly_variable|scale|pca|neighbors|umap,71,3264x19089,3264x2000,"{""completed_before_inference"": true, ""input_shape"": [3264, 19089], ""input_x_max"": 1054.0, ""input_x_min"": 1.0, ""model_coordinate_key_ready"": true, ""output_shape"": [3264, 2000], ""plot_coordinate_key_ready"": true, ""profile"": ""raw_counts_common_hvg2000_pca50_neighbors15_umap3"", ""random_seed"": 71, ""steps"": [{""operation"": ""exclude_labels"", ""parameters"": {""values"": []}, ""status"": ""applied""}, {""operation"": ""normalize_total"", ""parameters"": {""target_sum"": 10000.0}, ""status"": ""applied""}, {""operation"": ""log1p"", ""parameters"": {}, ""status"": ""applied""}, {""operation"": ""highly_variable_genes"", ""parameters"": {""flavor"": ""seurat"", ""n_top_genes"": 2000}, ""status"": ""applied""}, {""operation"": ""set_raw"", ""parameters"": {}, ""status"": ""applied""}, {""operation"": ""subset_highly_variable"", ""parameters"": {}, ""status"": ""applied""}, {""operation"": ""scale"", ""parameters"": {""max_value"": 10.0}, ""status"": ""applied""}, {""operation"": ""pca"", ""parameters"": {""n_comps"": 50, ""random_state"": 0, ""svd_solver"": ""arpack"", ""use_highly_variable"": false, ""zero_center"": true}, ""status"": ""applied""}, {""operation"": ""neighbors"", ""parameters"": {""method"": ""umap"", ""metric"": ""euclidean"", ""n_neighbors"": 15, ""n_pcs"": 30, ""random_state"": 0, ""use_rep"": ""X_pca""}, ""status"": ""applied""}, {""operation"": ""umap"", ""parameters"": {""min_dist"": 0.3, ""n_components"": 3, ""preserve_existing"": false, ""random_state"": 0}, ""status"": ""applied""}]}"
31,72,72,20,curated_reference_real,curated_annotation_literature_lineage_graph,2,69,0.000637254655155,0.9892883492877648,111,67.27472190000117,69.43694330001017,136.71166520001134,32.49844639998628,1329.859375,544.4296875,"[234,135,1438,1780,111,1912,2136,1210,1551,201,547,2096,3098,2074,2152,332,2059,518,1567,1084,1604,657,573,1350,2468,557,160,2167,1824,241,1134,2933,511,3129,2269,1474,1506,2795,1450,2522,609,2146,2866,3163,914,391,2789,447,888,486,2379,749,2541,132,2305,1336,1616,1234]","[234,135,1438,1780,111,1912,2136,1210,1551,201,547,2096,3098,2074,2152,332,2059,518,1567,1084,1604,657,573,1350,2468,557,160,2167,1391,1579,369,2935,2414,2119,2955,572,191,2995,1082]","[234,135,1438,1780,111,1912,2136,1210,1551,201,547,2096,3098,2074,2152,332,2059,518,1567,1084,1604,657,573,1350,2468,557,160,2167,1824,241,1134,2933,511,3129,2269,1474,1506,2795,1450,2522,609,2146,2866,3163,914,391,2789,447,888,486,2379,749,2541,132,2305,1336,1616,1234]",0.9335951769854716,0.9355754074207676,0.8146475451939369,"[234,135,1438,1780,111,1912,2136,1210,1551,201,547,2096,3098,2074,2152,332,2059,518,1567,1084,1604,657,573,1350,2468,557,160,2167,1391,1579,369,2935,2414,2119,2955,572,191,2995,1082]",0.9059837698717949,0.910161028681156,0.7879269406130516,0.9199656399237623,0.913220269765712,0.7900890073402764,0.8717553241649535,0.8328768384415552,0.7050058236704383,Real-data scores measure agreement with the configured coarse curated reference; they are not absolute biological ground truth.,0.7521512923581968,0.6584698652320229,0.885669544251011,0.8893289836622877,0.7903033391185151,0.3284395273356476,0.2879651081260014,15,12,"{""C1QA"": 0.26306578407170456, ""C1QB"": 0.14391996370721472, ""CCR2"": -0.12042312281798817, ""CD1C"": 0.24177690563178206, ""CD74"": 0.6333487016679734, ""CLEC10A"": 0.3128644321802983, ""CLEC5A"": -0.20766147192528675, ""CSF1R"": 0.4462814864706503, ""FCGR3A"": 0.4922996603160543, ""PKIB"": 0.18743109467556213, ""RETN"": -0.3239662734347091, ""SELL"": -0.5682354311285472}",success,,official R dyneval on exported dynwrap trajectories,"Saelens et al., Nature Biotechnology (2019), doi:10.1038/s41587-019-0071-9",v2.0,4.6.1,0.9.9,1.3.0,1.0.1,1.1.0,daeb26af7d40c21b32283af31beb17a8ee8c3c6f,319bcfe3a0e38af45f368d2a53146165416d1a8a,b6fa729b1bc531e179aec3f3d7aa14cd8ef2015e,63fb255c894df1ba6d72b50bd0fb02d78bcee2af,0.0,1.0,0.0,0.9629145137463166,True,True,True,raw_counts_common_hvg2000_pca50_neighbors15_umap3,10,exclude_labels|normalize_total|log1p|highly_variable_genes|set_raw|subset_highly_variable|scale|pca|neighbors|umap,72,3264x19089,3264x2000,"{""completed_before_inference"": true, ""input_shape"": [3264, 19089], ""input_x_max"": 1054.0, ""input_x_min"": 1.0, ""model_coordinate_key_ready"": true, ""output_shape"": [3264, 2000], ""plot_coordinate_key_ready"": true, ""profile"": ""raw_counts_common_hvg2000_pca50_neighbors15_umap3"", ""random_seed"": 72, ""steps"": [{""operation"": ""exclude_labels"", ""parameters"": {""values"": []}, ""status"": ""applied""}, {""operation"": ""normalize_total"", ""parameters"": {""target_sum"": 10000.0}, ""status"": ""applied""}, {""operation"": ""log1p"", ""parameters"": {}, ""status"": ""applied""}, {""operation"": ""highly_variable_genes"", ""parameters"": {""flavor"": ""seurat"", ""n_top_genes"": 2000}, ""status"": ""applied""}, {""operation"": ""set_raw"", ""parameters"": {}, ""status"": ""applied""}, {""operation"": ""subset_highly_variable"", ""parameters"": {}, ""status"": ""applied""}, {""operation"": ""scale"", ""parameters"": {""max_value"": 10.0}, ""status"": ""applied""}, {""operation"": ""pca"", ""parameters"": {""n_comps"": 50, ""random_state"": 0, ""svd_solver"": ""arpack"", ""use_highly_variable"": false, ""zero_center"": true}, ""status"": ""applied""}, {""operation"": ""neighbors"", ""parameters"": {""method"": ""umap"", ""metric"": ""euclidean"", ""n_neighbors"": 15, ""n_pcs"": 30, ""random_state"": 0, ""use_rep"": ""X_pca""}, ""status"": ""applied""}, {""operation"": ""umap"", ""parameters"": {""min_dist"": 0.3, ""n_components"": 3, ""preserve_existing"": false, ""random_state"": 0}, ""status"": ""applied""}]}"
32,73,73,20,curated_reference_real,curated_annotation_literature_lineage_graph,2,67,0.0018254355335352,0.978284756506404,4,63.71510500001023,85.43088470003568,149.1459897000459,35.68002630001865,1329.88671875,544.13671875,"[234,135,2321,2336,4,2576,467,949,418,2145,2333,408,171,72,797,2597,768,420,2209,3196,49,1896,713,2049,401,1980,494,209,676,715,2450,1264,1352,622,3096,1108,2037,1206,1378,1102,2237,391,2632,2496,1476,2244,2098,2720,1991,2608,1234]","[234,135,2321,2336,4,2576,467,949,418,2145,2333,408,171,72,797,2597,768,420,2209,3196,49,1896,713,2049,401,1980,142,2254,3159,2182,846,290,2348,2860,2427,327,920,1530,2892,350,705,1082]","[234,135,2321,2336,4,2576,467,949,418,2145,2333,408,171,72,797,2597,768,420,2209,3196,49,1896,713,2049,401,1980,494,209,676,715,2450,1264,1352,622,3096,1108,2037,1206,1378,1102,2237,391,2632,2496,1476,2244,2098,2720,1991,2608,1234]",0.9342943218835555,0.9360803599927132,0.8164988305363667,"[234,135,2321,2336,4,2576,467,949,418,2145,2333,408,171,72,797,2597,768,420,2209,3196,49,1896,713,2049,401,1980,142,2254,3159,2182,846,290,2348,2860,2427,327,920,1530,2892,350,705,1082]",0.8989134915441176,0.90939509168734,0.7853182403815399,0.9234663054125272,0.9384658585280948,0.8177916315059472,0.8906565448023711,0.8600057196334658,0.7293066545282734,Real-data scores measure agreement with the configured coarse curated reference; they are not absolute biological ground truth.,0.700266847758507,0.558397968972281,0.8765069639591019,0.8485190936870525,0.734355068448384,0.3295057656881707,0.2876514729976115,15,12,"{""C1QA"": 0.26339099363006235, ""C1QB"": 0.1409596873606826, ""CCR2"": -0.10402683617028448, ""CD1C"": 0.24543139216020052, ""CD74"": 0.6579038470545683, ""CLEC10A"": 0.3174589443572852, ""CLEC5A"": -0.20814785671085165, ""CSF1R"": 0.46010870905784107, ""FCGR3A"": 0.497628225233591, ""PKIB"": 0.18511869609775605, ""RETN"": -0.31191195236516067, ""SELL"": -0.5619820480597647}",success,,official R dyneval on exported dynwrap trajectories,"Saelens et al., Nature Biotechnology (2019), doi:10.1038/s41587-019-0071-9",v2.0,4.6.1,0.9.9,1.3.0,1.0.1,1.1.0,daeb26af7d40c21b32283af31beb17a8ee8c3c6f,319bcfe3a0e38af45f368d2a53146165416d1a8a,b6fa729b1bc531e179aec3f3d7aa14cd8ef2015e,63fb255c894df1ba6d72b50bd0fb02d78bcee2af,0.0,1.0,0.0,0.9395775776115736,True,True,True,raw_counts_common_hvg2000_pca50_neighbors15_umap3,10,exclude_labels|normalize_total|log1p|highly_variable_genes|set_raw|subset_highly_variable|scale|pca|neighbors|umap,73,3264x19089,3264x2000,"{""completed_before_inference"": true, ""input_shape"": [3264, 19089], ""input_x_max"": 1054.0, ""input_x_min"": 1.0, ""model_coordinate_key_ready"": true, ""output_shape"": [3264, 2000], ""plot_coordinate_key_ready"": true, ""profile"": ""raw_counts_common_hvg2000_pca50_neighbors15_umap3"", ""random_seed"": 73, ""steps"": [{""operation"": ""exclude_labels"", ""parameters"": {""values"": []}, ""status"": ""applied""}, {""operation"": ""normalize_total"", ""parameters"": {""target_sum"": 10000.0}, ""status"": ""applied""}, {""operation"": ""log1p"", ""parameters"": {}, ""status"": ""applied""}, {""operation"": ""highly_variable_genes"", ""parameters"": {""flavor"": ""seurat"", ""n_top_genes"": 2000}, ""status"": ""applied""}, {""operation"": ""set_raw"", ""parameters"": {}, ""status"": ""applied""}, {""operation"": ""subset_highly_variable"", ""parameters"": {}, ""status"": ""applied""}, {""operation"": ""scale"", ""parameters"": {""max_value"": 10.0}, ""status"": ""applied""}, {""operation"": ""pca"", ""parameters"": {""n_comps"": 50, ""random_state"": 0, ""svd_solver"": ""arpack"", ""use_highly_variable"": false, ""zero_center"": true}, ""status"": ""applied""}, {""operation"": ""neighbors"", ""parameters"": {""method"": ""umap"", ""metric"": ""euclidean"", ""n_neighbors"": 15, ""n_pcs"": 30, ""random_state"": 0, ""use_rep"": ""X_pca""}, ""status"": ""applied""}, {""operation"": ""umap"", ""parameters"": {""min_dist"": 0.3, ""n_components"": 3, ""preserve_existing"": false, ""random_state"": 0}, ""status"": ""applied""}]}"
33,74,74,20,curated_reference_real,curated_annotation_literature_lineage_graph,2,62,0.0006584585663354,0.9876335291503548,80,65.1796135000186,70.97149530000752,136.15110880002612,34.16230700002052,1330.640625,544.73046875,"[234,3074,2617,140,243,923,363,1222,367,2923,3237,2396,1023,1864,1558,80,1565,1398,1045,810,722,1274,2024,242,221,918,1192,1779,578,249,3162,1443,1686,2429,1355,2568,1915,423,609,1902,2287,3161,2654,2206,2692,974,1381,2043,206,905,1475,1234]","[234,3074,2617,140,243,923,363,1222,367,2923,3237,2396,1023,1864,1558,80,1565,1398,1045,810,722,1274,2024,242,221,918,1192,1579,369,2935,17,239,3244,1810,2804,465,1082]","[234,3074,2617,140,243,923,363,1222,367,2923,3237,2396,1023,1864,1558,80,1565,1398,1045,810,722,1274,2024,242,221,918,1192,1779,578,249,3162,1443,1686,2429,1355,2568,1915,423,609,1902,2287,3161,2654,2206,2692,974,1381,2043,206,905,1475,1234]",0.9310345430765552,0.9310345440913947,0.8110105395357666,"[234,3074,2617,140,243,923,363,1222,367,2923,3237,2396,1023,1864,1558,80,1565,1398,1045,810,722,1274,2024,242,221,918,1192,1579,369,2935,17,239,3244,1810,2804,465,1082]",0.893796495337717,0.8974062493601256,0.7772458770601025,0.9239411180329096,0.9316847857978884,0.810027736167178,0.9060296298152586,0.8664513433330739,0.7349668743866454,Real-data scores measure agreement with the configured coarse curated reference; they are not absolute biological ground truth.,0.7377296300293347,0.6793087919800941,0.918611231412267,0.8627585465111056,0.7938644803059955,0.3300742197598503,0.2881122531442606,15,12,"{""C1QA"": 0.2667540055000176, ""C1QB"": 0.14468241646397362, ""CCR2"": -0.09555483560204059, ""CD1C"": 0.24995766833478822, ""CD74"": 0.6588620840064696, ""CLEC10A"": 0.3206585131434508, ""CLEC5A"": -0.21116342526384418, ""CSF1R"": 0.4606803252202989, ""FCGR3A"": 0.49866479600551505, ""PKIB"": 0.1880943865683416, ""RETN"": -0.3094705007885036, ""SELL"": -0.5563476802209594}",success,,official R dyneval on exported dynwrap trajectories,"Saelens et al., Nature Biotechnology (2019), doi:10.1038/s41587-019-0071-9",v2.0,4.6.1,0.9.9,1.3.0,1.0.1,1.1.0,daeb26af7d40c21b32283af31beb17a8ee8c3c6f,319bcfe3a0e38af45f368d2a53146165416d1a8a,b6fa729b1bc531e179aec3f3d7aa14cd8ef2015e,63fb255c894df1ba6d72b50bd0fb02d78bcee2af,0.0,1.0,0.0,0.9571743793740416,True,True,True,raw_counts_common_hvg2000_pca50_neighbors15_umap3,10,exclude_labels|normalize_total|log1p|highly_variable_genes|set_raw|subset_highly_variable|scale|pca|neighbors|umap,74,3264x19089,3264x2000,"{""completed_before_inference"": true, ""input_shape"": [3264, 19089], ""input_x_max"": 1054.0, ""input_x_min"": 1.0, ""model_coordinate_key_ready"": true, ""output_shape"": [3264, 2000], ""plot_coordinate_key_ready"": true, ""profile"": ""raw_counts_common_hvg2000_pca50_neighbors15_umap3"", ""random_seed"": 74, ""steps"": [{""operation"": ""exclude_labels"", ""parameters"": {""values"": []}, ""status"": ""applied""}, {""operation"": ""normalize_total"", ""parameters"": {""target_sum"": 10000.0}, ""status"": ""applied""}, {""operation"": ""log1p"", ""parameters"": {}, ""status"": ""applied""}, {""operation"": ""highly_variable_genes"", ""parameters"": {""flavor"": ""seurat"", ""n_top_genes"": 2000}, ""status"": ""applied""}, {""operation"": ""set_raw"", ""parameters"": {}, ""status"": ""applied""}, {""operation"": ""subset_highly_variable"", ""parameters"": {}, ""status"": ""applied""}, {""operation"": ""scale"", ""parameters"": {""max_value"": 10.0}, ""status"": ""applied""}, {""operation"": ""pca"", ""parameters"": {""n_comps"": 50, ""random_state"": 0, ""svd_solver"": ""arpack"", ""use_highly_variable"": false, ""zero_center"": true}, ""status"": ""applied""}, {""operation"": ""neighbors"", ""parameters"": {""method"": ""umap"", ""metric"": ""euclidean"", ""n_neighbors"": 15, ""n_pcs"": 30, ""random_state"": 0, ""use_rep"": ""X_pca""}, ""status"": ""applied""}, {""operation"": ""umap"", ""parameters"": {""min_dist"": 0.3, ""n_components"": 3, ""preserve_existing"": false, ""random_state"": 0}, ""status"": ""applied""}]}"
34,75,75,20,curated_reference_real,curated_annotation_literature_lineage_graph,2,97,0.002771673509155,0.9586160389909766,234,62.81900829996448,72.92172540002503,135.7407336999895,36.24324989999877,1329.26953125,543.3671875,"[234,2674,315,2800,1047,2993,2776,1127,1624,386,3153,326,1483,1640,1679,355,1788,3086,2053,454,2837,3173,328,2024,2602,1844,2677,557,1742,321,197,2372,1760,1887,1134,2863,2559,879,1781,1108,2269,1474,1243,1450,3181,1326,609,3163,2866,1110,2842,2496,1086,2783,1200,805,1615,3206,863,1823,1234]","[234,2674,315,502,2987,594,748,3132,1669,63,1944,1924,2307,2074,2152,1941,1293,1509,2658,2972,600,1394,1769,1722,702,1598,2563,2211,918,1192,2860,305,1628,920,628,572,191,2995,1082]","[234,2674,315,2800,1047,2993,2776,1127,1624,386,3153,326,1483,1640,1679,355,1788,3086,2053,454,2837,3173,328,2024,2602,1844,2677,557,1742,321,197,2372,1760,1887,1134,2863,2559,879,1781,1108,2269,1474,1243,1450,3181,1326,609,3163,2866,1110,2842,2496,1086,2783,1200,805,1615,3206,863,1823,1234]",0.9322862332295478,0.9330163937474556,0.8117993593755672,"[234,2674,315,502,2987,594,748,3132,1669,63,1944,1924,2307,2074,2152,1941,1293,1509,2658,2972,600,1394,1769,1722,702,1598,2563,2211,918,1192,2860,305,1628,920,628,572,191,2995,1082]",0.8676824755509459,0.8713296567378283,0.7484187276167257,0.9040423633059536,0.905118207318892,0.7803561935949106,0.8023226454877752,0.7188124931629137,0.603242239923031,Real-data scores measure agreement with the configured coarse curated reference; they are not absolute biological ground truth.,0.6321992707779971,0.2816797130239946,0.5896912386329362,0.958956828737775,0.5633240888052445,0.3155955417473035,0.2707493531733405,15,12,"{""C1QA"": 0.25948198320059046, ""C1QB"": 0.14330156063765864, ""CCR2"": -0.1744512760901026, ""CD1C"": 0.2119556400150897, ""CD74"": 0.5452568085422386, ""CLEC10A"": 0.28201672314609044, ""CLEC5A"": -0.21099904713626252, ""CSF1R"": 0.4044920400060901, ""FCGR3A"": 0.4837280082142442, ""PKIB"": 0.1738757902812101, ""RETN"": -0.33436901497133087, ""SELL"": -0.5632186087267329}",success,,official R dyneval on exported dynwrap trajectories,"Saelens et al., Nature Biotechnology (2019), doi:10.1038/s41587-019-0071-9",v2.0,4.6.1,0.9.9,1.3.0,1.0.1,1.1.0,daeb26af7d40c21b32283af31beb17a8ee8c3c6f,319bcfe3a0e38af45f368d2a53146165416d1a8a,b6fa729b1bc531e179aec3f3d7aa14cd8ef2015e,63fb255c894df1ba6d72b50bd0fb02d78bcee2af,0.0,1.0,0.0,0.933046554482764,True,True,True,raw_counts_common_hvg2000_pca50_neighbors15_umap3,10,exclude_labels|normalize_total|log1p|highly_variable_genes|set_raw|subset_highly_variable|scale|pca|neighbors|umap,75,3264x19089,3264x2000,"{""completed_before_inference"": true, ""input_shape"": [3264, 19089], ""input_x_max"": 1054.0, ""input_x_min"": 1.0, ""model_coordinate_key_ready"": true, ""output_shape"": [3264, 2000], ""plot_coordinate_key_ready"": true, ""profile"": ""raw_counts_common_hvg2000_pca50_neighbors15_umap3"", ""random_seed"": 75, ""steps"": [{""operation"": ""exclude_labels"", ""parameters"": {""values"": []}, ""status"": ""applied""}, {""operation"": ""normalize_total"", ""parameters"": {""target_sum"": 10000.0}, ""status"": ""applied""}, {""operation"": ""log1p"", ""parameters"": {}, ""status"": ""applied""}, {""operation"": ""highly_variable_genes"", ""parameters"": {""flavor"": ""seurat"", ""n_top_genes"": 2000}, ""status"": ""applied""}, {""operation"": ""set_raw"", ""parameters"": {}, ""status"": ""applied""}, {""operation"": ""subset_highly_variable"", ""parameters"": {}, ""status"": ""applied""}, {""operation"": ""scale"", ""parameters"": {""max_value"": 10.0}, ""status"": ""applied""}, {""operation"": ""pca"", ""parameters"": {""n_comps"": 50, ""random_state"": 0, ""svd_solver"": ""arpack"", ""use_highly_variable"": false, ""zero_center"": true}, ""status"": ""applied""}, {""operation"": ""neighbors"", ""parameters"": {""method"": ""umap"", ""metric"": ""euclidean"", ""n_neighbors"": 15, ""n_pcs"": 30, ""random_state"": 0, ""use_rep"": ""X_pca""}, ""status"": ""applied""}, {""operation"": ""umap"", ""parameters"": {""min_dist"": 0.3, ""n_components"": 3, ""preserve_existing"": false, ""random_state"": 0}, ""status"": ""applied""}]}"
35,76,76,20,curated_reference_real,curated_annotation_literature_lineage_graph,2,73,0.0007857324523112,0.9892839657519116,63,65.09559579996858,69.74173559999326,134.83733139996184,36.34263560001273,1329.109375,542.484375,"[234,745,315,1111,2492,1538,2911,3044,1669,63,384,1924,1373,1978,251,3191,133,2053,635,2463,2430,657,573,630,3112,625,1088,1964,2743,1041,853,3190,2570,1390,1702,1206,2215,605,609,2350,1147,1129,434,2714,2281,1733,3176,1691,1234]","[234,745,315,1111,2492,1538,2911,3044,1669,63,384,1924,1373,1978,251,3191,133,1601,454,872,2945,405,247,1958,1664,970,2602,1258,2051,2297,2060,1192,2192,1804,2013,1424,628,2011,191,705,1082]","[234,745,315,1111,2492,1538,2911,3044,1669,63,384,1924,1373,1978,251,3191,133,2053,635,2463,2430,657,573,630,3112,625,1088,1964,2743,1041,853,3190,2570,1390,1702,1206,2215,605,609,2350,1147,1129,434,2714,2281,1733,3176,1691,1234]",0.9383250596362024,0.938952955723142,0.8201335547452302,"[234,745,315,1111,2492,1538,2911,3044,1669,63,384,1924,1373,1978,251,3191,133,1601,454,872,2945,405,247,1958,1664,970,2602,1258,2051,2297,2060,1192,2192,1804,2013,1424,628,2011,191,705,1082]",0.8994333782150221,0.9075784589028724,0.7800937656948388,0.9123396039328956,0.909968692123542,0.7872242582125808,0.8808884948212559,0.841709026508595,0.7127966191925806,Real-data scores measure agreement with the configured coarse curated reference; they are not absolute biological ground truth.,0.6660349823711453,0.3735028658321782,0.9029293191006842,0.905382381436857,0.6715358357492395,0.3299212584235485,0.2885017298036322,15,12,"{""C1QA"": 0.2645685196987734, ""C1QB"": 0.1434646885964588, ""CCR2"": -0.12785010916188813, ""CD1C"": 0.23909153785526355, ""CD74"": 0.6305442996835644, ""CLEC10A"": 0.3124349399084911, ""CLEC5A"": -0.20333514953230764, ""CSF1R"": 0.4535531348322707, ""FCGR3A"": 0.4962758776581962, ""PKIB"": 0.18514082577348376, ""RETN"": -0.32742432450361525, ""SELL"": -0.575371693878269}",success,,official R dyneval on exported dynwrap trajectories,"Saelens et al., Nature Biotechnology (2019), doi:10.1038/s41587-019-0071-9",v2.0,4.6.1,0.9.9,1.3.0,1.0.1,1.1.0,daeb26af7d40c21b32283af31beb17a8ee8c3c6f,319bcfe3a0e38af45f368d2a53146165416d1a8a,b6fa729b1bc531e179aec3f3d7aa14cd8ef2015e,63fb255c894df1ba6d72b50bd0fb02d78bcee2af,0.0,1.0,0.0,0.9486705997836968,True,True,True,raw_counts_common_hvg2000_pca50_neighbors15_umap3,10,exclude_labels|normalize_total|log1p|highly_variable_genes|set_raw|subset_highly_variable|scale|pca|neighbors|umap,76,3264x19089,3264x2000,"{""completed_before_inference"": true, ""input_shape"": [3264, 19089], ""input_x_max"": 1054.0, ""input_x_min"": 1.0, ""model_coordinate_key_ready"": true, ""output_shape"": [3264, 2000], ""plot_coordinate_key_ready"": true, ""profile"": ""raw_counts_common_hvg2000_pca50_neighbors15_umap3"", ""random_seed"": 76, ""steps"": [{""operation"": ""exclude_labels"", ""parameters"": {""values"": []}, ""status"": ""applied""}, {""operation"": ""normalize_total"", ""parameters"": {""target_sum"": 10000.0}, ""status"": ""applied""}, {""operation"": ""log1p"", ""parameters"": {}, ""status"": ""applied""}, {""operation"": ""highly_variable_genes"", ""parameters"": {""flavor"": ""seurat"", ""n_top_genes"": 2000}, ""status"": ""applied""}, {""operation"": ""set_raw"", ""parameters"": {}, ""status"": ""applied""}, {""operation"": ""subset_highly_variable"", ""parameters"": {}, ""status"": ""applied""}, {""operation"": ""scale"", ""parameters"": {""max_value"": 10.0}, ""status"": ""applied""}, {""operation"": ""pca"", ""parameters"": {""n_comps"": 50, ""random_state"": 0, ""svd_solver"": ""arpack"", ""use_highly_variable"": false, ""zero_center"": true}, ""status"": ""applied""}, {""operation"": ""neighbors"", ""parameters"": {""method"": ""umap"", ""metric"": ""euclidean"", ""n_neighbors"": 15, ""n_pcs"": 30, ""random_state"": 0, ""use_rep"": ""X_pca""}, ""status"": ""applied""}, {""operation"": ""umap"", ""parameters"": {""min_dist"": 0.3, ""n_components"": 3, ""preserve_existing"": false, ""random_state"": 0}, ""status"": ""applied""}]}"
36,77,77,20,curated_reference_real,curated_annotation_literature_lineage_graph,2,73,0.0011252789313885,0.9819756170220992,127,63.71452470001532,72.84241609997116,136.55694079998648,34.232372500002384,1330.6328125,543.9296875,"[234,2173,2843,1550,540,2740,960,2005,127,173,2124,1452,3013,1736,2308,2978,1521,1387,1921,2355,1415,2775,1437,3075,1958,2344,1310,2780,1594,918,2060,2372,3045,2351,1801,1301,1134,585,2944,637,3060,1702,2443,2303,2215,605,2726,2350,2866,2384,2380,3184,2842,2873,1273,2612,2636,1190,1078,1032,3214,2608,1234]","[234,2173,2843,1550,540,2740,960,2005,127,173,2124,1452,3013,1736,2308,2978,1521,1387,1921,2355,1415,2775,1437,3075,1958,2344,1310,2780,1594,918,1192,2860,3070,327,920,1530,2892,350,2995,1082]","[234,2173,2843,1550,540,2740,960,2005,127,173,2124,1452,3013,1736,2308,2978,1521,1387,1921,2355,1415,2775,1437,3075,1958,2344,1310,2780,1594,918,2060,2372,3045,2351,1801,1301,1134,585,2944,637,3060,1702,2443,2303,2215,605,2726,2350,2866,2384,2380,3184,2842,2873,1273,2612,2636,1190,1078,1032,3214,2608,1234]",0.9305973475534816,0.9308623637219146,0.8095699727893755,"[234,2173,2843,1550,540,2740,960,2005,127,173,2124,1452,3013,1736,2308,2978,1521,1387,1921,2355,1415,2775,1437,3075,1958,2344,1310,2780,1594,918,1192,2860,3070,327,920,1530,2892,350,2995,1082]",0.9088384844383036,0.914144059196492,0.7909813201474358,0.925785168166881,0.9293912650943476,0.8063325538862002,0.8577125572874907,0.8247275641932831,0.6976587842506244,Real-data scores measure agreement with the configured coarse curated reference; they are not absolute biological ground truth.,0.7311646680005915,0.6782733225801525,0.8711837708415361,0.8272532438797573,0.7732003590416116,0.3259421952049345,0.2827433598810182,15,12,"{""C1QA"": 0.2599074906324558, ""C1QB"": 0.1429140201570683, ""CCR2"": -0.12325271645196223, ""CD1C"": 0.23420930545762356, ""CD74"": 0.6270782683440107, ""CLEC10A"": 0.30557922912958063, ""CLEC5A"": -0.20616588608951572, ""CSF1R"": 0.44131875001455606, ""FCGR3A"": 0.4940445049721753, ""PKIB"": 0.18335959757029574, ""RETN"": -0.3240769432917761, ""SELL"": -0.5693996303481942}",success,,official R dyneval on exported dynwrap trajectories,"Saelens et al., Nature Biotechnology (2019), doi:10.1038/s41587-019-0071-9",v2.0,4.6.1,0.9.9,1.3.0,1.0.1,1.1.0,daeb26af7d40c21b32283af31beb17a8ee8c3c6f,319bcfe3a0e38af45f368d2a53146165416d1a8a,b6fa729b1bc531e179aec3f3d7aa14cd8ef2015e,63fb255c894df1ba6d72b50bd0fb02d78bcee2af,0.0,1.0,0.0,0.9645933856006456,True,True,True,raw_counts_common_hvg2000_pca50_neighbors15_umap3,10,exclude_labels|normalize_total|log1p|highly_variable_genes|set_raw|subset_highly_variable|scale|pca|neighbors|umap,77,3264x19089,3264x2000,"{""completed_before_inference"": true, ""input_shape"": [3264, 19089], ""input_x_max"": 1054.0, ""input_x_min"": 1.0, ""model_coordinate_key_ready"": true, ""output_shape"": [3264, 2000], ""plot_coordinate_key_ready"": true, ""profile"": ""raw_counts_common_hvg2000_pca50_neighbors15_umap3"", ""random_seed"": 77, ""steps"": [{""operation"": ""exclude_labels"", ""parameters"": {""values"": []}, ""status"": ""applied""}, {""operation"": ""normalize_total"", ""parameters"": {""target_sum"": 10000.0}, ""status"": ""applied""}, {""operation"": ""log1p"", ""parameters"": {}, ""status"": ""applied""}, {""operation"": ""highly_variable_genes"", ""parameters"": {""flavor"": ""seurat"", ""n_top_genes"": 2000}, ""status"": ""applied""}, {""operation"": ""set_raw"", ""parameters"": {}, ""status"": ""applied""}, {""operation"": ""subset_highly_variable"", ""parameters"": {}, ""status"": ""applied""}, {""operation"": ""scale"", ""parameters"": {""max_value"": 10.0}, ""status"": ""applied""}, {""operation"": ""pca"", ""parameters"": {""n_comps"": 50, ""random_state"": 0, ""svd_solver"": ""arpack"", ""use_highly_variable"": false, ""zero_center"": true}, ""status"": ""applied""}, {""operation"": ""neighbors"", ""parameters"": {""method"": ""umap"", ""metric"": ""euclidean"", ""n_neighbors"": 15, ""n_pcs"": 30, ""random_state"": 0, ""use_rep"": ""X_pca""}, ""status"": ""applied""}, {""operation"": ""umap"", ""parameters"": {""min_dist"": 0.3, ""n_components"": 3, ""preserve_existing"": false, ""random_state"": 0}, ""status"": ""applied""}]}"
37,78,78,20,curated_reference_real,curated_annotation_literature_lineage_graph,2,67,0.001290777624813,0.9832282161226956,65,65.10893220000435,69.87177540000994,134.98070760001428,34.052535800030455,1329.71875,543.43359375,"[234,2674,2820,344,2752,1004,2876,403,193,1072,1755,957,375,752,1384,3056,1346,828,1199,65,851,187,2680,2818,452,1151,2513,175,951,2254,3159,3158,672,994,680,2047,758,2847,959,2058,1189,2568,2661,3181,377,2146,18,2535,2873,1273,2422,651,3214,2608,1234]","[234,2674,2820,344,2752,1004,2876,403,193,1072,1755,957,375,752,1384,3056,1346,828,1199,65,851,187,2680,2818,452,1151,2513,175,951,2821,2291,2860,2427,2935,17,239,1993,1418,1851,2739,1082]","[234,2674,2820,344,2752,1004,2876,403,193,1072,1755,957,375,752,1384,3056,1346,828,1199,65,851,187,2680,2818,452,1151,2513,175,951,2254,3159,3158,672,994,680,2047,758,2847,959,2058,1189,2568,2661,3181,377,2146,18,2535,2873,1273,2422,651,3214,2608,1234]",0.93385921113558,0.9358192003574064,0.8152585262641936,"[234,2674,2820,344,2752,1004,2876,403,193,1072,1755,957,375,752,1384,3056,1346,828,1199,65,851,187,2680,2818,452,1151,2513,175,951,2821,2291,2860,2427,2935,17,239,1993,1418,1851,2739,1082]",0.8964214561669064,0.9072875683637008,0.7839860625938853,0.9245990660925644,0.9347970307555016,0.8136402955450109,0.9028178040069568,0.8695328184959599,0.7376056221794871,Real-data scores measure agreement with the configured coarse curated reference; they are not absolute biological ground truth.,0.6998417162851867,0.5692450593760399,0.8967660904275713,0.8679659202750561,0.7462257598825259,0.3275442184848757,0.2867671865270307,15,12,"{""C1QA"": 0.2642970575994783, ""C1QB"": 0.14149385519633068, ""CCR2"": -0.09020915949673819, ""CD1C"": 0.24952739539279323, ""CD74"": 0.6538911949937082, ""CLEC10A"": 0.3191392015597743, ""CLEC5A"": -0.2097788705909597, ""CSF1R"": 0.45606591728572166, ""FCGR3A"": 0.49812028327567054, ""PKIB"": 0.18731761279893386, ""RETN"": -0.30923731545458305, ""SELL"": -0.5514527581738169}",success,,official R dyneval on exported dynwrap trajectories,"Saelens et al., Nature Biotechnology (2019), doi:10.1038/s41587-019-0071-9",v2.0,4.6.1,0.9.9,1.3.0,1.0.1,1.1.0,daeb26af7d40c21b32283af31beb17a8ee8c3c6f,319bcfe3a0e38af45f368d2a53146165416d1a8a,b6fa729b1bc531e179aec3f3d7aa14cd8ef2015e,63fb255c894df1ba6d72b50bd0fb02d78bcee2af,0.0,1.0,0.0,0.9621477832651092,True,True,True,raw_counts_common_hvg2000_pca50_neighbors15_umap3,10,exclude_labels|normalize_total|log1p|highly_variable_genes|set_raw|subset_highly_variable|scale|pca|neighbors|umap,78,3264x19089,3264x2000,"{""completed_before_inference"": true, ""input_shape"": [3264, 19089], ""input_x_max"": 1054.0, ""input_x_min"": 1.0, ""model_coordinate_key_ready"": true, ""output_shape"": [3264, 2000], ""plot_coordinate_key_ready"": true, ""profile"": ""raw_counts_common_hvg2000_pca50_neighbors15_umap3"", ""random_seed"": 78, ""steps"": [{""operation"": ""exclude_labels"", ""parameters"": {""values"": []}, ""status"": ""applied""}, {""operation"": ""normalize_total"", ""parameters"": {""target_sum"": 10000.0}, ""status"": ""applied""}, {""operation"": ""log1p"", ""parameters"": {}, ""status"": ""applied""}, {""operation"": ""highly_variable_genes"", ""parameters"": {""flavor"": ""seurat"", ""n_top_genes"": 2000}, ""status"": ""applied""}, {""operation"": ""set_raw"", ""parameters"": {}, ""status"": ""applied""}, {""operation"": ""subset_highly_variable"", ""parameters"": {}, ""status"": ""applied""}, {""operation"": ""scale"", ""parameters"": {""max_value"": 10.0}, ""status"": ""applied""}, {""operation"": ""pca"", ""parameters"": {""n_comps"": 50, ""random_state"": 0, ""svd_solver"": ""arpack"", ""use_highly_variable"": false, ""zero_center"": true}, ""status"": ""applied""}, {""operation"": ""neighbors"", ""parameters"": {""method"": ""umap"", ""metric"": ""euclidean"", ""n_neighbors"": 15, ""n_pcs"": 30, ""random_state"": 0, ""use_rep"": ""X_pca""}, ""status"": ""applied""}, {""operation"": ""umap"", ""parameters"": {""min_dist"": 0.3, ""n_components"": 3, ""preserve_existing"": false, ""random_state"": 0}, ""status"": ""applied""}]}"
38,79,79,20,curated_reference_real,curated_annotation_literature_lineage_graph,2,60,0.0009383623256302,0.9816419725581608,4,63.50189580000006,77.74922130000778,141.25111710000783,34.37021989998175,1330.4921875,543.56640625,"[234,745,3251,1050,2336,4,513,748,837,803,211,1371,1761,2010,3065,3038,3144,712,1037,1567,1084,2614,1684,630,2851,625,2051,2297,1197,1636,2351,1772,2863,1988,2988,2058,1206,1243,2915,2981,1343,1273,2422,2110,1569,948,1234]","[234,745,3251,1050,2336,4,513,748,837,803,211,1371,1761,2010,3065,3038,3144,712,1037,1567,1084,2614,1684,630,2851,625,2051,2297,2003,1779,1579,807,2663,571,1901,2746,2955,1418,1851,465,1082]","[234,745,3251,1050,2336,4,513,748,837,803,211,1371,1761,2010,3065,3038,3144,712,1037,1567,1084,2614,1684,630,2851,625,2051,2297,1197,1636,2351,1772,2863,1988,2988,2058,1206,1243,2915,2981,1343,1273,2422,2110,1569,948,1234]",0.9265645753621066,0.928499934057816,0.808148621283339,"[234,745,3251,1050,2336,4,513,748,837,803,211,1371,1761,2010,3065,3038,3144,712,1037,1567,1084,2614,1684,630,2851,625,2051,2297,2003,1779,1579,807,2663,571,1901,2746,2955,1418,1851,465,1082]",0.9079267019003546,0.9139895513432592,0.7901896591865443,0.9127179178553194,0.9223502520659208,0.8010622292422225,0.8756010474313757,0.8527982137382405,0.722427093493239,Real-data scores measure agreement with the configured coarse curated reference; they are not absolute biological ground truth.,0.6903854021751401,0.6392476374736483,0.9037909932464816,0.8640025771397701,0.7661890564349635,0.3280212650295236,0.289442914708542,15,12,"{""C1QA"": 0.265568308851375, ""C1QB"": 0.14299128749805973, ""CCR2"": -0.11107823300559588, ""CD1C"": 0.2390133682216053, ""CD74"": 0.643135355796239, ""CLEC10A"": 0.31331752056570894, ""CLEC5A"": -0.2048359241804125, ""CSF1R"": 0.4523198173099324, ""FCGR3A"": 0.4982472627840437, ""PKIB"": 0.1822343843127959, ""RETN"": -0.3179093703359441, ""SELL"": -0.5656043474925713}",success,,official R dyneval on exported dynwrap trajectories,"Saelens et al., Nature Biotechnology (2019), doi:10.1038/s41587-019-0071-9",v2.0,4.6.1,0.9.9,1.3.0,1.0.1,1.1.0,daeb26af7d40c21b32283af31beb17a8ee8c3c6f,319bcfe3a0e38af45f368d2a53146165416d1a8a,b6fa729b1bc531e179aec3f3d7aa14cd8ef2015e,63fb255c894df1ba6d72b50bd0fb02d78bcee2af,0.0,1.0,0.0,0.9320535881568984,True,True,True,raw_counts_common_hvg2000_pca50_neighbors15_umap3,10,exclude_labels|normalize_total|log1p|highly_variable_genes|set_raw|subset_highly_variable|scale|pca|neighbors|umap,79,3264x19089,3264x2000,"{""completed_before_inference"": true, ""input_shape"": [3264, 19089], ""input_x_max"": 1054.0, ""input_x_min"": 1.0, ""model_coordinate_key_ready"": true, ""output_shape"": [3264, 2000], ""plot_coordinate_key_ready"": true, ""profile"": ""raw_counts_common_hvg2000_pca50_neighbors15_umap3"", ""random_seed"": 79, ""steps"": [{""operation"": ""exclude_labels"", ""parameters"": {""values"": []}, ""status"": ""applied""}, {""operation"": ""normalize_total"", ""parameters"": {""target_sum"": 10000.0}, ""status"": ""applied""}, {""operation"": ""log1p"", ""parameters"": {}, ""status"": ""applied""}, {""operation"": ""highly_variable_genes"", ""parameters"": {""flavor"": ""seurat"", ""n_top_genes"": 2000}, ""status"": ""applied""}, {""operation"": ""set_raw"", ""parameters"": {}, ""status"": ""applied""}, {""operation"": ""subset_highly_variable"", ""parameters"": {}, ""status"": ""applied""}, {""operation"": ""scale"", ""parameters"": {""max_value"": 10.0}, ""status"": ""applied""}, {""operation"": ""pca"", ""parameters"": {""n_comps"": 50, ""random_state"": 0, ""svd_solver"": ""arpack"", ""use_highly_variable"": false, ""zero_center"": true}, ""status"": ""applied""}, {""operation"": ""neighbors"", ""parameters"": {""method"": ""umap"", ""metric"": ""euclidean"", ""n_neighbors"": 15, ""n_pcs"": 30, ""random_state"": 0, ""use_rep"": ""X_pca""}, ""status"": ""applied""}, {""operation"": ""umap"", ""parameters"": {""min_dist"": 0.3, ""n_components"": 3, ""preserve_existing"": false, ""random_state"": 0}, ""status"": ""applied""}]}"
39,80,80,20,curated_reference_real,curated_annotation_literature_lineage_graph,2,65,0.001345170246957,0.9818902650079656,234,64.96775989996968,73.3917735000141,138.35953339998375,33.28574209997896,1330.69140625,543.59375,"[234,523,2824,2512,2140,2929,248,2210,1846,3192,2222,2340,2890,2455,577,911,3001,2475,3238,362,3171,958,2640,2276,483,335,2048,2167,3045,2374,1824,853,3091,976,2233,1309,2047,2290,1542,2656,2424,225,1206,1243,2915,2921,2206,721,165,206,905,1691,1234]","[234,523,2824,2512,2140,2929,248,2210,1846,3192,2222,2340,2890,2455,577,911,3001,2475,3238,362,3171,958,2640,2276,483,335,2048,197,1997,2860,3070,1628,920,628,3244,2892,2341,2995,1082]","[234,523,2824,2512,2140,2929,248,2210,1846,3192,2222,2340,2890,2455,577,911,3001,2475,3238,362,3171,958,2640,2276,483,335,2048,2167,3045,2374,1824,853,3091,976,2233,1309,2047,2290,1542,2656,2424,225,1206,1243,2915,2921,2206,721,165,206,905,1691,1234]",0.8964653770663108,0.8968841654930632,0.7751675406506393,"[234,523,2824,2512,2140,2929,248,2210,1846,3192,2222,2340,2890,2455,577,911,3001,2475,3238,362,3171,958,2640,2276,483,335,2048,197,1997,2860,3070,1628,920,628,3244,2892,2341,2995,1082]",0.8998738006767835,0.9037149911226064,0.7810833562789575,0.890398264007618,0.887934470206194,0.7654232692210818,0.8926909179294901,0.869155021185665,0.7371179124955561,Real-data scores measure agreement with the configured coarse curated reference; they are not absolute biological ground truth.,0.7702193897037963,0.648574548389599,0.8976743457892806,0.8652055618155087,0.7892291481971571,0.3303000549990801,0.2863308039224745,15,12,"{""C1QA"": 0.2649046609923796, ""C1QB"": 0.14271096419337995, ""CCR2"": -0.09495583392024724, ""CD1C"": 0.24745134185093345, ""CD74"": 0.6653857386477059, ""CLEC10A"": 0.31768546691959815, ""CLEC5A"": -0.21035830401577127, ""CSF1R"": 0.463434675607861, ""FCGR3A"": 0.5001985263516531, ""PKIB"": 0.1844539580671953, ""RETN"": -0.30775694685256944, ""SELL"": -0.564304242569667}",success,,official R dyneval on exported dynwrap trajectories,"Saelens et al., Nature Biotechnology (2019), doi:10.1038/s41587-019-0071-9",v2.0,4.6.1,0.9.9,1.3.0,1.0.1,1.1.0,daeb26af7d40c21b32283af31beb17a8ee8c3c6f,319bcfe3a0e38af45f368d2a53146165416d1a8a,b6fa729b1bc531e179aec3f3d7aa14cd8ef2015e,63fb255c894df1ba6d72b50bd0fb02d78bcee2af,0.0,1.0,0.0,0.9393933372665711,True,True,True,raw_counts_common_hvg2000_pca50_neighbors15_umap3,10,exclude_labels|normalize_total|log1p|highly_variable_genes|set_raw|subset_highly_variable|scale|pca|neighbors|umap,80,3264x19089,3264x2000,"{""completed_before_inference"": true, ""input_shape"": [3264, 19089], ""input_x_max"": 1054.0, ""input_x_min"": 1.0, ""model_coordinate_key_ready"": true, ""output_shape"": [3264, 2000], ""plot_coordinate_key_ready"": true, ""profile"": ""raw_counts_common_hvg2000_pca50_neighbors15_umap3"", ""random_seed"": 80, ""steps"": [{""operation"": ""exclude_labels"", ""parameters"": {""values"": []}, ""status"": ""applied""}, {""operation"": ""normalize_total"", ""parameters"": {""target_sum"": 10000.0}, ""status"": ""applied""}, {""operation"": ""log1p"", ""parameters"": {}, ""status"": ""applied""}, {""operation"": ""highly_variable_genes"", ""parameters"": {""flavor"": ""seurat"", ""n_top_genes"": 2000}, ""status"": ""applied""}, {""operation"": ""set_raw"", ""parameters"": {}, ""status"": ""applied""}, {""operation"": ""subset_highly_variable"", ""parameters"": {}, ""status"": ""applied""}, {""operation"": ""scale"", ""parameters"": {""max_value"": 10.0}, ""status"": ""applied""}, {""operation"": ""pca"", ""parameters"": {""n_comps"": 50, ""random_state"": 0, ""svd_solver"": ""arpack"", ""use_highly_variable"": false, ""zero_center"": true}, ""status"": ""applied""}, {""operation"": ""neighbors"", ""parameters"": {""method"": ""umap"", ""metric"": ""euclidean"", ""n_neighbors"": 15, ""n_pcs"": 30, ""random_state"": 0, ""use_rep"": ""X_pca""}, ""status"": ""applied""}, {""operation"": ""umap"", ""parameters"": {""min_dist"": 0.3, ""n_components"": 3, ""preserve_existing"": false, ""random_state"": 0}, ""status"": ""applied""}]}"
40,81,81,20,curated_reference_real,curated_annotation_literature_lineage_graph,2,61,0.0016788672148054,0.9835703242198026,182,63.76764689997072,74.67814679996809,138.4457936999388,33.46966830000747,1330.91015625,543.53515625,"[234,523,1380,1047,1397,2273,1351,1452,213,507,2166,2942,999,2208,2070,2362,2575,975,2504,2294,3102,913,1094,333,776,2770,1454,182,2211,918,1192,3107,2462,82,633,2121,1781,69,1426,1506,2795,1102,1726,459,2760,2281,2724,2655,1616,1234]","[234,523,1380,1047,1397,2273,1351,1452,213,507,2166,2942,999,2208,2070,2362,2575,975,2504,2294,3102,913,1094,333,776,2770,1454,182,2211,918,1192,2860,2786,732,1617,1621,1171,3244,1810,2804,1385,1082]","[234,523,1380,1047,1397,2273,1351,1452,213,507,2166,2942,999,2208,2070,2362,2575,975,2504,2294,3102,913,1094,333,776,2770,1454,182,2211,918,1192,3107,2462,82,633,2121,1781,69,1426,1506,2795,1102,1726,459,2760,2281,2724,2655,1616,1234]",0.9266004543449096,0.9281598624284092,0.8076268215406237,"[234,523,1380,1047,1397,2273,1351,1452,213,507,2166,2942,999,2208,2070,2362,2575,975,2504,2294,3102,913,1094,333,776,2770,1454,182,2211,918,1192,2860,2786,732,1617,1621,1171,3244,1810,2804,1385,1082]",0.8957066217884312,0.903070608050596,0.7764165881710146,0.8704792220521248,0.8663022229648776,0.7399752358323,0.869801024930112,0.8667595890125593,0.7317417005938172,Real-data scores measure agreement with the configured coarse curated reference; they are not absolute biological ground truth.,0.6850565934569552,0.6999037065969881,0.9378989610503424,0.8892335887043645,0.7952142692890762,0.3195506942268833,0.2794636348659953,15,12,"{""C1QA"": 0.26147184200684226, ""C1QB"": 0.14157151027870774, ""CCR2"": -0.09478341531383658, ""CD1C"": 0.2207413368150765, ""CD74"": 0.6439185067915866, ""CLEC10A"": 0.299729209949725, ""CLEC5A"": -0.19809375418470057, ""CSF1R"": 0.4638790281479271, ""FCGR3A"": 0.504819463698872, ""PKIB"": 0.15905318506798388, ""RETN"": -0.2974554277251485, ""SELL"": -0.5490916507421943}",success,,official R dyneval on exported dynwrap trajectories,"Saelens et al., Nature Biotechnology (2019), doi:10.1038/s41587-019-0071-9",v2.0,4.6.1,0.9.9,1.3.0,1.0.1,1.1.0,daeb26af7d40c21b32283af31beb17a8ee8c3c6f,319bcfe3a0e38af45f368d2a53146165416d1a8a,b6fa729b1bc531e179aec3f3d7aa14cd8ef2015e,63fb255c894df1ba6d72b50bd0fb02d78bcee2af,0.0,1.0,0.0,0.9280843477776598,True,True,True,raw_counts_common_hvg2000_pca50_neighbors15_umap3,10,exclude_labels|normalize_total|log1p|highly_variable_genes|set_raw|subset_highly_variable|scale|pca|neighbors|umap,81,3264x19089,3264x2000,"{""completed_before_inference"": true, ""input_shape"": [3264, 19089], ""input_x_max"": 1054.0, ""input_x_min"": 1.0, ""model_coordinate_key_ready"": true, ""output_shape"": [3264, 2000], ""plot_coordinate_key_ready"": true, ""profile"": ""raw_counts_common_hvg2000_pca50_neighbors15_umap3"", ""random_seed"": 81, ""steps"": [{""operation"": ""exclude_labels"", ""parameters"": {""values"": []}, ""status"": ""applied""}, {""operation"": ""normalize_total"", ""parameters"": {""target_sum"": 10000.0}, ""status"": ""applied""}, {""operation"": ""log1p"", ""parameters"": {}, ""status"": ""applied""}, {""operation"": ""highly_variable_genes"", ""parameters"": {""flavor"": ""seurat"", ""n_top_genes"": 2000}, ""status"": ""applied""}, {""operation"": ""set_raw"", ""parameters"": {}, ""status"": ""applied""}, {""operation"": ""subset_highly_variable"", ""parameters"": {}, ""status"": ""applied""}, {""operation"": ""scale"", ""parameters"": {""max_value"": 10.0}, ""status"": ""applied""}, {""operation"": ""pca"", ""parameters"": {""n_comps"": 50, ""random_state"": 0, ""svd_solver"": ""arpack"", ""use_highly_variable"": false, ""zero_center"": true}, ""status"": ""applied""}, {""operation"": ""neighbors"", ""parameters"": {""method"": ""umap"", ""metric"": ""euclidean"", ""n_neighbors"": 15, ""n_pcs"": 30, ""random_state"": 0, ""use_rep"": ""X_pca""}, ""status"": ""applied""}, {""operation"": ""umap"", ""parameters"": {""min_dist"": 0.3, ""n_components"": 3, ""preserve_existing"": false, ""random_state"": 0}, ""status"": ""applied""}]}"
41,82,82,20,curated_reference_real,curated_annotation_literature_lineage_graph,2,90,0.001394834226169,0.9845695508673404,234,64.77193330001319,71.24890060001053,136.02083390002372,35.53227620001417,1330.96875,543.81640625,"[234,3074,2763,2512,2140,930,3203,1551,56,2354,552,2151,964,1585,1866,1492,93,2817,2035,1470,3090,2207,596,2039,1051,379,924,13,2409,2829,1367,613,1337,553,1019,1686,374,1189,2568,1450,2726,3100,1102,1147,2921,2163,2170,260,1635,691,1305,1234]","[234,3074,2763,2512,1737,1954,1083,1563,2230,2239,2483,475,588,623,1640,1679,355,2710,1478,2953,856,1143,1604,1176,351,1310,2780,2690,1742,3034,1192,2438,124,2427,571,1621,1171,954,1418,2804,2164,1082]","[234,3074,2763,2512,2140,930,3203,1551,56,2354,552,2151,964,1585,1866,1492,93,2817,2035,1470,3090,2207,596,2039,1051,379,924,13,2409,2829,1367,613,1337,553,1019,1686,374,1189,2568,1450,2726,3100,1102,1147,2921,2163,2170,260,1635,691,1305,1234]",0.9318912700839386,0.9322201490073664,0.8123295737260369,"[234,3074,2763,2512,1737,1954,1083,1563,2230,2239,2483,475,588,623,1640,1679,355,2710,1478,2953,856,1143,1604,1176,351,1310,2780,2690,1742,3034,1192,2438,124,2427,571,1621,1171,954,1418,2804,2164,1082]",0.8957131825436835,0.9013911014453222,0.7749022474360989,0.915917526601858,0.9180263476013022,0.793230775656851,0.8829248766371608,0.8583678668119928,0.7278179295034002,Real-data scores measure agreement with the configured coarse curated reference; they are not absolute biological ground truth.,0.5354158800626028,0.2688047284608359,0.6010394242637571,0.9644514882858808,0.5374373868176422,0.3306393177128583,0.285548006060482,15,12,"{""C1QA"": 0.2649440278077105, ""C1QB"": 0.14214560376008314, ""CCR2"": -0.08872714253495549, ""CD1C"": 0.25170471693853447, ""CD74"": 0.6643219639805997, ""CLEC10A"": 0.31859064696281836, ""CLEC5A"": -0.2111002056703234, ""CSF1R"": 0.4682271192466436, ""FCGR3A"": 0.49722902982343437, ""PKIB"": 0.18817733430625433, ""RETN"": -0.30615198431325363, ""SELL"": -0.5663520372096889}",success,,official R dyneval on exported dynwrap trajectories,"Saelens et al., Nature Biotechnology (2019), doi:10.1038/s41587-019-0071-9",v2.0,4.6.1,0.9.9,1.3.0,1.0.1,1.1.0,daeb26af7d40c21b32283af31beb17a8ee8c3c6f,319bcfe3a0e38af45f368d2a53146165416d1a8a,b6fa729b1bc531e179aec3f3d7aa14cd8ef2015e,63fb255c894df1ba6d72b50bd0fb02d78bcee2af,0.0,1.0,0.0,0.907513813684384,True,True,True,raw_counts_common_hvg2000_pca50_neighbors15_umap3,10,exclude_labels|normalize_total|log1p|highly_variable_genes|set_raw|subset_highly_variable|scale|pca|neighbors|umap,82,3264x19089,3264x2000,"{""completed_before_inference"": true, ""input_shape"": [3264, 19089], ""input_x_max"": 1054.0, ""input_x_min"": 1.0, ""model_coordinate_key_ready"": true, ""output_shape"": [3264, 2000], ""plot_coordinate_key_ready"": true, ""profile"": ""raw_counts_common_hvg2000_pca50_neighbors15_umap3"", ""random_seed"": 82, ""steps"": [{""operation"": ""exclude_labels"", ""parameters"": {""values"": []}, ""status"": ""applied""}, {""operation"": ""normalize_total"", ""parameters"": {""target_sum"": 10000.0}, ""status"": ""applied""}, {""operation"": ""log1p"", ""parameters"": {}, ""status"": ""applied""}, {""operation"": ""highly_variable_genes"", ""parameters"": {""flavor"": ""seurat"", ""n_top_genes"": 2000}, ""status"": ""applied""}, {""operation"": ""set_raw"", ""parameters"": {}, ""status"": ""applied""}, {""operation"": ""subset_highly_variable"", ""parameters"": {}, ""status"": ""applied""}, {""operation"": ""scale"", ""parameters"": {""max_value"": 10.0}, ""status"": ""applied""}, {""operation"": ""pca"", ""parameters"": {""n_comps"": 50, ""random_state"": 0, ""svd_solver"": ""arpack"", ""use_highly_variable"": false, ""zero_center"": true}, ""status"": ""applied""}, {""operation"": ""neighbors"", ""parameters"": {""method"": ""umap"", ""metric"": ""euclidean"", ""n_neighbors"": 15, ""n_pcs"": 30, ""random_state"": 0, ""use_rep"": ""X_pca""}, ""status"": ""applied""}, {""operation"": ""umap"", ""parameters"": {""min_dist"": 0.3, ""n_components"": 3, ""preserve_existing"": false, ""random_state"": 0}, ""status"": ""applied""}]}"
42,83,83,20,curated_reference_real,curated_annotation_literature_lineage_graph,2,69,0.0018174977905831,0.9800523471319232,213,64.39170809998177,71.41876629996113,135.8104743999429,35.866694499971345,1330.35546875,542.98828125,"[234,523,1380,2666,2370,1499,1009,2005,213,2755,2657,2753,819,503,1283,1744,3025,3260,1441,836,218,1207,945,1741,661,2444,3255,1980,1299,981,3159,1748,825,2162,2559,3006,2168,1661,69,1189,2568,2661,423,3100,3163,1372,1343,1065,2170,1124,1733,905,1616,1234]","[234,523,1380,2666,2370,1499,1009,2005,213,2755,2657,2753,819,503,1283,1744,3025,3260,1441,836,218,1207,945,1741,661,2444,2973,2893,321,197,1997,2562,305,1628,163,2746,2955,1418,2341,705,1082]","[234,523,1380,2666,2370,1499,1009,2005,213,2755,2657,2753,819,503,1283,1744,3025,3260,1441,836,218,1207,945,1741,661,2444,3255,1980,1299,981,3159,1748,825,2162,2559,3006,2168,1661,69,1189,2568,2661,423,3100,3163,1372,1343,1065,2170,1124,1733,905,1616,1234]",0.9327652287365976,0.9338329385340436,0.8134973397633987,"[234,523,1380,2666,2370,1499,1009,2005,213,2755,2657,2753,819,503,1283,1744,3025,3260,1441,836,218,1207,945,1741,661,2444,2973,2893,321,197,1997,2562,305,1628,163,2746,2955,1418,2341,705,1082]",0.9041561408488716,0.912320206750477,0.788644856623989,0.9196194821464226,0.92564991204821,0.8038005585013643,0.8931522299948529,0.8653380344294945,0.7337210029935084,Real-data scores measure agreement with the configured coarse curated reference; they are not absolute biological ground truth.,0.7299987991502945,0.518019541375652,0.8923364677523363,0.8920634827037014,0.7407099405810386,0.3317090294511781,0.2910698129427371,15,12,"{""C1QA"": 0.2686349984564986, ""C1QB"": 0.14623132648156736, ""CCR2"": -0.10184065024570224, ""CD1C"": 0.24546015104824864, ""CD74"": 0.6629552417483419, ""CLEC10A"": 0.3178740540413044, ""CLEC5A"": -0.20831226754981416, ""CSF1R"": 0.46373709852226386, ""FCGR3A"": 0.5000834198395138, ""PKIB"": 0.18464583659856848, ""RETN"": -0.3135046274289756, ""SELL"": -0.567228681453339}",success,,official R dyneval on exported dynwrap trajectories,"Saelens et al., Nature Biotechnology (2019), doi:10.1038/s41587-019-0071-9",v2.0,4.6.1,0.9.9,1.3.0,1.0.1,1.1.0,daeb26af7d40c21b32283af31beb17a8ee8c3c6f,319bcfe3a0e38af45f368d2a53146165416d1a8a,b6fa729b1bc531e179aec3f3d7aa14cd8ef2015e,63fb255c894df1ba6d72b50bd0fb02d78bcee2af,0.0,1.0,0.0,0.9593703567528448,True,True,True,raw_counts_common_hvg2000_pca50_neighbors15_umap3,10,exclude_labels|normalize_total|log1p|highly_variable_genes|set_raw|subset_highly_variable|scale|pca|neighbors|umap,83,3264x19089,3264x2000,"{""completed_before_inference"": true, ""input_shape"": [3264, 19089], ""input_x_max"": 1054.0, ""input_x_min"": 1.0, ""model_coordinate_key_ready"": true, ""output_shape"": [3264, 2000], ""plot_coordinate_key_ready"": true, ""profile"": ""raw_counts_common_hvg2000_pca50_neighbors15_umap3"", ""random_seed"": 83, ""steps"": [{""operation"": ""exclude_labels"", ""parameters"": {""values"": []}, ""status"": ""applied""}, {""operation"": ""normalize_total"", ""parameters"": {""target_sum"": 10000.0}, ""status"": ""applied""}, {""operation"": ""log1p"", ""parameters"": {}, ""status"": ""applied""}, {""operation"": ""highly_variable_genes"", ""parameters"": {""flavor"": ""seurat"", ""n_top_genes"": 2000}, ""status"": ""applied""}, {""operation"": ""set_raw"", ""parameters"": {}, ""status"": ""applied""}, {""operation"": ""subset_highly_variable"", ""parameters"": {}, ""status"": ""applied""}, {""operation"": ""scale"", ""parameters"": {""max_value"": 10.0}, ""status"": ""applied""}, {""operation"": ""pca"", ""parameters"": {""n_comps"": 50, ""random_state"": 0, ""svd_solver"": ""arpack"", ""use_highly_variable"": false, ""zero_center"": true}, ""status"": ""applied""}, {""operation"": ""neighbors"", ""parameters"": {""method"": ""umap"", ""metric"": ""euclidean"", ""n_neighbors"": 15, ""n_pcs"": 30, ""random_state"": 0, ""use_rep"": ""X_pca""}, ""status"": ""applied""}, {""operation"": ""umap"", ""parameters"": {""min_dist"": 0.3, ""n_components"": 3, ""preserve_existing"": false, ""random_state"": 0}, ""status"": ""applied""}]}"
43,84,84,20,curated_reference_real,curated_annotation_literature_lineage_graph,2,66,0.001451193667982,0.986692908573578,201,64.66065520001575,70.05633320001652,134.71698840003228,33.22136170003796,1330.9453125,543.7734375,"[234,2974,644,1173,2621,2740,2012,2582,201,1765,1924,2067,555,3231,2710,355,799,2447,333,597,328,1128,970,2024,2602,2353,557,916,1964,2347,361,1655,1586,3129,2037,2568,1426,1506,2215,812,2232,3031,2237,428,1343,1065,2120,1814,1066,2446,730,1381,1324,1305,1234]","[234,2974,644,1173,2621,2740,2012,2582,201,1765,1924,2067,555,3231,2710,355,799,2447,333,597,328,1128,970,2024,2602,2353,557,916,1964,1636,1997,2192,1804,2179,2746,2952,1810,350,705,1082]","[234,2974,644,1173,2621,2740,2012,2582,201,1765,1924,2067,555,3231,2710,355,799,2447,333,597,328,1128,970,2024,2602,2353,557,916,1964,2347,361,1655,1586,3129,2037,2568,1426,1506,2215,812,2232,3031,2237,428,1343,1065,2120,1814,1066,2446,730,1381,1324,1305,1234]",0.9294122600444776,0.9294814634341072,0.809100002273488,"[234,2974,644,1173,2621,2740,2012,2582,201,1765,1924,2067,555,3231,2710,355,799,2447,333,597,328,1128,970,2024,2602,2353,557,916,1964,1636,1997,2192,1804,2179,2746,2952,1810,350,705,1082]",0.9071755134361316,0.9115235541941852,0.7885463581311649,0.918909511335872,0.9214323381821968,0.7991782549698242,0.8953624781368257,0.8702957835556739,0.7385385484453898,Real-data scores measure agreement with the configured coarse curated reference; they are not absolute biological ground truth.,0.7629382897771217,0.6532921496785673,0.8993431372635664,0.8756451245176663,0.7915212930053805,0.3299438152470121,0.2879829960272737,15,12,"{""C1QA"": 0.26532662865539575, ""C1QB"": 0.14357626489954234, ""CCR2"": -0.09526099026151488, ""CD1C"": 0.2497537830416758, ""CD74"": 0.6623993845496798, ""CLEC10A"": 0.31877856560954615, ""CLEC5A"": -0.20657402713983541, ""CSF1R"": 0.45952567431930424, ""FCGR3A"": 0.4977428126568346, ""PKIB"": 0.1880892172379943, ""RETN"": -0.31063936339915177, ""SELL"": -0.5616590711936703}",success,,official R dyneval on exported dynwrap trajectories,"Saelens et al., Nature Biotechnology (2019), doi:10.1038/s41587-019-0071-9",v2.0,4.6.1,0.9.9,1.3.0,1.0.1,1.1.0,daeb26af7d40c21b32283af31beb17a8ee8c3c6f,319bcfe3a0e38af45f368d2a53146165416d1a8a,b6fa729b1bc531e179aec3f3d7aa14cd8ef2015e,63fb255c894df1ba6d72b50bd0fb02d78bcee2af,0.0,1.0,0.0,0.9277093907659728,True,True,True,raw_counts_common_hvg2000_pca50_neighbors15_umap3,10,exclude_labels|normalize_total|log1p|highly_variable_genes|set_raw|subset_highly_variable|scale|pca|neighbors|umap,84,3264x19089,3264x2000,"{""completed_before_inference"": true, ""input_shape"": [3264, 19089], ""input_x_max"": 1054.0, ""input_x_min"": 1.0, ""model_coordinate_key_ready"": true, ""output_shape"": [3264, 2000], ""plot_coordinate_key_ready"": true, ""profile"": ""raw_counts_common_hvg2000_pca50_neighbors15_umap3"", ""random_seed"": 84, ""steps"": [{""operation"": ""exclude_labels"", ""parameters"": {""values"": []}, ""status"": ""applied""}, {""operation"": ""normalize_total"", ""parameters"": {""target_sum"": 10000.0}, ""status"": ""applied""}, {""operation"": ""log1p"", ""parameters"": {}, ""status"": ""applied""}, {""operation"": ""highly_variable_genes"", ""parameters"": {""flavor"": ""seurat"", ""n_top_genes"": 2000}, ""status"": ""applied""}, {""operation"": ""set_raw"", ""parameters"": {}, ""status"": ""applied""}, {""operation"": ""subset_highly_variable"", ""parameters"": {}, ""status"": ""applied""}, {""operation"": ""scale"", ""parameters"": {""max_value"": 10.0}, ""status"": ""applied""}, {""operation"": ""pca"", ""parameters"": {""n_comps"": 50, ""random_state"": 0, ""svd_solver"": ""arpack"", ""use_highly_variable"": false, ""zero_center"": true}, ""status"": ""applied""}, {""operation"": ""neighbors"", ""parameters"": {""method"": ""umap"", ""metric"": ""euclidean"", ""n_neighbors"": 15, ""n_pcs"": 30, ""random_state"": 0, ""use_rep"": ""X_pca""}, ""status"": ""applied""}, {""operation"": ""umap"", ""parameters"": {""min_dist"": 0.3, ""n_components"": 3, ""preserve_existing"": false, ""random_state"": 0}, ""status"": ""applied""}]}"
44,85,85,20,curated_reference_real,curated_annotation_literature_lineage_graph,2,60,0.0054062799975936,0.9205985860437208,201,64.77776799997082,74.59138090000488,139.3691488999757,35.81171739997808,1331.17578125,543.51171875,"[234,745,1438,692,1771,2740,2136,213,1210,201,2942,652,703,2417,2575,355,799,2956,1095,1717,2747,3075,202,2741,2806,2459,3204,1054,2495,1772,2933,3096,1108,2037,1474,336,2522,3180,2910,2057,2605,2714,772,2538,2025,2803,1234]","[234,745,1438,692,1771,2740,2136,213,1210,201,2942,652,703,2417,2575,355,799,2956,1095,1717,2747,3075,202,2741,2806,2459,3204,563,2106,1103,341,732,1617,163,2746,2955,1418,2500,465,1082]","[234,745,1438,692,1771,2740,2136,213,1210,201,2942,652,703,2417,2575,355,799,2956,1095,1717,2747,3075,202,2741,2806,2459,3204,1054,2495,1772,2933,3096,1108,2037,1474,336,2522,3180,2910,2057,2605,2714,772,2538,2025,2803,1234]",0.9228784588461328,0.9226490480943836,0.8026566797581799,"[234,745,1438,692,1771,2740,2136,213,1210,201,2942,652,703,2417,2575,355,799,2956,1095,1717,2747,3075,202,2741,2806,2459,3204,563,2106,1103,341,732,1617,163,2746,2955,1418,2500,465,1082]",0.8820198645608408,0.8836375563603286,0.7626392909235702,0.91152146537372,0.9248652066633178,0.8025101041827126,0.8982045950311324,0.8722203989824627,0.7397324378895028,Real-data scores measure agreement with the configured coarse curated reference; they are not absolute biological ground truth.,0.731500275508501,0.6260400305248865,0.902191427341946,0.8465045388651772,0.7690173644299684,0.3303125749212931,0.2895872459552861,15,12,"{""C1QA"": 0.2700448942456866, ""C1QB"": 0.14841509739223369, ""CCR2"": -0.09007882157215819, ""CD1C"": 0.2511479861683491, ""CD74"": 0.6661321351579371, ""CLEC10A"": 0.3205902143742928, ""CLEC5A"": -0.20473143009794756, ""CSF1R"": 0.46033946595823483, ""FCGR3A"": 0.4985949423870657, ""PKIB"": 0.18873279640649415, ""RETN"": -0.3091295976648856, ""SELL"": -0.5558135176302321}",success,,official R dyneval on exported dynwrap trajectories,"Saelens et al., Nature Biotechnology (2019), doi:10.1038/s41587-019-0071-9",v2.0,4.6.1,0.9.9,1.3.0,1.0.1,1.1.0,daeb26af7d40c21b32283af31beb17a8ee8c3c6f,319bcfe3a0e38af45f368d2a53146165416d1a8a,b6fa729b1bc531e179aec3f3d7aa14cd8ef2015e,63fb255c894df1ba6d72b50bd0fb02d78bcee2af,0.0,1.0,0.0,0.9350611908770508,True,True,True,raw_counts_common_hvg2000_pca50_neighbors15_umap3,10,exclude_labels|normalize_total|log1p|highly_variable_genes|set_raw|subset_highly_variable|scale|pca|neighbors|umap,85,3264x19089,3264x2000,"{""completed_before_inference"": true, ""input_shape"": [3264, 19089], ""input_x_max"": 1054.0, ""input_x_min"": 1.0, ""model_coordinate_key_ready"": true, ""output_shape"": [3264, 2000], ""plot_coordinate_key_ready"": true, ""profile"": ""raw_counts_common_hvg2000_pca50_neighbors15_umap3"", ""random_seed"": 85, ""steps"": [{""operation"": ""exclude_labels"", ""parameters"": {""values"": []}, ""status"": ""applied""}, {""operation"": ""normalize_total"", ""parameters"": {""target_sum"": 10000.0}, ""status"": ""applied""}, {""operation"": ""log1p"", ""parameters"": {}, ""status"": ""applied""}, {""operation"": ""highly_variable_genes"", ""parameters"": {""flavor"": ""seurat"", ""n_top_genes"": 2000}, ""status"": ""applied""}, {""operation"": ""set_raw"", ""parameters"": {}, ""status"": ""applied""}, {""operation"": ""subset_highly_variable"", ""parameters"": {}, ""status"": ""applied""}, {""operation"": ""scale"", ""parameters"": {""max_value"": 10.0}, ""status"": ""applied""}, {""operation"": ""pca"", ""parameters"": {""n_comps"": 50, ""random_state"": 0, ""svd_solver"": ""arpack"", ""use_highly_variable"": false, ""zero_center"": true}, ""status"": ""applied""}, {""operation"": ""neighbors"", ""parameters"": {""method"": ""umap"", ""metric"": ""euclidean"", ""n_neighbors"": 15, ""n_pcs"": 30, ""random_state"": 0, ""use_rep"": ""X_pca""}, ""status"": ""applied""}, {""operation"": ""umap"", ""parameters"": {""min_dist"": 0.3, ""n_components"": 3, ""preserve_existing"": false, ""random_state"": 0}, ""status"": ""applied""}]}"
45,86,86,20,curated_reference_real,curated_annotation_literature_lineage_graph,2,60,0.0003868362360585,0.9896372573794646,40,65.51015400001779,70.319745899993,135.8298999000108,33.4292090999661,1332.6015625,545.1640625,"[234,2767,3251,2321,1380,2832,1556,109,1127,1857,1614,105,942,2208,1247,408,842,1916,562,518,1567,40,247,2741,1603,1099,2780,2690,2048,2372,73,2320,1931,2570,1390,2058,2300,1243,2127,2057,2605,2784,2170,730,670,2724,3176,25,1234]","[234,2767,3251,2321,1380,2832,1556,109,1127,1857,1614,105,942,2208,1247,408,842,1916,562,518,1567,40,247,2741,1603,1099,2780,2690,2048,1192,2192,1804,2179,1424,628,1966,537,1680,1768,1082]","[234,2767,3251,2321,1380,2832,1556,109,1127,1857,1614,105,942,2208,1247,408,842,1916,562,518,1567,40,247,2741,1603,1099,2780,2690,2048,2372,73,2320,1931,2570,1390,2058,2300,1243,2127,2057,2605,2784,2170,730,670,2724,3176,25,1234]",0.9349087862251402,0.9359051059519542,0.816496580927726,"[234,2767,3251,2321,1380,2832,1556,109,1127,1857,1614,105,942,2208,1247,408,842,1916,562,518,1567,40,247,2741,1603,1099,2780,2690,2048,1192,2192,1804,2179,1424,628,1966,537,1680,1768,1082]",0.9086940786751392,0.9161393640106366,0.7917913102338751,0.890648935430275,0.8987173983901188,0.7748705538347277,0.8514242181215178,0.8169083819685601,0.6902545324403582,Real-data scores measure agreement with the configured coarse curated reference; they are not absolute biological ground truth.,0.6999218251086718,0.6824138187620414,0.901195951694458,0.8983808722342796,0.7885772964383404,0.3252551509292465,0.2873649140994364,15,12,"{""C1QA"": 0.26702525372971075, ""C1QB"": 0.14681089205639955, ""CCR2"": -0.134364532837103, ""CD1C"": 0.23044500535072607, ""CD74"": 0.6052943490816354, ""CLEC10A"": 0.30770457446916216, ""CLEC5A"": -0.19969348452800942, ""CSF1R"": 0.4395918070675593, ""FCGR3A"": 0.49521771752739874, ""PKIB"": 0.18264883296621437, ""RETN"": -0.32575949198278226, ""SELL"": -0.5685058695542574}",success,,official R dyneval on exported dynwrap trajectories,"Saelens et al., Nature Biotechnology (2019), doi:10.1038/s41587-019-0071-9",v2.0,4.6.1,0.9.9,1.3.0,1.0.1,1.1.0,daeb26af7d40c21b32283af31beb17a8ee8c3c6f,319bcfe3a0e38af45f368d2a53146165416d1a8a,b6fa729b1bc531e179aec3f3d7aa14cd8ef2015e,63fb255c894df1ba6d72b50bd0fb02d78bcee2af,0.0,1.0,0.0,0.9567576135462004,True,True,True,raw_counts_common_hvg2000_pca50_neighbors15_umap3,10,exclude_labels|normalize_total|log1p|highly_variable_genes|set_raw|subset_highly_variable|scale|pca|neighbors|umap,86,3264x19089,3264x2000,"{""completed_before_inference"": true, ""input_shape"": [3264, 19089], ""input_x_max"": 1054.0, ""input_x_min"": 1.0, ""model_coordinate_key_ready"": true, ""output_shape"": [3264, 2000], ""plot_coordinate_key_ready"": true, ""profile"": ""raw_counts_common_hvg2000_pca50_neighbors15_umap3"", ""random_seed"": 86, ""steps"": [{""operation"": ""exclude_labels"", ""parameters"": {""values"": []}, ""status"": ""applied""}, {""operation"": ""normalize_total"", ""parameters"": {""target_sum"": 10000.0}, ""status"": ""applied""}, {""operation"": ""log1p"", ""parameters"": {}, ""status"": ""applied""}, {""operation"": ""highly_variable_genes"", ""parameters"": {""flavor"": ""seurat"", ""n_top_genes"": 2000}, ""status"": ""applied""}, {""operation"": ""set_raw"", ""parameters"": {}, ""status"": ""applied""}, {""operation"": ""subset_highly_variable"", ""parameters"": {}, ""status"": ""applied""}, {""operation"": ""scale"", ""parameters"": {""max_value"": 10.0}, ""status"": ""applied""}, {""operation"": ""pca"", ""parameters"": {""n_comps"": 50, ""random_state"": 0, ""svd_solver"": ""arpack"", ""use_highly_variable"": false, ""zero_center"": true}, ""status"": ""applied""}, {""operation"": ""neighbors"", ""parameters"": {""method"": ""umap"", ""metric"": ""euclidean"", ""n_neighbors"": 15, ""n_pcs"": 30, ""random_state"": 0, ""use_rep"": ""X_pca""}, ""status"": ""applied""}, {""operation"": ""umap"", ""parameters"": {""min_dist"": 0.3, ""n_components"": 3, ""preserve_existing"": false, ""random_state"": 0}, ""status"": ""applied""}]}"
46,87,87,20,curated_reference_real,curated_annotation_literature_lineage_graph,2,64,0.0013534119218305,0.9798182544170184,234,63.90630059997784,69.89823420002358,133.80453480000142,34.349773599999025,1332.12890625,543.93359375,"[234,1511,2813,1333,344,2802,567,424,2792,838,394,2721,1642,709,319,1131,306,1611,1545,520,1005,2076,900,3169,1986,1517,2486,704,1088,425,2374,973,2312,585,3096,1486,3060,2274,1158,812,2232,1001,3031,2287,2615,3161,2090,320,2281,1187,2655,2608,1234]","[234,1511,2813,1333,344,2802,567,424,2792,838,394,2721,1642,709,319,1131,306,1611,1545,520,1005,2076,900,3169,1986,1517,2486,704,1088,425,2374,1391,1103,341,2594,2414,2746,2955,2892,2500,705,1082]","[234,1511,2813,1333,344,2802,567,424,2792,838,394,2721,1642,709,319,1131,306,1611,1545,520,1005,2076,900,3169,1986,1517,2486,704,1088,425,2374,973,2312,585,3096,1486,3060,2274,1158,812,2232,1001,3031,2287,2615,3161,2090,320,2281,1187,2655,2608,1234]",0.9164545966974428,0.916282227258346,0.7956171604906955,"[234,1511,2813,1333,344,2802,567,424,2792,838,394,2721,1642,709,319,1131,306,1611,1545,520,1005,2076,900,3169,1986,1517,2486,704,1088,425,2374,1391,1103,341,2594,2414,2746,2955,2892,2500,705,1082]",0.8852207330791393,0.8878464317020337,0.7654544867980275,0.9079191877903388,0.9202196023332702,0.7978286631305754,0.8849419259432558,0.8520116429242929,0.7221732540028674,Real-data scores measure agreement with the configured coarse curated reference; they are not absolute biological ground truth.,0.6677614908792019,0.6910214256274165,0.9020460423470636,0.8449916086377376,0.7701024343269655,0.3316899603300094,0.2907379324914457,15,12,"{""C1QA"": 0.26534044576557875, ""C1QB"": 0.14297950788307798, ""CCR2"": -0.10000865896580088, ""CD1C"": 0.24890490264400206, ""CD74"": 0.6593253288740004, ""CLEC10A"": 0.3161523634892655, ""CLEC5A"": -0.2124610263998172, ""CSF1R"": 0.4611428839503104, ""FCGR3A"": 0.4973590702938328, ""PKIB"": 0.1882656711383096, ""RETN"": -0.31613541921731275, ""SELL"": -0.5722042453388049}",success,,official R dyneval on exported dynwrap trajectories,"Saelens et al., Nature Biotechnology (2019), doi:10.1038/s41587-019-0071-9",v2.0,4.6.1,0.9.9,1.3.0,1.0.1,1.1.0,daeb26af7d40c21b32283af31beb17a8ee8c3c6f,319bcfe3a0e38af45f368d2a53146165416d1a8a,b6fa729b1bc531e179aec3f3d7aa14cd8ef2015e,63fb255c894df1ba6d72b50bd0fb02d78bcee2af,0.0,1.0,0.0,0.9491810095358376,True,True,True,raw_counts_common_hvg2000_pca50_neighbors15_umap3,10,exclude_labels|normalize_total|log1p|highly_variable_genes|set_raw|subset_highly_variable|scale|pca|neighbors|umap,87,3264x19089,3264x2000,"{""completed_before_inference"": true, ""input_shape"": [3264, 19089], ""input_x_max"": 1054.0, ""input_x_min"": 1.0, ""model_coordinate_key_ready"": true, ""output_shape"": [3264, 2000], ""plot_coordinate_key_ready"": true, ""profile"": ""raw_counts_common_hvg2000_pca50_neighbors15_umap3"", ""random_seed"": 87, ""steps"": [{""operation"": ""exclude_labels"", ""parameters"": {""values"": []}, ""status"": ""applied""}, {""operation"": ""normalize_total"", ""parameters"": {""target_sum"": 10000.0}, ""status"": ""applied""}, {""operation"": ""log1p"", ""parameters"": {}, ""status"": ""applied""}, {""operation"": ""highly_variable_genes"", ""parameters"": {""flavor"": ""seurat"", ""n_top_genes"": 2000}, ""status"": ""applied""}, {""operation"": ""set_raw"", ""parameters"": {}, ""status"": ""applied""}, {""operation"": ""subset_highly_variable"", ""parameters"": {}, ""status"": ""applied""}, {""operation"": ""scale"", ""parameters"": {""max_value"": 10.0}, ""status"": ""applied""}, {""operation"": ""pca"", ""parameters"": {""n_comps"": 50, ""random_state"": 0, ""svd_solver"": ""arpack"", ""use_highly_variable"": false, ""zero_center"": true}, ""status"": ""applied""}, {""operation"": ""neighbors"", ""parameters"": {""method"": ""umap"", ""metric"": ""euclidean"", ""n_neighbors"": 15, ""n_pcs"": 30, ""random_state"": 0, ""use_rep"": ""X_pca""}, ""status"": ""applied""}, {""operation"": ""umap"", ""parameters"": {""min_dist"": 0.3, ""n_components"": 3, ""preserve_existing"": false, ""random_state"": 0}, ""status"": ""applied""}]}"
47,88,88,20,curated_reference_real,curated_annotation_literature_lineage_graph,2,68,0.001197875800524,0.979815279570364,76,65.60201299999608,73.29691660002572,138.8989296000218,34.47647850000067,1330.99609375,543.27734375,"[234,523,1315,1818,1499,779,287,764,917,2489,1448,2194,79,3187,408,505,794,1916,536,1796,1037,546,1688,1096,1893,296,3258,2260,76,1629,3205,981,1762,1657,578,1888,2347,361,622,272,70,2429,1158,2965,2726,3180,1165,2535,1451,1273,1773,1473,832,1074,254,1965,1234]","[234,523,1315,1818,1499,779,287,764,917,2489,1448,2194,79,3187,408,505,794,1916,536,1796,1037,546,1688,1096,1893,296,3258,2260,76,1629,3205,981,1762,400,470,1804,2013,1424,2746,954,1418,191,465,1082]","[234,523,1315,1818,1499,779,287,764,917,2489,1448,2194,79,3187,408,505,794,1916,536,1796,1037,546,1688,1096,1893,296,3258,2260,76,1629,3205,981,1762,1657,578,1888,2347,361,622,272,70,2429,1158,2965,2726,3180,1165,2535,1451,1273,1773,1473,832,1074,254,1965,1234]",0.9120194018369212,0.9115950431848304,0.790270268459283,"[234,523,1315,1818,1499,779,287,764,917,2489,1448,2194,79,3187,408,505,794,1916,536,1796,1037,546,1688,1096,1893,296,3258,2260,76,1629,3205,981,1762,400,470,1804,2013,1424,2746,954,1418,191,465,1082]",0.8796420291229425,0.8809035756911922,0.7599268995892452,0.865012737006638,0.8641898058248856,0.7369271618417624,0.8535098663549714,0.810707688574313,0.6840042685955198,Real-data scores measure agreement with the configured coarse curated reference; they are not absolute biological ground truth.,0.7459220180416013,0.6904693281671556,0.8882095401004524,0.881130337240656,0.7967982130658472,0.3195247115407493,0.2790866295734153,15,12,"{""C1QA"": 0.2573016169085425, ""C1QB"": 0.14227709010131087, ""CCR2"": -0.13323603682529303, ""CD1C"": 0.22011003708012084, ""CD74"": 0.608153873355221, ""CLEC10A"": 0.3008716422382883, ""CLEC5A"": -0.20126409041001936, ""CSF1R"": 0.44511503400512736, ""FCGR3A"": 0.4927047231482223, ""PKIB"": 0.1743766682411491, ""RETN"": -0.3090528948279512, ""SELL"": -0.549832831347746}",success,,official R dyneval on exported dynwrap trajectories,"Saelens et al., Nature Biotechnology (2019), doi:10.1038/s41587-019-0071-9",v2.0,4.6.1,0.9.9,1.3.0,1.0.1,1.1.0,daeb26af7d40c21b32283af31beb17a8ee8c3c6f,319bcfe3a0e38af45f368d2a53146165416d1a8a,b6fa729b1bc531e179aec3f3d7aa14cd8ef2015e,63fb255c894df1ba6d72b50bd0fb02d78bcee2af,0.0,1.0,0.0,0.9599271939411048,True,True,True,raw_counts_common_hvg2000_pca50_neighbors15_umap3,10,exclude_labels|normalize_total|log1p|highly_variable_genes|set_raw|subset_highly_variable|scale|pca|neighbors|umap,88,3264x19089,3264x2000,"{""completed_before_inference"": true, ""input_shape"": [3264, 19089], ""input_x_max"": 1054.0, ""input_x_min"": 1.0, ""model_coordinate_key_ready"": true, ""output_shape"": [3264, 2000], ""plot_coordinate_key_ready"": true, ""profile"": ""raw_counts_common_hvg2000_pca50_neighbors15_umap3"", ""random_seed"": 88, ""steps"": [{""operation"": ""exclude_labels"", ""parameters"": {""values"": []}, ""status"": ""applied""}, {""operation"": ""normalize_total"", ""parameters"": {""target_sum"": 10000.0}, ""status"": ""applied""}, {""operation"": ""log1p"", ""parameters"": {}, ""status"": ""applied""}, {""operation"": ""highly_variable_genes"", ""parameters"": {""flavor"": ""seurat"", ""n_top_genes"": 2000}, ""status"": ""applied""}, {""operation"": ""set_raw"", ""parameters"": {}, ""status"": ""applied""}, {""operation"": ""subset_highly_variable"", ""parameters"": {}, ""status"": ""applied""}, {""operation"": ""scale"", ""parameters"": {""max_value"": 10.0}, ""status"": ""applied""}, {""operation"": ""pca"", ""parameters"": {""n_comps"": 50, ""random_state"": 0, ""svd_solver"": ""arpack"", ""use_highly_variable"": false, ""zero_center"": true}, ""status"": ""applied""}, {""operation"": ""neighbors"", ""parameters"": {""method"": ""umap"", ""metric"": ""euclidean"", ""n_neighbors"": 15, ""n_pcs"": 30, ""random_state"": 0, ""use_rep"": ""X_pca""}, ""status"": ""applied""}, {""operation"": ""umap"", ""parameters"": {""min_dist"": 0.3, ""n_components"": 3, ""preserve_existing"": false, ""random_state"": 0}, ""status"": ""applied""}]}"
48,89,89,20,curated_reference_real,curated_annotation_literature_lineage_graph,2,58,0.0008282205475859,0.978054096040712,4,63.28283459995873,74.88598479999928,138.168819399958,34.66323339997325,1332.66015625,545.0859375,"[234,745,2321,462,2370,4,474,3198,2130,1180,919,1224,2978,1340,534,129,1910,982,149,202,1603,1099,802,918,2821,2467,3024,1075,487,633,2121,1518,2988,2274,1206,1378,377,2756,500,1343,1065,2170,1124,1025,3176,1475,1234]","[234,745,2321,462,2370,4,474,3198,2130,1180,919,1224,2978,1340,534,129,1910,982,149,202,1603,1099,802,918,1192,1997,2562,305,571,1901,2069,572,191,2995,1082]","[234,745,2321,462,2370,4,474,3198,2130,1180,919,1224,2978,1340,534,129,1910,982,149,202,1603,1099,802,918,2821,2467,3024,1075,487,633,2121,1518,2988,2274,1206,1378,377,2756,500,1343,1065,2170,1124,1025,3176,1475,1234]",0.9219042711318788,0.9219042754331817,0.8024015756599974,"[234,745,2321,462,2370,4,474,3198,2130,1180,919,1224,2978,1340,534,129,1910,982,149,202,1603,1099,802,918,1192,1997,2562,305,571,1901,2069,572,191,2995,1082]",0.902574783636162,0.9063269671749656,0.7842997197629029,0.9115793261678156,0.9156480695256796,0.7938183642944012,0.8697389200306258,0.8503814135519538,0.7204846906707468,Real-data scores measure agreement with the configured coarse curated reference; they are not absolute biological ground truth.,0.728669383662054,0.6359655169917247,0.8991531366366236,0.8546938620053841,0.7725063976274598,0.3276877562844136,0.2898391715644799,15,12,"{""C1QA"": 0.2648804631562076, ""C1QB"": 0.1433583358891732, ""CCR2"": -0.11195384047712874, ""CD1C"": 0.24053458440842995, ""CD74"": 0.6395989726227291, ""CLEC10A"": 0.3147978799727523, ""CLEC5A"": -0.2038289223244031, ""CSF1R"": 0.450641315796637, ""FCGR3A"": 0.4980261054732949, ""PKIB"": 0.184720127687792, ""RETN"": -0.3177104400433732, ""SELL"": -0.5622020875610431}",success,,official R dyneval on exported dynwrap trajectories,"Saelens et al., Nature Biotechnology (2019), doi:10.1038/s41587-019-0071-9",v2.0,4.6.1,0.9.9,1.3.0,1.0.1,1.1.0,daeb26af7d40c21b32283af31beb17a8ee8c3c6f,319bcfe3a0e38af45f368d2a53146165416d1a8a,b6fa729b1bc531e179aec3f3d7aa14cd8ef2015e,63fb255c894df1ba6d72b50bd0fb02d78bcee2af,0.0,1.0,0.0,0.946193025886776,True,True,True,raw_counts_common_hvg2000_pca50_neighbors15_umap3,10,exclude_labels|normalize_total|log1p|highly_variable_genes|set_raw|subset_highly_variable|scale|pca|neighbors|umap,89,3264x19089,3264x2000,"{""completed_before_inference"": true, ""input_shape"": [3264, 19089], ""input_x_max"": 1054.0, ""input_x_min"": 1.0, ""model_coordinate_key_ready"": true, ""output_shape"": [3264, 2000], ""plot_coordinate_key_ready"": true, ""profile"": ""raw_counts_common_hvg2000_pca50_neighbors15_umap3"", ""random_seed"": 89, ""steps"": [{""operation"": ""exclude_labels"", ""parameters"": {""values"": []}, ""status"": ""applied""}, {""operation"": ""normalize_total"", ""parameters"": {""target_sum"": 10000.0}, ""status"": ""applied""}, {""operation"": ""log1p"", ""parameters"": {}, ""status"": ""applied""}, {""operation"": ""highly_variable_genes"", ""parameters"": {""flavor"": ""seurat"", ""n_top_genes"": 2000}, ""status"": ""applied""}, {""operation"": ""set_raw"", ""parameters"": {}, ""status"": ""applied""}, {""operation"": ""subset_highly_variable"", ""parameters"": {}, ""status"": ""applied""}, {""operation"": ""scale"", ""parameters"": {""max_value"": 10.0}, ""status"": ""applied""}, {""operation"": ""pca"", ""parameters"": {""n_comps"": 50, ""random_state"": 0, ""svd_solver"": ""arpack"", ""use_highly_variable"": false, ""zero_center"": true}, ""status"": ""applied""}, {""operation"": ""neighbors"", ""parameters"": {""method"": ""umap"", ""metric"": ""euclidean"", ""n_neighbors"": 15, ""n_pcs"": 30, ""random_state"": 0, ""use_rep"": ""X_pca""}, ""status"": ""applied""}, {""operation"": ""umap"", ""parameters"": {""min_dist"": 0.3, ""n_components"": 3, ""preserve_existing"": false, ""random_state"": 0}, ""status"": ""applied""}]}"
49,90,90,20,curated_reference_real,curated_annotation_literature_lineage_graph,2,61,0.0011507796410965,0.9854564423881794,109,65.56496449996484,65.29119620000711,130.85616069997195,33.59857120004017,1332.8671875,544.44140625,"[234,2888,551,2820,1544,2993,109,748,1669,2629,295,1745,2132,2998,352,3041,427,2647,3061,579,3171,958,2205,1012,2327,1311,1192,2060,2372,1824,2374,1888,1772,146,1655,1754,3129,2037,1512,1450,2232,3100,2615,2921,2163,508,772,2749,2391,1182,1234]","[234,2888,551,2820,1544,2993,109,748,1669,2629,295,1745,2132,2998,352,3041,427,2647,3061,579,3171,958,2205,1012,2327,1311,1192,2860,305,327,1621,2908,2955,687,2500,705,1082]","[234,2888,551,2820,1544,2993,109,748,1669,2629,295,1745,2132,2998,352,3041,427,2647,3061,579,3171,958,2205,1012,2327,1311,1192,2060,2372,1824,2374,1888,1772,146,1655,1754,3129,2037,1512,1450,2232,3100,2615,2921,2163,508,772,2749,2391,1182,1234]",0.9197697141625988,0.9197697164839396,0.7995120492316395,"[234,2888,551,2820,1544,2993,109,748,1669,2629,295,1745,2132,2998,352,3041,427,2647,3061,579,3171,958,2205,1012,2327,1311,1192,2860,305,327,1621,2908,2955,687,2500,705,1082]",0.9119227414232745,0.9153348228041136,0.7941225539113158,0.9120685997531136,0.9166568654297926,0.7946943755713751,0.8803048380686331,0.8457771321409948,0.7160963492248115,Real-data scores measure agreement with the configured coarse curated reference; they are not absolute biological ground truth.,0.7127742759313083,0.6376314463529947,0.9002615967848612,0.8616784984639049,0.7705643832613982,0.3296554936965085,0.2855205545877943,15,12,"{""C1QA"": 0.2636975180239286, ""C1QB"": 0.14357671138881015, ""CCR2"": -0.12237437639078126, ""CD1C"": 0.2361576004805502, ""CD74"": 0.638983621646176, ""CLEC10A"": 0.30734359115166, ""CLEC5A"": -0.209637962780916, ""CSF1R"": 0.45134045769603565, ""FCGR3A"": 0.5000021548989473, ""PKIB"": 0.18039136273780945, ""RETN"": -0.3260164613340688, ""SELL"": -0.576344105828419}",success,,official R dyneval on exported dynwrap trajectories,"Saelens et al., Nature Biotechnology (2019), doi:10.1038/s41587-019-0071-9",v2.0,4.6.1,0.9.9,1.3.0,1.0.1,1.1.0,daeb26af7d40c21b32283af31beb17a8ee8c3c6f,319bcfe3a0e38af45f368d2a53146165416d1a8a,b6fa729b1bc531e179aec3f3d7aa14cd8ef2015e,63fb255c894df1ba6d72b50bd0fb02d78bcee2af,0.0,1.0,0.0,0.936852333886788,True,True,True,raw_counts_common_hvg2000_pca50_neighbors15_umap3,10,exclude_labels|normalize_total|log1p|highly_variable_genes|set_raw|subset_highly_variable|scale|pca|neighbors|umap,90,3264x19089,3264x2000,"{""completed_before_inference"": true, ""input_shape"": [3264, 19089], ""input_x_max"": 1054.0, ""input_x_min"": 1.0, ""model_coordinate_key_ready"": true, ""output_shape"": [3264, 2000], ""plot_coordinate_key_ready"": true, ""profile"": ""raw_counts_common_hvg2000_pca50_neighbors15_umap3"", ""random_seed"": 90, ""steps"": [{""operation"": ""exclude_labels"", ""parameters"": {""values"": []}, ""status"": ""applied""}, {""operation"": ""normalize_total"", ""parameters"": {""target_sum"": 10000.0}, ""status"": ""applied""}, {""operation"": ""log1p"", ""parameters"": {}, ""status"": ""applied""}, {""operation"": ""highly_variable_genes"", ""parameters"": {""flavor"": ""seurat"", ""n_top_genes"": 2000}, ""status"": ""applied""}, {""operation"": ""set_raw"", ""parameters"": {}, ""status"": ""applied""}, {""operation"": ""subset_highly_variable"", ""parameters"": {}, ""status"": ""applied""}, {""operation"": ""scale"", ""parameters"": {""max_value"": 10.0}, ""status"": ""applied""}, {""operation"": ""pca"", ""parameters"": {""n_comps"": 50, ""random_state"": 0, ""svd_solver"": ""arpack"", ""use_highly_variable"": false, ""zero_center"": true}, ""status"": ""applied""}, {""operation"": ""neighbors"", ""parameters"": {""method"": ""umap"", ""metric"": ""euclidean"", ""n_neighbors"": 15, ""n_pcs"": 30, ""random_state"": 0, ""use_rep"": ""X_pca""}, ""status"": ""applied""}, {""operation"": ""umap"", ""parameters"": {""min_dist"": 0.3, ""n_components"": 3, ""preserve_existing"": false, ""random_state"": 0}, ""status"": ""applied""}]}"
50,91,91,20,curated_reference_real,curated_annotation_literature_lineage_graph,2,66,0.0014635058460444,0.9821746943988008,110,64.71641039999668,75.421641599969,140.13805199996568,34.38388149999082,1332.609375,544.62109375,"[234,523,2737,934,2752,539,806,2876,2772,669,394,2890,988,2400,1028,1126,1493,355,799,1505,110,2837,1094,2240,708,1057,726,2681,1594,2060,2167,1824,73,1772,2933,2944,1781,2424,1189,2300,2215,33,377,3163,1300,1690,2606,6,2385,3092,2728,2679,2990,1823,1234]","[234,523,2737,934,2752,539,806,2876,2772,669,394,2890,988,2400,1028,1126,1493,355,799,1505,110,2837,1094,2240,708,1057,726,2681,1594,2060,2291,2860,3070,1617,2085,1171,2952,687,191,705,1082]","[234,523,2737,934,2752,539,806,2876,2772,669,394,2890,988,2400,1028,1126,1493,355,799,1505,110,2837,1094,2240,708,1057,726,2681,1594,2060,2167,1824,73,1772,2933,2944,1781,2424,1189,2300,2215,33,377,3163,1300,1690,2606,6,2385,3092,2728,2679,2990,1823,1234]",0.9258317913378132,0.9258317893464784,0.8053010073939513,"[234,523,2737,934,2752,539,806,2876,2772,669,394,2890,988,2400,1028,1126,1493,355,799,1505,110,2837,1094,2240,708,1057,726,2681,1594,2060,2291,2860,3070,1617,2085,1171,2952,687,191,705,1082]",0.8882165083599579,0.8925380829012887,0.7675370232372581,0.8889770374005349,0.8961050921176373,0.7718170420634198,0.859060956097425,0.7901594824878835,0.6665234772929166,Real-data scores measure agreement with the configured coarse curated reference; they are not absolute biological ground truth.,0.707487910467091,0.6501974278010624,0.8980370823838985,0.8796480580788213,0.7764113440055792,0.3239886618926099,0.2828480986709694,15,12,"{""C1QA"": 0.2643232814577165, ""C1QB"": 0.14529268166908882, ""CCR2"": -0.1312897312037399, ""CD1C"": 0.23071421708715786, ""CD74"": 0.6065704673546252, ""CLEC10A"": 0.3013729158842222, ""CLEC5A"": -0.21105845636424658, ""CSF1R"": 0.4346419784236834, ""FCGR3A"": 0.49421102838315717, ""PKIB"": 0.17966073916164665, ""RETN"": -0.3239121043353159, ""SELL"": -0.5648163413867179}",success,,official R dyneval on exported dynwrap trajectories,"Saelens et al., Nature Biotechnology (2019), doi:10.1038/s41587-019-0071-9",v2.0,4.6.1,0.9.9,1.3.0,1.0.1,1.1.0,daeb26af7d40c21b32283af31beb17a8ee8c3c6f,319bcfe3a0e38af45f368d2a53146165416d1a8a,b6fa729b1bc531e179aec3f3d7aa14cd8ef2015e,63fb255c894df1ba6d72b50bd0fb02d78bcee2af,0.0,1.0,0.0,0.9351128414676536,True,True,True,raw_counts_common_hvg2000_pca50_neighbors15_umap3,10,exclude_labels|normalize_total|log1p|highly_variable_genes|set_raw|subset_highly_variable|scale|pca|neighbors|umap,91,3264x19089,3264x2000,"{""completed_before_inference"": true, ""input_shape"": [3264, 19089], ""input_x_max"": 1054.0, ""input_x_min"": 1.0, ""model_coordinate_key_ready"": true, ""output_shape"": [3264, 2000], ""plot_coordinate_key_ready"": true, ""profile"": ""raw_counts_common_hvg2000_pca50_neighbors15_umap3"", ""random_seed"": 91, ""steps"": [{""operation"": ""exclude_labels"", ""parameters"": {""values"": []}, ""status"": ""applied""}, {""operation"": ""normalize_total"", ""parameters"": {""target_sum"": 10000.0}, ""status"": ""applied""}, {""operation"": ""log1p"", ""parameters"": {}, ""status"": ""applied""}, {""operation"": ""highly_variable_genes"", ""parameters"": {""flavor"": ""seurat"", ""n_top_genes"": 2000}, ""status"": ""applied""}, {""operation"": ""set_raw"", ""parameters"": {}, ""status"": ""applied""}, {""operation"": ""subset_highly_variable"", ""parameters"": {}, ""status"": ""applied""}, {""operation"": ""scale"", ""parameters"": {""max_value"": 10.0}, ""status"": ""applied""}, {""operation"": ""pca"", ""parameters"": {""n_comps"": 50, ""random_state"": 0, ""svd_solver"": ""arpack"", ""use_highly_variable"": false, ""zero_center"": true}, ""status"": ""applied""}, {""operation"": ""neighbors"", ""parameters"": {""method"": ""umap"", ""metric"": ""euclidean"", ""n_neighbors"": 15, ""n_pcs"": 30, ""random_state"": 0, ""use_rep"": ""X_pca""}, ""status"": ""applied""}, {""operation"": ""umap"", ""parameters"": {""min_dist"": 0.3, ""n_components"": 3, ""preserve_existing"": false, ""random_state"": 0}, ""status"": ""applied""}]}"
